p12,p13,p14,p23,p24,p34,x_num,y_num,den,delta1_num,delta1_den,delta2_num,delta2_den,delta3_num,delta3_den,delta4_num,delta4_den,A_bound,B_bound
0,0,0,1,-30,-2,3,2,7,5,28,5,28,5,28,1,28,83,2
0,0,0,1,-28,-20,1,1,3,1,12,1,12,1,12,1,12,167,5
0,0,0,1,-28,-2,1,1,3,1,12,1,12,1,12,1,12,167,5
0,0,0,1,-27,-2,4,4,13,3,52,7,52,3,52,3,52,233,8
0,0,0,1,-26,-2,1,1,3,1,12,1,12,1,12,1,12,155,5
0,0,0,1,-25,-2,1,1,3,1,12,1,12,1,12,1,12,149,5
0,0,0,1,-24,-7,5,5,14,3,28,1,4,5,28,3,28,67,4
0,0,0,1,-24,-2,4,4,13,3,52,7,52,7,52,3,52,89,8
0,0,0,1,-23,-2,1,1,3,1,12,1,12,1,12,1,12,137,5
0,0,0,1,-22,-16,1,1,3,1,12,1,12,1,12,1,12,131,5
0,0,0,1,-22,-2,1,1,3,1,12,1,12,1,12,1,12,131,5
0,0,0,1,-21,-2,3,3,10,1,20,3,20,1,20,1,20,209,9
0,0,0,1,-20,-14,1,1,3,1,12,1,12,1,12,1,12,119,5
0,0,0,1,-20,-12,2,2,7,1,28,5,28,1,28,1,28,279,13
0,0,0,1,-20,-10,1,1,3,1,12,1,12,1,12,1,12,119,5
0,0,0,1,-20,-4,1,1,3,1,12,1,12,1,12,1,12,119,5
0,0,0,1,-20,-2,1,1,3,1,12,1,12,1,12,1,12,119,5
0,0,0,1,-19,-2,1,1,3,1,12,1,12,1,12,1,12,113,5
0,0,0,1,-18,-9,3,3,10,1,20,1,20,3,20,1,20,89,9
0,0,0,1,-18,-7,4,4,11,5,44,9,44,9,44,5,44,43,4
0,0,0,1,-18,-5,3,3,10,1,20,1,4,3,20,1,20,59,9
0,0,0,1,-18,-4,2,3,7,1,28,1,28,1,28,5,28,251,13
0,0,0,1,-18,-2,3,3,10,1,20,3,20,3,20,1,20,59,9
0,0,0,1,-17,-2,1,1,3,1,12,1,12,1,12,1,12,101,5
0,0,0,1,-16,-13,1,1,3,1,12,1,12,1,12,1,12,95,5
0,0,0,1,-16,-12,2,2,7,1,28,5,28,5,28,1,28,44,13
0,0,0,1,-16,-10,1,1,3,1,12,1,12,1,12,1,12,95,5
0,0,0,1,-16,-8,1,1,3,1,12,1,12,1,12,1,12,95,5
0,0,0,1,-16,-5,1,1,3,1,12,1,12,1,12,1,12,95,5
0,0,0,1,-16,-4,1,1,3,1,12,1,12,1,12,1,12,95,5
0,0,0,1,-16,-2,1,1,3,1,12,1,12,1,12,1,12,95,5
0,0,0,1,-15,-4,2,3,7,1,28,1,28,5,28,5,28,55,13
0,0,0,1,-15,-2,2,2,7,1,28,5,28,1,28,1,28,209,13
0,0,0,1,-14,-11,1,1,3,1,12,1,12,1,12,1,12,83,5
0,0,0,1,-14,-10,1,1,3,1,12,1,12,1,12,1,12,83,5
0,0,0,1,-14,-8,1,1,3,1,12,1,12,1,12,1,12,83,5
0,0,0,1,-14,-7,1,1,3,1,12,1,12,1,12,1,12,83,5
0,0,0,1,-14,-5,1,1,3,1,12,1,12,1,12,1,12,83,5
0,0,0,1,-14,-4,1,1,3,1,12,1,12,1,12,1,12,83,5
0,0,0,1,-14,-2,1,1,3,1,12,1,12,1,12,1,12,83,5
0,0,0,1,-13,-10,1,1,3,1,12,1,12,1,12,1,12,77,5
0,0,0,1,-13,-4,1,1,3,1,12,1,12,1,12,1,12,77,5
0,0,0,1,-13,-2,1,1,3,1,12,1,12,1,12,1,12,77,5
0,0,0,1,-12,-9,2,2,7,1,28,5,28,5,28,1,28,33,13
0,0,0,1,-12,-8,2,2,7,1,28,1,28,5,28,1,28,111,13
0,0,0,1,-12,-6,2,2,7,1,28,1,28,5,28,1,28,83,13
0,0,0,1,-12,-5,2,2,7,1,28,5,28,5,28,1,28,33,13
0,0,0,1,-12,-4,3,3,8,1,8,1,4,1,4,1,8,23,3
0,0,0,1,-12,-3,3,4,9,1,12,1,12,1,12,7,36,71,5
0,0,0,1,-12,-2,2,2,7,1,28,5,28,5,28,1,28,33,13
0,0,0,1,-11,-8,1,1,3,1,12,1,12,1,12,1,12,65,5
0,0,0,1,-11,-4,1,1,3,1,12,1,12,1,12,1,12,65,5
0,0,0,1,-11,-2,1,1,3,1,12,1,12,1,12,1,12,65,5
0,0,0,1,-10,-8,1,1,3,1,12,1,12,1,12,1,12,59,5
0,0,0,1,-10,-7,1,1,3,1,12,1,12,1,12,1,12,59,5
0,0,0,1,-10,-6,2,3,7,1,28,5,28,1,28,5,28,139,13
0,0,0,1,-10,-5,1,1,3,1,12,1,12,1,12,1,12,59,5
0,0,0,1,-10,-4,1,1,3,1,12,1,12,1,12,1,12,59,5
0,0,0,1,-10,-3,2,3,7,1,28,1,28,1,28,5,28,139,13
0,0,0,1,-10,-2,1,1,3,1,12,1,12,1,12,1,12,59,5
0,0,0,1,-9,-6,2,2,5,3,20,3,20,3,20,3,20,29,3
0,0,0,1,-9,-4,2,2,5,3,20,3,20,3,20,3,20,29,3
0,0,0,1,-9,-2,2,2,7,1,28,5,28,5,28,1,28,25,13
0,0,0,1,-8,-6,2,2,7,1,28,1,28,1,28,1,28,111,13
0,0,0,1,-8,-5,1,1,3,1,12,1,12,1,12,1,12,47,5
0,0,0,1,-8,-4,1,1,3,1,12,1,12,1,12,1,12,47,5
0,0,0,1,-8,-3,2,3,7,1,28,1,28,5,28,5,28,41,13
0,0,0,1,-8,-2,1,1,3,1,12,1,12,1,12,1,12,47,5
0,0,0,1,-7,-4,1,1,3,1,12,1,12,1,12,1,12,41,5
0,0,0,1,-7,-2,1,1,3,1,12,1,12,1,12,1,12,41,5
0,0,0,1,-6,-4,2,2,5,3,20,3,20,3,20,3,20,19,3
0,0,0,1,-6,-3,2,3,7,1,28,1,28,5,28,5,28,41,13
0,0,0,1,-6,-2,2,2,7,1,28,5,28,1,28,1,28,83,13
0,0,0,1,-5,-2,1,1,3,1,12,1,12,1,12,1,12,29,5
0,0,0,1,-4,-2,1,1,3,1,12,1,12,1,12,1,12,23,5
0,0,0,2,-29,-4,1,1,3,1,12,1,12,1,12,1,12,173,5
0,0,0,2,-27,-4,2,1,6,1,12,1,12,1,4,1,12,53,5
0,0,0,2,-25,-14,1,1,3,1,12,1,12,1,12,1,12,149,5
0,0,0,2,-25,-4,1,1,3,1,12,1,12,1,12,1,12,149,5
0,0,0,2,-23,-4,1,1,3,1,12,1,12,1,12,1,12,137,5
0,0,0,2,-21,-9,2,1,6,1,12,1,4,1,4,1,12,41,5
0,0,0,2,-21,-4,2,1,6,1,12,1,12,1,4,1,12,41,5
0,0,0,2,-20,-17,1,1,3,1,12,1,12,1,12,1,12,119,5
0,0,0,2,-20,-3,2,1,6,1,12,1,4,1,12,1,12,119,5
0,0,0,2,-19,-10,1,1,3,1,12,1,12,1,12,1,12,113,5
0,0,0,2,-19,-8,1,1,3,1,12,1,12,1,12,1,12,113,5
0,0,0,2,-19,-4,1,1,3,1,12,1,12,1,12,1,12,113,5
0,0,0,2,-18,-9,2,1,7,1,28,1,28,5,28,1,28,125,13
0,0,0,2,-17,-14,1,1,3,1,12,1,12,1,12,1,12,101,5
0,0,0,2,-17,-10,1,1,3,1,12,1,12,1,12,1,12,101,5
0,0,0,2,-17,-8,1,1,3,1,12,1,12,1,12,1,12,101,5
0,0,0,2,-17,-4,1,1,3,1,12,1,12,1,12,1,12,101,5
0,0,0,2,-16,-13,1,1,3,1,12,1,12,1,12,1,12,95,5
0,0,0,2,-16,-3,2,1,6,1,12,1,4,1,12,1,12,95,5
0,0,0,2,-15,-9,2,1,6,1,12,1,4,1,4,1,12,29,5
0,0,0,2,-15,-8,2,1,6,1,12,1,12,1,4,1,12,47,5
0,0,0,2,-15,-7,3,2,9,1,12,7,36,1,12,7,36,89,5
0,0,0,2,-15,-4,2,1,6,1,12,1,12,1,4,1,12,29,5
0,0,0,2,-15,-3,2,1,6,1,12,1,4,1,4,1,12,29,5
0,0,0,2,-14,-11,1,1,3,1,12,1,12,1,12,1,12,83,5
0,0,0,2,-14,-7,1,1,3,1,12,1,12,1,12,1,12,83,5
0,0,0,2,-14,-3,2,1,6,1,12,1,4,1,12,1,12,83,5
0,0,0,2,-13,-10,1,1,3,1,12,1,12,1,12,1,12,77,5
0,0,0,2,-13,-8,1,1,3,1,12,1,12,1,12,1,12,77,5
0,0,0,2,-13,-7,1,1,3,1,12,1,12,1,12,1,12,77,5
0,0,0,2,-13,-6,2,2,7,1,28,1,28,1,28,5,28,181,13
0,0,0,2,-13,-5,1,1,3,1,12,1,12,1,12,1,12,77,5
0,0,0,2,-13,-4,1,1,3,1,12,1,12,1,12,1,12,77,5
0,0,0,2,-12,-11,2,1,7,1,28,5,28,1,28,1,28,167,13
0,0,0,2,-12,-9,2,1,7,1,28,1,28,1,28,1,28,167,13
0,0,0,2,-12,-3,2,1,5,3,20,3,20,3,20,3,20,39,3
0,0,0,2,-11,-10,1,1,3,1,12,1,12,1,12,1,12,65,5
0,0,0,2,-11,-8,1,1,3,1,12,1,12,1,12,1,12,65,5
0,0,0,2,-11,-6,3,2,9,1,12,1,12,7,36,7,36,35,5
0,0,0,2,-11,-5,1,1,3,1,12,1,12,1,12,1,12,65,5
0,0,0,2,-11,-4,1,1,3,1,12,1,12,1,12,1,12,65,5
0,0,0,2,-11,-3,2,1,7,1,28,5,28,5,28,1,28,30,13
0,0,0,2,-10,-9,2,1,6,1,12,1,4,1,12,1,12,59,5
0,0,0,2,-10,-7,1,1,3,1,12,1,12,1,12,1,12,59,5
0,0,0,2,-10,-5,1,1,3,1,12,1,12,1,12,1,12,59,5
0,0,0,2,-10,-3,2,1,6,1,12,1,4,1,12,1,12,59,5
0,0,0,2,-9,-8,2,1,6,1,12,1,12,1,4,1,12,47,5
0,0,0,2,-9,-6,2,2,7,1,28,1,28,5,28,5,28,83,13
0,0,0,2,-9,-5,2,1,7,1,28,1,28,1,28,1,28,125,13
0,0,0,2,-9,-4,2,1,6,1,12,1,12,1,4,1,12,23,5
0,0,0,2,-9,-3,2,1,6,1,12,1,4,1,4,1,12,17,5
0,0,0,2,-8,-7,1,1,3,1,12,1,12,1,12,1,12,47,5
0,0,0,2,-8,-5,1,1,3,1,12,1,12,1,12,1,12,47,5
0,0,0,2,-8,-3,2,1,5,3,20,3,20,3,20,3,20,26,3
0,0,0,2,-7,-6,3,2,9,1,12,1,12,7,36,7,36,35,5
0,0,0,2,-7,-4,1,1,3,1,12,1,12,1,12,1,12,41,5
0,0,0,2,-7,-3,2,1,5,3,20,3,20,3,20,3,20,23,3
0,0,0,2,-6,-5,2,2,7,1,28,5,28,1,28,5,28,83,13
0,0,0,2,-6,-3,3,2,9,1,12,1,12,1,12,7,36,35,5
0,0,0,2,-5,-4,1,1,3,1,12,1,12,1,12,1,12,29,5
0,0,0,2,-4,-3,2,1,6,1,12,1,4,1,12,1,12,23,5
0,0,0,3,-28,-6,3,4,9,1,12,1,12,7,36,1,12,71,5
0,0,0,3,-28,-4,2,1,6,1,12,1,12,1,12,1,4,167,5
0,0,0,3,-26,-6,3,4,9,1,12,1,12,7,36,1,12,66,5
0,0,0,3,-25,-6,3,2,9,1,12,1,12,7,36,1,12,64,5
0,0,0,3,-23,-6,3,1,9,1,12,1,12,7,36,1,12,59,5
0,0,0,3,-22,-6,2,3,7,1,28,5,28,5,28,1,28,61,13
0,0,0,3,-22,-4,2,1,6,1,12,1,12,1,12,1,4,131,5
0,0,0,3,-21,-10,2,1,6,1,12,1,12,1,4,1,4,59,5
0,0,0,3,-21,-4,2,1,6,1,12,1,12,1,4,1,4,41,5
0,0,0,3,-20,-12,3,1,8,1,8,1,4,1,4,1,8,39,3
0,0,0,3,-20,-10,2,1,6,1,12,1,12,1,12,1,4,119,5
0,0,0,3,-20,-6,2,3,7,1,28,5,28,5,28,1,28,55,13
0,0,0,3,-20,-4,2,1,6,1,12,1,12,1,12,1,4,119,5
0,0,0,3,-19,-6,3,4,9,1,12,1,12,7,36,1,12,48,5
0,0,0,3,-17,-6,2,3,7,1,28,5,28,1,28,1,28,237,13
0,0,0,3,-16,-15,2,1,6,1,12,1,4,1,12,1,4,95,5
0,0,0,3,-16,-12,2,1,7,1,28,1,28,1,28,5,28,223,13
0,0,0,3,-16,-8,2,1,6,1,12,1,12,1,12,1,4,95,5
0,0,0,3,-16,-7,3,2,9,1,12,7,36,7,36,1,12,41,5
0,0,0,3,-16,-6,3,2,9,1,12,1,12,7,36,1,12,41,5
0,0,0,3,-16,-4,2,1,6,1,12,1,12,1,12,1,4,95,5
0,0,0,3,-15,-14,2,1,6,1,12,1,12,1,4,1,4,83,5
0,0,0,3,-15,-8,2,1,6,1,12,1,12,1,4,1,4,47,5
0,0,0,3,-15,-4,2,1,6,1,12,1,12,1,4,1,4,29,5
0,0,0,3,-14,-13,3,1,9,1,12,7,36,7,36,1,12,35,5
0,0,0,3,-14,-12,3,1,9,1,12,1,12,7,36,1,12,71,5
0,0,0,3,-14,-7,3,1,10,1,20,1,20,3,20,1,20,69,9
0,0,0,3,-14,-6,3,1,9,1,12,1,12,7,36,1,12,35,5
0,0,0,3,-14,-5,3,1,9,1,12,7,36,7,36,1,12,35,5
0,0,0,3,-14,-4,2,1,6,1,12,1,12,1,12,1,4,83,5
0,0,0,3,-13,-12,2,1,5,3,20,3,20,3,20,3,20,43,3
0,0,0,3,-13,-6,2,3,7,1,28,5,28,5,28,1,28,41,13
0,0,0,3,-13,-4,2,3,7,1,28,1,28,5,28,1,28,55,13
0,0,0,3,-12,-11,2,1,7,1,28,5,28,1,28,5,28,167,13
0,0,0,3,-12,-10,2,1,7,1,28,5,28,1,28,5,28,167,13
0,0,0,3,-12,-8,2,1,5,3,20,3,20,3,20,3,20,39,3
0,0,0,3,-12,-7,2,1,5,3,20,3,20,3,20,3,20,39,3
0,0,0,3,-12,-5,2,1,7,1,28,1,28,1,28,5,28,167,13
0,0,0,3,-12,-4,2,1,7,1,28,5,28,1,28,5,28,167,13
0,0,0,3,-11,-10,2,1,7,1,28,5,28,5,28,5,28,30,13
0,0,0,3,-11,-6,2,3,7,1,28,5,28,1,28,1,28,153,13
0,0,0,3,-10,-9,2,1,6,1,12,1,4,1,12,1,4,59,5
0,0,0,3,-10,-8,2,1,6,1,12,1,12,1,12,1,4,59,5
0,0,0,3,-10,-6,2,3,7,1,28,5,28,1,28,1,28,139,13
0,0,0,3,-10,-5,2,1,7,1,28,1,28,5,28,5,28,69,13
0,0,0,3,-10,-4,2,1,6,1,12,1,12,1,12,1,4,59,5
0,0,0,3,-9,-8,2,1,6,1,12,1,12,1,4,1,4,47,5
0,0,0,3,-9,-4,2,1,6,1,12,1,12,1,4,1,4,23,5
0,0,0,3,-8,-7,2,1,5,3,20,3,20,3,20,3,20,26,3
0,0,0,3,-8,-6,2,3,7,1,28,5,28,5,28,1,28,41,13
0,0,0,3,-8,-4,2,1,6,1,12,1,12,1,12,1,4,47,5
0,0,0,3,-7,-6,3,2,9,1,12,1,12,7,36,1,12,35,5
0,0,0,3,-6,-5,3,1,9,1,12,7,36,1,12,1,12,35,5
0,0,0,3,-6,-4,2,3,7,1,28,1,28,5,28,1,28,55,13
0,0,0,3,-5,-4,2,1,7,1,28,5,28,1,28,5,28,69,13
0,0,0,4,-29,-8,1,1,3,1,12,1,12,1,12,1,12,173,5
0,0,0,4,-28,-17,1,1,3,1,12,1,12,1,12,1,12,167,5
0,0,0,4,-28,-11,1,1,3,1,12,1,12,1,12,1,12,167,5
0,0,0,4,-27,-8,2,1,6,1,12,1,12,1,4,1,12,53,5
0,0,0,4,-25,-22,1,1,3,1,12,1,12,1,12,1,12,149,5
0,0,0,4,-25,-8,1,1,3,1,12,1,12,1,12,1,12,149,5
0,0,0,4,-23,-8,1,1,3,1,12,1,12,1,12,1,12,137,5
0,0,0,4,-22,-19,1,1,3,1,12,1,12,1,12,1,12,131,5
0,0,0,4,-21,-8,2,1,6,1,12,1,12,1,4,1,12,47,5
0,0,0,4,-20,-17,1,1,3,1,12,1,12,1,12,1,12,119,5
0,0,0,4,-20,-13,1,1,3,1,12,1,12,1,12,1,12,119,5
0,0,0,4,-20,-11,1,1,3,1,12,1,12,1,12,1,12,119,5
0,0,0,4,-20,-9,2,1,6,1,12,1,4,1,12,1,12,119,5
0,0,0,4,-20,-7,1,1,3,1,12,1,12,1,12,1,12,119,5
0,0,0,4,-19,-18,2,1,7,1,28,5,28,1,28,5,28,265,13
0,0,0,4,-19,-16,1,1,3,1,12,1,12,1,12,1,12,113,5
0,0,0,4,-19,-8,1,1,3,1,12,1,12,1,12,1,12,113,5
0,0,0,4,-18,-17,2,1,7,1,28,5,28,5,28,5,28,50,13
0,0,0,4,-18,-9,2,1,7,1,28,1,28,5,28,5,28,125,13
0,0,0,4,-17,-16,1,1,3,1,12,1,12,1,12,1,12,101,5
0,0,0,4,-17,-14,1,1,3,1,12,1,12,1,12,1,12,101,5
0,0,0,4,-17,-8,1,1,3,1,12,1,12,1,12,1,12,101,5
0,0,0,4,-17,-6,2,3,7,1,28,5,28,1,28,1,28,237,13
0,0,0,4,-16,-15,2,1,6,1,12,1,4,1,12,1,12,95,5
0,0,0,4,-16,-13,1,1,3,1,12,1,12,1,12,1,12,95,5
0,0,0,4,-16,-11,1,1,3,1,12,1,12,1,12,1,12,95,5
0,0,0,4,-16,-9,2,2,5,3,20,3,20,3,20,3,20,53,3
0,0,0,4,-16,-7,1,1,3,1,12,1,12,1,12,1,12,95,5
0,0,0,4,-16,-5,1,1,3,1,12,1,12,1,12,1,12,95,5
0,0,0,4,-15,-14,2,1,6,1,12,1,12,1,4,1,12,83,5
0,0,0,4,-15,-9,2,1,6,1,12,1,4,1,4,1,12,29,5
0,0,0,4,-15,-8,2,1,6,1,12,1,12,1,4,1,12,47,5
0,0,0,4,-14,-13,1,1,3,1,12,1,12,1,12,1,12,83,5
0,0,0,4,-14,-11,1,1,3,1,12,1,12,1,12,1,12,83,5
0,0,0,4,-14,-7,1,1,3,1,12,1,12,1,12,1,12,83,5
0,0,0,4,-13,-10,1,1,3,1,12,1,12,1,12,1,12,77,5
0,0,0,4,-13,-8,1,1,3,1,12,1,12,1,12,1,12,77,5
0,0,0,4,-13,-6,2,3,7,1,28,5,28,5,28,1,28,55,13
0,0,0,4,-12,-11,2,1,7,1,28,5,28,1,28,5,28,167,13
0,0,0,4,-12,-9,2,1,7,1,28,1,28,1,28,5,28,167,13
0,0,0,4,-12,-7,3,3,8,1,8,1,8,1,4,1,4,27,3
0,0,0,4,-12,-5,2,1,7,1,28,1,28,1,28,5,28,167,13
0,0,0,4,-11,-10,1,1,3,1,12,1,12,1,12,1,12,65,5
0,0,0,4,-11,-8,1,1,3,1,12,1,12,1,12,1,12,65,5
0,0,0,4,-11,-6,2,2,5,3,20,3,20,3,20,3,20,36,3
0,0,0,4,-11,-5,1,1,3,1,12,1,12,1,12,1,12,65,5
0,0,0,4,-10,-9,2,1,6,1,12,1,4,1,12,1,12,59,5
0,0,0,4,-10,-7,1,1,3,1,12,1,12,1,12,1,12,59,5
0,0,0,4,-10,-5,1,1,3,1,12,1,12,1,12,1,12,59,5
0,0,0,4,-9,-8,2,1,6,1,12,1,12,1,4,1,12,47,5
0,0,0,4,-9,-7,3,3,8,1,8,1,8,1,8,1,4,35,3
0,0,0,4,-9,-6,2,2,5,3,20,3,20,3,20,3,20,29,3
0,0,0,4,-8,-7,1,1,3,1,12,1,12,1,12,1,12,47,5
0,0,0,4,-8,-5,1,1,3,1,12,1,12,1,12,1,12,47,5
0,0,0,4,-7,-6,3,1,10,1,20,3,20,1,20,3,20,69,9
0,0,0,4,-7,-5,1,1,3,1,12,1,12,1,12,1,12,41,5
0,0,0,4,-6,-5,3,1,9,1,12,7,36,1,12,7,36,35,5
0,0,0,5,-28,-12,3,1,8,1,8,1,4,1,4,1,8,55,3
0,0,0,5,-28,-10,1,1,3,1,12,1,12,1,12,1,12,167,5
0,0,0,5,-27,-10,4,6,13,3,52,7,52,11,52,3,52,63,8
0,0,0,5,-26,-10,1,1,3,1,12,1,12,1,12,1,12,155,5
0,0,0,5,-24,-13,3,1,9,1,12,7,36,1,12,7,36,143,5
0,0,0,5,-24,-10,3,1,7,5,28,5,28,5,28,1,28,69,2
0,0,0,5,-23,-10,1,1,3,1,12,1,12,1,12,1,12,137,5
0,0,0,5,-22,-10,1,1,3,1,12,1,12,1,12,1,12,131,5
0,0,0,5,-22,-8,1,1,3,1,12,1,12,1,12,1,12,131,5
0,0,0,5,-21,-10,4,6,13,3,52,7,52,3,52,3,52,181,8
0,0,0,5,-19,-10,1,1,3,1,12,1,12,1,12,1,12,113,5
0,0,0,5,-18,-16,2,1,7,1,28,1,28,5,28,1,28,223,13
0,0,0,5,-18,-11,2,1,7,1,28,5,28,5,28,1,28,69,13
0,0,0,5,-18,-10,2,1,7,1,28,5,28,5,28,1,28,69,13
0,0,0,5,-18,-9,2,1,7,1,28,1,28,5,28,1,28,125,13
0,0,0,5,-17,-10,1,1,3,1,12,1,12,1,12,1,12,101,5
0,0,0,5,-16,-14,1,1,3,1,12,1,12,1,12,1,12,95,5
0,0,0,5,-16,-12,2,1,7,1,28,1,28,1,28,1,28,223,13
0,0,0,5,-16,-10,1,1,3,1,12,1,12,1,12,1,12,95,5
0,0,0,5,-16,-8,1,1,3,1,12,1,12,1,12,1,12,95,5
0,0,0,5,-16,-7,1,1,3,1,12,1,12,1,12,1,12,95,5
0,0,0,5,-14,-12,3,1,9,1,12,1,12,7,36,7,36,71,5
0,0,0,5,-14,-10,1,1,3,1,12,1,12,1,12,1,12,83,5
0,0,0,5,-14,-8,1,1,3,1,12,1,12,1,12,1,12,83,5
0,0,0,5,-14,-7,1,1,3,1,12,1,12,1,12,1,12,83,5
0,0,0,5,-14,-6,3,1,9,1,12,1,12,7,36,7,36,35,5
0,0,0,5,-13,-10,1,1,3,1,12,1,12,1,12,1,12,77,5
0,0,0,5,-13,-6,2,2,7,1,28,1,28,1,28,5,28,181,13
0,0,0,5,-12,-10,2,1,7,1,28,5,28,1,28,1,28,167,13
0,0,0,5,-12,-9,2,1,7,1,28,1,28,1,28,1,28,167,13
0,0,0,5,-12,-8,2,2,7,1,28,1,28,5,28,5,28,111,13
0,0,0,5,-12,-6,2,2,7,1,28,1,28,5,28,5,28,83,13
0,0,0,5,-11,-10,1,1,3,1,12,1,12,1,12,1,12,65,5
0,0,0,5,-10,-9,2,1,7,1,28,1,28,5,28,1,28,125,13
0,0,0,5,-10,-8,1,1,3,1,12,1,12,1,12,1,12,59,5
0,0,0,5,-10,-7,1,1,3,1,12,1,12,1,12,1,12,59,5
0,0,0,5,-10,-6,4,1,14,1,28,5,28,1,28,3,28,139,13
0,0,0,5,-9,-8,2,2,7,1,28,1,28,5,28,5,28,111,13
0,0,0,5,-9,-6,2,2,7,1,28,1,28,5,28,5,28,83,13
0,0,0,5,-8,-7,1,1,3,1,12,1,12,1,12,1,12,47,5
0,0,0,5,-8,-6,2,2,7,1,28,1,28,1,28,5,28,111,13
0,0,0,5,-7,-6,3,1,10,1,20,3,20,1,20,1,4,69,9
0,0,0,6,-29,-12,3,2,9,1,12,1,12,7,36,1,12,74,5
0,0,0,6,-25,-12,3,2,9,1,12,1,12,7,36,1,12,71,5
0,0,0,6,-25,-8,4,5,12,1,12,1,12,1,6,1,4,74,5
0,0,0,6,-23,-12,3,2,7,5,28,5,28,5,28,1,28,83,2
0,0,0,6,-20,-11,2,3,7,1,28,1,28,5,28,5,28,153,13
0,0,0,6,-20,-9,2,2,7,1,28,5,28,1,28,1,28,279,13
0,0,0,6,-19,-14,2,2,5,3,20,3,20,3,20,3,20,63,3
0,0,0,6,-19,-12,2,2,7,1,28,5,28,5,28,1,28,83,13
0,0,0,6,-19,-8,2,2,7,1,28,1,28,5,28,1,28,111,13
0,0,0,6,-17,-12,3,4,9,1,12,1,12,7,36,1,12,71,5
0,0,0,6,-17,-10,2,3,7,1,28,1,28,1,28,5,28,237,13
0,0,0,6,-17,-8,2,3,7,1,28,5,28,1,28,5,28,237,13
0,0,0,6,-16,-9,2,2,5,3,20,3,20,3,20,3,20,53,3
0,0,0,6,-16,-7,3,2,9,1,12,7,36,7,36,1,12,41,5
0,0,0,6,-14,-9,2,2,5,3,20,3,20,3,20,3,20,46,3
0,0,0,6,-14,-7,3,1,10,1,20,1,20,3,20,3,20,69,9
0,0,0,6,-13,-12,2,2,7,1,28,5,28,1,28,1,28,181,13
0,0,0,6,-13,-11,2,3,7,1,28,1,28,5,28,5,28,153,13
0,0,0,6,-13,-8,2,2,7,1,28,1,28,1,28,1,28,181,13
0,0,0,6,-12,-11,3,2,9,1,12,7,36,1,12,1,12,71,5
0,0,0,6,-12,-7,3,2,9,1,12,7,36,1,12,1,12,71,5
0,0,0,6,-11,-10,2,3,7,1,28,1,28,1,28,5,28,153,13
0,0,0,6,-11,-9,2,2,5,3,20,3,20,3,20,3,20,36,3
0,0,0,6,-11,-8,2,3,7,1,28,5,28,1,28,5,28,153,13
0,0,0,6,-11,-7,3,2,9,1,12,7,36,7,36,1,12,35,5
0,0,0,6,-10,-9,4,1,14,1,28,3,28,1,28,5,28,139,13
0,0,0,6,-10,-7,4,3,13,3,52,7,52,3,52,7,52,86,8
0,0,0,6,-9,-8,2,2,7,1,28,1,28,5,28,1,28,111,13
0,0,0,6,-9,-7,4,1,13,3,52,11,52,3,52,11,52,77,8
0,0,0,6,-8,-7,4,1,12,1,12,1,6,1,12,1,4,47,5
0,0,0,7,-30,-14,4,5,13,3,52,7,52,11,52,3,52,70,8
0,0,0,7,-27,-14,3,1,10,1,20,3,20,1,20,1,20,269,9
0,0,0,7,-26,-14,1,1,3,1,12,1,12,1,12,1,12,155,5
0,0,0,7,-25,-14,1,1,3,1,12,1,12,1,12,1,12,149,5
0,0,0,7,-24,-14,3,1,10,1,20,3,20,3,20,1,20,79,9
0,0,0,7,-23,-14,1,1,3,1,12,1,12,1,12,1,12,137,5
0,0,0,7,-22,-20,1,1,3,1,12,1,12,1,12,1,12,131,5
0,0,0,7,-22,-14,1,1,3,1,12,1,12,1,12,1,12,131,5
0,0,0,7,-20,-14,1,1,3,1,12,1,12,1,12,1,12,119,5
0,0,0,7,-20,-12,3,3,8,1,8,1,4,1,4,1,8,39,3
0,0,0,7,-20,-10,1,1,3,1,12,1,12,1,12,1,12,119,5
0,0,0,7,-19,-14,1,1,3,1,12,1,12,1,12,1,12,113,5
0,0,0,7,-18,-14,5,3,16,1,16,1,8,1,8,1,16,71,7
0,0,0,7,-18,-13,2,1,5,3,20,3,20,3,20,3,20,59,3
0,0,0,7,-18,-9,4,1,13,3,52,3,52,7,52,11,52,77,8
0,0,0,7,-18,-8,2,1,5,3,20,3,20,3,20,3,20,59,3
0,0,0,7,-17,-14,1,1,3,1,12,1,12,1,12,1,12,101,5
0,0,0,7,-16,-14,1,1,3,1,12,1,12,1,12,1,12,95,5
0,0,0,7,-16,-12,3,2,9,1,12,1,12,7,36,7,36,71,5
0,0,0,7,-16,-8,1,1,3,1,12,1,12,1,12,1,12,95,5
0,0,0,7,-15,-14,3,1,10,1,20,3,20,1,4,1,20,69,9
0,0,0,7,-14,-13,1,1,3,1,12,1,12,1,12,1,12,83,5
0,0,0,7,-14,-12,4,5,13,3,52,7,52,7,52,3,52,60,8
0,0,0,7,-14,-11,1,1,3,1,12,1,12,1,12,1,12,83,5
0,0,0,7,-14,-10,1,1,3,1,12,1,12,1,12,1,12,83,5
0,0,0,7,-14,-9,4,5,13,3,52,11,52,7,52,3,52,60,8
0,0,0,7,-14,-8,1,1,3,1,12,1,12,1,12,1,12,83,5
0,0,0,7,-13,-8,1,1,3,1,12,1,12,1,12,1,12,77,5
0,0,0,7,-12,-11,3,2,9,1,12,7,36,1,12,7,36,71,5
0,0,0,7,-12,-10,4,4,11,5,44,5,44,5,44,9,44,52,4
0,0,0,7,-12,-9,3,3,8,1,8,1,8,1,4,1,8,35,3
0,0,0,7,-12,-8,2,1,5,3,20,3,20,3,20,3,20,39,3
0,0,0,7,-11,-10,1,1,3,1,12,1,12,1,12,1,12,65,5
0,0,0,7,-10,-9,4,1,14,1,28,3,28,1,28,1,4,139,13
0,0,0,7,-10,-8,1,1,3,1,12,1,12,1,12,1,12,59,5
0,0,0,8,-29,-16,1,1,3,1,12,1,12,1,12,1,12,173,5
0,0,0,8,-27,-16,2,1,6,1,12,1,12,1,4,1,12,95,5
0,0,0,8,-25,-16,1,1,3,1,12,1,12,1,12,1,12,149,5
0,0,0,8,-23,-16,1,1,3,1,12,1,12,1,12,1,12,137,5
0,0,0,8,-22,-17,1,1,3,1,12,1,12,1,12,1,12,131,5
0,0,0,8,-21,-16,2,1,6,1,12,1,12,1,4,1,12,95,5
0,0,0,8,-21,-15,2,1,6,1,12,1,4,1,4,1,12,47,5
0,0,0,8,-19,-16,1,1,3,1,12,1,12,1,12,1,12,113,5
0,0,0,8,-18,-11,2,3,7,1,28,1,28,1,28,5,28,251,13
0,0,0,8,-18,-9,3,3,10,1,20,1,20,3,20,3,20,89,9
0,0,0,8,-17,-16,1,1,3,1,12,1,12,1,12,1,12,101,5
0,0,0,8,-17,-12,2,1,5,3,20,3,20,3,20,3,20,56,3
0,0,0,8,-16,-15,2,1,6,1,12,1,4,1,12,1,12,95,5
0,0,0,8,-16,-13,1,1,3,1,12,1,12,1,12,1,12,95,5
0,0,0,8,-16,-11,1,1,3,1,12,1,12,1,12,1,12,95,5
0,0,0,8,-16,-9,2,1,6,1,12,1,4,1,12,1,12,95,5
0,0,0,8,-15,-13,2,2,7,1,28,1,28,1,28,1,28,209,13
0,0,0,8,-15,-9,2,1,6,1,12,1,4,1,4,1,12,47,5
0,0,0,8,-14,-13,1,1,3,1,12,1,12,1,12,1,12,83,5
0,0,0,8,-14,-9,2,1,6,1,12,1,4,1,12,1,12,83,5
0,0,0,8,-13,-12,2,1,5,3,20,3,20,3,20,3,20,43,3
0,0,0,8,-13,-11,1,1,3,1,12,1,12,1,12,1,12,77,5
0,0,0,8,-12,-11,3,3,10,1,20,1,20,3,20,3,20,109,9
0,0,0,8,-12,-9,2,2,7,1,28,5,28,5,28,1,28,111,13
0,0,0,8,-11,-10,1,1,3,1,12,1,12,1,12,1,12,65,5
0,0,0,8,-11,-9,3,3,10,1,20,1,20,1,20,3,20,109,9
0,0,0,9,-28,-18,3,3,10,1,20,3,20,3,20,1,20,93,9
0,0,0,9,-28,-12,3,3,8,1,8,1,4,1,4,1,8,55,3
0,0,0,9,-26,-18,5,5,17,3,68,3,68,7,68,7,68,203,11
0,0,0,9,-25,-18,3,1,7,5,28,5,28,5,28,1,28,125,2
0,0,0,9,-23,-18,5,1,14,3,28,1,28,3,28,3,28,251,4
0,0,0,9,-22,-18,3,3,10,1,20,3,20,3,20,1,20,89,9
0,0,0,9,-22,-12,3,3,10,1,20,3,20,3,20,1,20,89,9
0,0,0,9,-21,-16,2,2,5,3,20,3,20,3,20,3,20,69,3
0,0,0,9,-20,-18,4,1,13,3,52,7,52,11,52,3,52,77,8
0,0,0,9,-20,-12,2,2,7,1,28,5,28,1,28,5,28,279,13
0,0,0,9,-20,-10,2,1,6,1,12,1,12,1,12,1,4,119,5
0,0,0,9,-19,-18,2,1,7,1,28,5,28,1,28,1,28,265,13
0,0,0,9,-18,-17,2,1,7,1,28,5,28,5,28,1,28,125,13
0,0,0,9,-18,-16,2,1,7,1,28,1,28,5,28,1,28,223,13
0,0,0,9,-18,-14,5,3,16,1,16,1,8,1,8,1,16,71,7
0,0,0,9,-18,-13,5,3,16,1,16,3,16,1,8,1,16,71,7
0,0,0,9,-18,-11,2,1,7,1,28,5,28,5,28,1,28,125,13
0,0,0,9,-18,-10,2,1,7,1,28,5,28,5,28,1,28,125,13
0,0,0,9,-16,-13,2,2,7,1,28,1,28,5,28,5,28,181,13
0,0,0,9,-16,-12,2,1,7,1,28,1,28,1,28,1,28,223,13
0,0,0,9,-15,-14,2,1,6,1,12,1,12,1,4,1,4,83,5
0,0,0,9,-14,-12,4,5,13,3,52,7,52,7,52,11,52,51,8
0,0,0,9,-14,-11,2,2,5,3,20,3,20,3,20,3,20,46,3
0,0,0,9,-13,-12,2,2,7,1,28,5,28,1,28,5,28,181,13
0,0,0,9,-13,-10,5,4,15,1,12,1,12,13,60,3,20,59,5
0,0,0,9,-12,-10,2,1,7,1,28,5,28,1,28,1,28,167,13
0,0,0,10,-29,-20,1,1,3,1,12,1,12,1,12,1,12,173,5
0,0,0,10,-27,-20,2,1,6,1,12,1,12,1,4,1,12,119,5
0,0,0,10,-23,-20,1,1,3,1,12,1,12,1,12,1,12,137,5
0,0,0,10,-21,-20,2,1,6,1,12,1,12,1,4,1,12,119,5
0,0,0,10,-20,-19,1,1,3,1,12,1,12,1,12,1,12,119,5
0,0,0,10,-20,-17,1,1,3,1,12,1,12,1,12,1,12,119,5
0,0,0,10,-20,-13,1,1,3,1,12,1,12,1,12,1,12,119,5
0,0,0,10,-20,-11,1,1,3,1,12,1,12,1,12,1,12,119,5
0,0,0,10,-19,-12,2,1,7,1,28,1,28,1,28,5,28,265,13
0,0,0,10,-17,-16,1,1,3,1,12,1,12,1,12,1,12,101,5
0,0,0,10,-14,-13,1,1,3,1,12,1,12,1,12,1,12,83,5
0,0,0,11,-20,-12,3,1,8,1,8,1,4,1,4,1,8,43,3
0,0,0,11,-16,-15,3,2,9,1,12,1,12,7,36,7,36,89,5
0,0,0,11,-16,-14,1,1,3,1,12,1,12,1,12,1,12,95,5
0,0,0,11,-16,-12,2,1,7,1,28,1,28,1,28,5,28,223,13
0,0,0,12,-25,-16,3,1,7,5,28,1,28,5,28,1,28,223,2
0,0,0,12,-22,-13,2,1,5,3,20,3,20,3,20,3,20,73,3
0,0,0,12,-19,-16,2,1,7,1,28,1,28,1,28,1,28,265,13
0,0,0,12,-17,-16,2,1,7,1,28,1,28,5,28,1,28,223,13
0,0,0,12,-17,-14,4,5,13,3,52,7,52,11,52,7,52,51,8
0,0,0,12,-16,-13,2,2,7,1,28,1,28,5,28,5,28,181,13
0,0,0,13,-20,-18,2,3,7,1,28,1,28,5,28,5,28,251,13
0,0,0,14,-20,-19,1,1,3,1,12,1,12,1,12,1,12,119,5
0,1,-28,-1,28,-8,0,1,3,1,12,1,12,1,12,1,12,167,5
0,1,-24,-1,24,-17,1,3,5,3,20,3,20,3,20,3,20,79,3
0,1,-22,-1,22,-6,1,1,3,1,12,1,12,1,12,1,12,131,5
0,1,-20,-1,20,-16,0,1,3,1,12,1,12,1,12,1,12,119,5
0,1,-20,-1,20,-8,0,1,3,1,12,1,12,1,12,1,12,119,5
0,1,-20,-1,20,-6,1,1,3,1,12,1,12,1,12,1,12,119,5
0,1,-18,-1,18,-25,1,7,11,5,44,9,44,9,44,5,44,57,4
0,1,-18,-1,18,-14,3,3,7,5,28,5,28,1,28,5,28,251,2
0,1,-18,-1,18,-13,2,3,10,1,20,3,20,3,20,1,20,69,9
0,1,-18,-1,18,-11,1,7,10,1,20,3,20,3,20,1,20,59,9
0,1,-16,-1,16,-12,1,1,3,1,12,1,12,1,12,1,12,95,5
0,1,-16,-1,16,-11,1,1,3,1,12,1,12,1,12,1,12,95,5
0,1,-16,-1,16,-6,1,1,3,1,12,1,12,1,12,1,12,95,5
0,1,-16,-1,16,-4,0,1,3,1,12,1,12,1,12,1,12,95,5
0,1,-16,-1,16,-3,0,1,3,1,12,1,12,1,12,1,12,95,5
0,1,-15,-1,15,-19,1,3,7,5,28,1,28,5,28,5,28,125,13
0,1,-15,-1,15,-13,2,3,7,1,28,1,28,5,28,5,28,97,13
0,1,-15,-1,15,-11,0,2,7,1,28,5,28,1,28,1,28,209,13
0,1,-14,-1,14,-19,1,1,3,1,12,1,12,1,12,1,12,83,5
0,1,-14,-1,14,-10,0,1,3,1,12,1,12,1,12,1,12,83,5
0,1,-14,-1,14,-9,0,1,3,1,12,1,12,1,12,1,12,83,5
0,1,-14,-1,14,-6,1,1,3,1,12,1,12,1,12,1,12,83,5
0,1,-14,-1,14,-4,0,1,3,1,12,1,12,1,12,1,12,83,5
0,1,-14,-1,14,-3,0,1,3,1,12,1,12,1,12,1,12,83,5
0,1,-13,-1,13,-17,1,1,3,1,12,1,12,1,12,1,12,77,5
0,1,-13,-1,13,-11,1,1,3,1,12,1,12,1,12,1,12,77,5
0,1,-13,-1,13,-9,0,1,3,1,12,1,12,1,12,1,12,77,5
0,1,-13,-1,13,-3,0,1,3,1,12,1,12,1,12,1,12,77,5
0,1,-12,-2,24,-20,2,5,7,5,28,5,28,5,28,1,28,33,5
0,1,-12,-2,24,-4,2,5,7,5,28,1,28,5,28,1,28,33,13
0,1,-12,-1,12,-17,0,2,7,5,28,1,28,5,28,1,28,111,13
0,1,-12,-1,12,-16,0,2,7,1,28,1,28,5,28,1,28,111,13
0,1,-12,-1,12,-14,2,2,7,1,28,1,28,5,28,1,28,97,13
0,1,-12,-1,12,-10,0,2,7,5,28,5,28,5,28,1,28,33,2
0,1,-12,-1,12,-9,1,5,7,1,28,1,28,5,28,1,28,69,13
0,1,-12,-1,12,-8,3,2,7,5,28,1,28,5,28,1,28,55,13
0,1,-12,-1,12,-7,1,2,7,1,28,1,28,5,28,1,28,55,13
0,1,-12,-1,12,-4,0,2,7,5,28,5,28,5,28,1,28,33,2
0,1,-12,-1,12,-3,0,2,7,5,28,1,28,5,28,1,28,33,13
0,1,-11,-1,11,-15,0,1,3,1,12,1,12,1,12,1,12,65,5
0,1,-11,-1,11,-13,1,1,3,1,12,1,12,1,12,1,12,65,5
0,1,-11,-1,11,-9,0,1,3,1,12,1,12,1,12,1,12,65,5
0,1,-11,-1,11,-7,1,1,3,1,12,1,12,1,12,1,12,65,5
0,1,-11,-1,11,-3,0,1,3,1,12,1,12,1,12,1,12,65,5
0,1,-10,-2,20,-16,1,2,3,1,12,1,12,1,12,1,12,59,11
0,1,-10,-2,20,-13,1,1,3,1,12,1,12,1,12,1,12,59,11
0,1,-10,-2,20,-7,1,2,3,1,12,1,12,1,12,1,12,59,11
0,1,-10,-2,20,-4,1,2,3,1,12,1,12,1,12,1,12,59,11
0,1,-10,-2,20,0,1,1,3,1,12,1,12,1,12,1,12,59,11
0,1,-10,-1,10,-17,1,1,3,1,12,1,12,1,12,1,12,59,5
0,1,-10,-1,10,-14,0,1,3,1,12,1,12,1,12,1,12,59,5
0,1,-10,-1,10,-13,1,1,3,1,12,1,12,1,12,1,12,59,5
0,1,-10,-1,10,-12,1,1,3,1,12,1,12,1,12,1,12,59,5
0,1,-10,-1,10,-8,0,1,3,1,12,1,12,1,12,1,12,59,5
0,1,-10,-1,10,-7,1,1,3,1,12,1,12,1,12,1,12,59,5
0,1,-10,-1,10,-6,1,1,3,1,12,1,12,1,12,1,12,59,5
0,1,-10,-1,10,-4,0,1,3,1,12,1,12,1,12,1,12,59,5
0,1,-10,-1,10,-3,0,1,3,1,12,1,12,1,12,1,12,59,5
0,1,-10,-1,10,-2,0,1,3,1,12,1,12,1,12,1,12,59,5
0,1,-9,-2,18,0,2,3,6,1,12,1,12,1,4,1,4,17,11
0,1,-9,-1,9,-13,1,3,5,3,20,3,20,3,20,3,20,29,3
0,1,-9,-1,9,-11,0,2,7,1,28,5,28,5,28,1,28,83,13
0,1,-9,-1,9,-7,1,3,5,3,20,3,20,3,20,3,20,29,3
0,1,-9,-1,9,-5,1,2,5,3,20,3,20,3,20,3,20,29,3
0,1,-9,-1,9,-3,1,3,5,3,20,3,20,3,20,3,20,29,3
0,1,-8,-2,16,-14,1,1,3,1,12,1,12,1,12,1,12,47,11
0,1,-8,-2,16,-12,0,1,3,1,12,1,12,1,12,1,12,47,11
0,1,-8,-2,16,-11,1,2,3,1,12,1,12,1,12,1,12,47,11
0,1,-8,-2,16,-5,0,1,3,1,12,1,12,1,12,1,12,47,11
0,1,-8,-2,16,-4,1,2,3,1,12,1,12,1,12,1,12,47,11
0,1,-8,-2,16,-2,1,1,3,1,12,1,12,1,12,1,12,47,11
0,1,-8,-2,16,0,1,1,3,1,12,1,12,1,12,1,12,47,11
0,1,-8,-1,8,-13,1,1,3,1,12,1,12,1,12,1,12,47,5
0,1,-8,-1,8,-12,1,1,3,1,12,1,12,1,12,1,12,47,5
0,1,-8,-1,8,-11,1,1,3,1,12,1,12,1,12,1,12,47,5
0,1,-8,-1,8,-10,0,1,3,1,12,1,12,1,12,1,12,47,5
0,1,-8,-1,8,-6,1,1,3,1,12,1,12,1,12,1,12,47,5
0,1,-8,-1,8,-5,1,1,3,1,12,1,12,1,12,1,12,47,5
0,1,-8,-1,8,-4,0,1,3,1,12,1,12,1,12,1,12,47,5
0,1,-8,-1,8,-3,0,1,3,1,12,1,12,1,12,1,12,47,5
0,1,-8,-1,8,-2,0,1,3,1,12,1,12,1,12,1,12,47,5
0,1,-7,-4,28,-24,1,1,3,1,12,1,12,1,12,1,12,41,23
0,1,-7,-4,28,-18,0,1,3,1,12,1,12,1,12,1,12,41,23
0,1,-7,-4,28,-10,0,1,3,1,12,1,12,1,12,1,12,41,23
0,1,-7,-4,28,-4,1,1,3,1,12,1,12,1,12,1,12,41,23
0,1,-7,-3,21,-25,0,1,3,1,12,1,12,1,12,1,12,41,17
0,1,-7,-3,21,-17,0,1,3,1,12,1,12,1,12,1,12,41,17
0,1,-7,-3,21,-11,1,1,3,1,12,1,12,1,12,1,12,41,17
0,1,-7,-3,21,-3,1,2,6,1,4,1,4,1,12,1,12,41,5
0,1,-7,-2,14,-24,0,1,3,1,12,1,12,1,12,1,12,59,11
0,1,-7,-2,14,-18,0,1,3,1,12,1,12,1,12,1,12,41,11
0,1,-7,-2,14,-10,0,1,3,1,12,1,12,1,12,1,12,41,11
0,1,-7,-2,14,-4,1,2,3,1,12,1,12,1,12,1,12,41,11
0,1,-7,-2,14,0,1,1,3,1,12,1,12,1,12,1,12,41,11
0,1,-7,-1,7,-25,1,1,3,1,12,1,12,1,12,1,12,77,5
0,1,-7,-1,7,-17,1,1,3,1,12,1,12,1,12,1,12,53,5
0,1,-7,-1,7,-13,1,1,3,1,12,1,12,1,12,1,12,41,5
0,1,-7,-1,7,-11,1,1,3,1,12,1,12,1,12,1,12,41,5
0,1,-7,-1,7,-9,0,1,3,1,12,1,12,1,12,1,12,41,5
0,1,-7,-1,7,-5,1,1,3,1,12,1,12,1,12,1,12,41,5
0,1,-7,-1,7,-3,0,1,3,1,12,1,12,1,12,1,12,41,5
0,1,-6,-2,12,-10,1,5,7,1,28,1,28,1,28,1,28,83,27
0,1,-6,-2,12,-9,0,2,5,3,20,3,20,3,20,3,20,19,6
0,1,-6,-2,12,-8,1,3,5,3,20,3,20,3,20,3,20,19,6
0,1,-6,-2,12,-7,2,3,5,3,20,3,20,3,20,3,20,19,6
0,1,-6,-2,12,-5,0,2,7,1,28,5,28,1,28,1,28,83,27
0,1,-6,-2,12,-4,1,3,5,3,20,3,20,3,20,3,20,19,6
0,1,-6,-2,12,-3,0,2,5,3,20,3,20,3,20,3,20,19,6
0,1,-6,-2,12,-2,1,2,5,3,20,3,20,3,20,3,20,19,6
0,1,-6,-2,12,0,2,2,7,5,28,1,28,1,28,1,28,83,13
0,1,-6,-1,6,-13,1,3,5,3,20,3,20,3,20,3,20,23,3
0,1,-6,-1,6,-11,0,2,7,1,28,5,28,1,28,1,28,83,13
0,1,-6,-1,6,-10,2,2,5,3,20,3,20,3,20,3,20,19,3
0,1,-6,-1,6,-9,1,3,7,1,28,5,28,5,28,5,28,69,13
0,1,-6,-1,6,-8,0,2,5,3,20,3,20,3,20,3,20,19,3
0,1,-6,-1,6,-7,1,3,5,3,20,3,20,3,20,3,20,19,3
0,1,-6,-1,6,-5,1,2,5,3,20,3,20,3,20,3,20,19,3
0,1,-6,-1,6,-4,0,2,7,5,28,5,28,1,28,1,28,83,2
0,1,-6,-1,6,-3,1,3,5,3,20,3,20,3,20,3,20,19,3
0,1,-6,-1,6,-2,0,2,5,3,20,3,20,3,20,3,20,19,3
0,1,-5,-4,20,-18,0,1,3,1,12,1,12,1,12,1,12,29,23
0,1,-5,-4,20,-16,1,1,3,1,12,1,12,1,12,1,12,29,23
0,1,-5,-4,20,-14,1,2,3,1,12,1,12,1,12,1,12,29,23
0,1,-5,-4,20,-12,1,1,3,1,12,1,12,1,12,1,12,29,23
0,1,-5,-4,20,-8,1,2,3,1,12,1,12,1,12,1,12,29,23
0,1,-5,-4,20,-6,0,1,3,1,12,1,12,1,12,1,12,29,23
0,1,-5,-4,20,-4,1,1,3,1,12,1,12,1,12,1,12,29,23
0,1,-5,-4,20,-2,1,2,3,1,12,1,12,1,12,1,12,29,23
0,1,-5,-3,15,-19,1,1,3,1,12,1,12,1,12,1,12,35,17
0,1,-5,-3,15,-17,0,1,3,1,12,1,12,1,12,1,12,29,17
0,1,-5,-3,15,-13,0,1,3,1,12,1,12,1,12,1,12,29,17
0,1,-5,-3,15,-11,1,1,3,1,12,1,12,1,12,1,12,29,17
0,1,-5,-3,15,-9,1,3,6,1,4,1,12,1,4,1,4,17,5
0,1,-5,-3,15,-7,0,1,3,1,12,1,12,1,12,1,12,29,17
0,1,-5,-3,15,-3,1,2,6,1,4,1,4,1,12,1,12,29,5
0,1,-5,-3,15,-1,1,1,3,1,12,1,12,1,12,1,12,29,17
0,1,-5,-2,10,-18,0,1,3,1,12,1,12,1,12,1,12,41,11
0,1,-5,-2,10,-16,1,2,3,1,12,1,12,1,12,1,12,35,11
0,1,-5,-2,10,-14,1,1,3,1,12,1,12,1,12,1,12,35,11
0,1,-5,-2,10,-12,0,1,3,1,12,1,12,1,12,1,12,29,11
0,1,-5,-2,10,-8,1,1,3,1,12,1,12,1,12,1,12,29,11
0,1,-5,-2,10,-6,0,1,3,1,12,1,12,1,12,1,12,29,11
0,1,-5,-2,10,-4,1,2,3,1,12,1,12,1,12,1,12,29,11
0,1,-5,-2,10,-2,1,1,3,1,12,1,12,1,12,1,12,29,11
0,1,-5,-2,10,0,1,1,3,1,12,1,12,1,12,1,12,29,11
0,1,-5,-1,5,-19,1,1,3,1,12,1,12,1,12,1,12,59,5
0,1,-5,-1,5,-17,1,1,3,1,12,1,12,1,12,1,12,53,5
0,1,-5,-1,5,-13,1,1,3,1,12,1,12,1,12,1,12,41,5
0,1,-5,-1,5,-11,1,1,3,1,12,1,12,1,12,1,12,35,5
0,1,-5,-1,5,-9,0,1,3,1,12,1,12,1,12,1,12,29,5
0,1,-5,-1,5,-7,1,1,3,1,12,1,12,1,12,1,12,29,5
0,1,-5,-1,5,-3,0,1,3,1,12,1,12,1,12,1,12,29,5
0,1,-4,-4,16,-20,1,2,3,1,12,1,12,1,12,1,12,29,23
0,1,-4,-4,16,-18,0,1,3,1,12,1,12,1,12,1,12,23,23
0,1,-4,-4,16,-16,1,1,3,1,12,1,12,1,12,1,12,23,23
0,1,-4,-4,16,-15,0,1,3,1,12,1,12,1,12,1,12,23,23
0,1,-4,-4,16,-14,1,2,3,1,12,1,12,1,12,1,12,23,23
0,1,-4,-4,16,-13,1,1,3,1,12,1,12,1,12,1,12,23,23
0,1,-4,-4,16,-12,1,1,3,1,12,1,12,1,12,1,12,23,23
0,1,-4,-4,16,-11,1,1,3,1,12,1,12,1,12,1,12,23,23
0,1,-4,-4,16,-10,0,1,3,1,12,1,12,1,12,1,12,23,23
0,1,-4,-4,16,-9,0,1,3,1,12,1,12,1,12,1,12,23,23
0,1,-4,-4,16,-8,1,2,3,1,12,1,12,1,12,1,12,23,23
0,1,-4,-4,16,-7,0,1,3,1,12,1,12,1,12,1,12,23,23
0,1,-4,-4,16,-6,0,1,3,1,12,1,12,1,12,1,12,23,23
0,1,-4,-4,16,-5,0,1,3,1,12,1,12,1,12,1,12,23,23
0,1,-4,-4,16,-4,1,1,3,1,12,1,12,1,12,1,12,23,23
0,1,-4,-4,16,-3,0,1,3,1,12,1,12,1,12,1,12,23,23
0,1,-4,-4,16,-2,1,2,3,1,12,1,12,1,12,1,12,23,23
0,1,-4,-4,16,-1,1,1,3,1,12,1,12,1,12,1,12,23,23
0,1,-4,-4,16,0,1,1,3,1,12,1,12,1,12,1,12,23,23
0,1,-4,-3,12,-19,1,1,3,1,12,1,12,1,12,1,12,35,17
0,1,-4,-3,12,-17,0,1,3,1,12,1,12,1,12,1,12,29,17
0,1,-4,-3,12,-16,0,1,3,1,12,1,12,1,12,1,12,29,17
0,1,-4,-3,12,-15,1,4,6,1,4,1,4,1,12,1,12,23,5
0,1,-4,-3,12,-14,0,1,3,1,12,1,12,1,12,1,12,23,17
0,1,-4,-3,12,-13,0,1,3,1,12,1,12,1,12,1,12,23,17
0,1,-4,-3,12,-12,1,3,5,3,20,3,20,3,20,3,20,13,9
0,1,-4,-3,12,-11,1,1,3,1,12,1,12,1,12,1,12,23,17
0,1,-4,-3,12,-10,1,1,3,1,12,1,12,1,12,1,12,23,17
0,1,-4,-3,12,-9,1,2,5,3,20,3,20,3,20,3,20,13,9
0,1,-4,-3,12,-8,0,1,3,1,12,1,12,1,12,1,12,23,17
0,1,-4,-3,12,-7,0,1,3,1,12,1,12,1,12,1,12,23,17
0,1,-4,-3,12,-6,1,3,5,3,20,3,20,3,20,3,20,13,9
0,1,-4,-3,12,-5,0,1,3,1,12,1,12,1,12,1,12,23,17
0,1,-4,-3,12,-4,0,1,3,1,12,1,12,1,12,1,12,23,17
0,1,-4,-3,12,-3,1,2,5,3,20,3,20,3,20,3,20,13,9
0,1,-4,-3,12,-2,0,1,3,1,12,1,12,1,12,1,12,23,17
0,1,-4,-3,12,-1,1,1,3,1,12,1,12,1,12,1,12,23,17
0,1,-4,-3,12,0,3,2,6,1,4,1,4,1,12,1,12,23,5
0,1,-4,-2,8,-20,0,1,3,1,12,1,12,1,12,1,12,47,11
0,1,-4,-2,8,-18,0,1,3,1,12,1,12,1,12,1,12,41,11
0,1,-4,-2,8,-16,1,2,3,1,12,1,12,1,12,1,12,35,11
0,1,-4,-2,8,-15,1,1,3,1,12,1,12,1,12,1,12,35,11
0,1,-4,-2,8,-14,1,1,3,1,12,1,12,1,12,1,12,35,11
0,1,-4,-2,8,-13,1,1,3,1,12,1,12,1,12,1,12,29,11
0,1,-4,-2,8,-12,0,1,3,1,12,1,12,1,12,1,12,29,11
0,1,-4,-2,8,-11,1,2,3,1,12,1,12,1,12,1,12,23,11
0,1,-4,-2,8,-10,0,1,3,1,12,1,12,1,12,1,12,23,11
0,1,-4,-2,8,-9,0,1,3,1,12,1,12,1,12,1,12,23,11
0,1,-4,-2,8,-8,1,1,3,1,12,1,12,1,12,1,12,23,11
0,1,-4,-2,8,-7,1,2,3,1,12,1,12,1,12,1,12,23,11
0,1,-4,-2,8,-6,0,1,3,1,12,1,12,1,12,1,12,23,11
0,1,-4,-2,8,-5,0,1,3,1,12,1,12,1,12,1,12,23,11
0,1,-4,-2,8,-4,1,2,3,1,12,1,12,1,12,1,12,23,11
0,1,-4,-2,8,-3,0,1,3,1,12,1,12,1,12,1,12,23,11
0,1,-4,-2,8,-2,1,1,3,1,12,1,12,1,12,1,12,23,11
0,1,-4,-2,8,-1,1,2,3,1,12,1,12,1,12,1,12,23,11
0,1,-4,-2,8,0,1,1,3,1,12,1,12,1,12,1,12,23,11
0,1,-4,-1,4,-19,1,1,3,1,12,1,12,1,12,1,12,59,5
0,1,-4,-1,4,-17,1,1,3,1,12,1,12,1,12,1,12,53,5
0,1,-4,-1,4,-16,0,1,3,1,12,1,12,1,12,1,12,47,5
0,1,-4,-1,4,-15,0,1,3,1,12,1,12,1,12,1,12,47,5
0,1,-4,-1,4,-14,0,1,3,1,12,1,12,1,12,1,12,41,5
0,1,-4,-1,4,-13,1,1,3,1,12,1,12,1,12,1,12,41,5
0,1,-4,-1,4,-12,1,1,3,1,12,1,12,1,12,1,12,35,5
0,1,-4,-1,4,-11,1,1,3,1,12,1,12,1,12,1,12,35,5
0,1,-4,-1,4,-10,0,1,3,1,12,1,12,1,12,1,12,29,5
0,1,-4,-1,4,-9,0,1,3,1,12,1,12,1,12,1,12,29,5
0,1,-4,-1,4,-8,0,1,3,1,12,1,12,1,12,1,12,23,5
0,1,-4,-1,4,-7,1,1,3,1,12,1,12,1,12,1,12,23,5
0,1,-4,-1,4,-6,1,1,3,1,12,1,12,1,12,1,12,23,5
0,1,-4,-1,4,-5,1,1,3,1,12,1,12,1,12,1,12,23,5
0,1,-4,-1,4,-3,0,1,3,1,12,1,12,1,12,1,12,23,5
0,1,-4,-1,4,-2,0,1,3,1,12,1,12,1,12,1,12,23,5
0,1,-3,-4,12,-12,1,3,6,1,12,1,12,1,4,1,4,17,23
0,1,-3,-4,12,-10,2,3,6,1,12,1,12,1,4,1,4,11,23
0,1,-3,-4,12,-8,3,2,6,1,12,1,12,1,4,1,4,23,11
0,1,-3,-4,12,-6,3,1,6,1,12,1,12,1,4,1,4,23,11
0,1,-3,-4,12,-4,3,1,6,1,12,1,12,1,4,1,4,23,5
0,1,-3,-4,12,-2,1,4,6,1,12,1,12,1,4,1,4,11,11
0,1,-3,-3,9,-13,2,3,6,1,4,1,12,1,4,1,4,23,5
0,1,-3,-3,9,-11,1,3,6,1,4,1,12,1,4,1,4,17,5
0,1,-3,-3,9,-9,1,3,6,1,4,1,12,1,4,1,4,17,5
0,1,-3,-3,9,-7,2,3,6,1,4,1,12,1,4,1,4,11,5
0,1,-3,-3,9,-5,1,3,6,1,4,1,12,1,4,1,4,5,5
0,1,-3,-3,9,-3,1,3,6,1,4,1,12,1,4,1,4,5,5
0,1,-3,-3,9,-1,2,3,6,1,4,1,12,1,4,1,4,5,5
0,1,-3,-2,6,-12,1,3,6,1,12,1,12,1,4,1,4,29,11
0,1,-3,-2,6,-10,2,3,6,1,12,1,12,1,4,1,4,23,11
0,1,-3,-2,6,-8,1,3,6,1,12,1,12,1,4,1,4,17,11
0,1,-3,-2,6,-6,2,3,6,1,12,1,12,1,4,1,4,11,11
0,1,-3,-2,6,-4,2,3,6,1,12,1,12,1,4,1,4,11,11
0,1,-3,-2,6,-2,1,3,6,1,12,1,12,1,4,1,4,5,11
0,1,-3,-2,6,0,2,3,6,1,12,1,12,1,4,1,4,5,11
0,1,-3,-1,3,-13,2,3,7,1,28,1,28,1,28,5,28,97,13
0,1,-3,-1,3,-11,1,4,7,5,28,1,28,1,28,5,28,69,13
0,1,-3,-1,3,-9,1,3,7,1,28,5,28,1,28,5,28,69,13
0,1,-3,-1,3,-7,0,3,7,1,28,1,28,1,28,5,28,55,13
0,1,-3,-1,3,-5,1,3,7,5,28,1,28,1,28,5,28,41,13
0,1,-2,-10,20,-30,1,1,3,1,12,1,12,1,12,1,12,59,17
0,1,-2,-10,20,-28,0,1,3,1,12,1,12,1,12,1,12,47,17
0,1,-2,-10,20,-27,0,1,3,1,12,1,12,1,12,1,12,41,17
0,1,-2,-10,20,-26,1,2,3,1,12,1,12,1,12,1,12,35,23
0,1,-2,-10,20,-25,1,0,3,1,12,1,12,1,12,1,12,29,29
0,1,-2,-10,20,-24,0,1,3,1,12,1,12,1,12,1,12,29,23
0,1,-2,-10,20,-23,0,1,3,1,12,1,12,1,12,1,12,29,17
0,1,-2,-10,20,-22,1,0,3,1,12,1,12,1,12,1,12,47,11
0,1,-2,-10,20,-21,1,0,3,1,12,1,12,1,12,1,12,53,11
0,1,-2,-10,20,-20,1,2,3,1,12,1,12,1,12,1,12,59,11
0,1,-2,-10,20,-19,1,0,3,1,12,1,12,1,12,1,12,53,11
0,1,-2,-10,20,-18,1,0,3,1,12,1,12,1,12,1,12,35,11
0,1,-2,-10,20,-17,1,1,3,1,12,1,12,1,12,1,12,23,17
0,1,-2,-10,20,-16,1,0,3,1,12,1,12,1,12,1,12,23,23
0,1,-2,-10,20,-15,0,1,3,1,12,1,12,1,12,1,12,29,23
0,1,-2,-10,20,-14,1,0,3,1,12,1,12,1,12,1,12,23,23
0,1,-2,-10,20,-13,1,1,3,1,12,1,12,1,12,1,12,23,17
0,1,-2,-10,20,-12,1,0,3,1,12,1,12,1,12,1,12,35,11
0,1,-2,-10,20,-11,1,0,3,1,12,1,12,1,12,1,12,53,11
0,1,-2,-10,20,-10,1,1,3,1,12,1,12,1,12,1,12,59,11
0,1,-2,-10,20,-9,0,1,3,1,12,1,12,1,12,1,12,47,11
0,1,-2,-10,20,-8,1,0,3,1,12,1,12,1,12,1,12,35,11
0,1,-2,-10,20,-7,0,1,3,1,12,1,12,1,12,1,12,23,17
0,1,-2,-10,20,-6,0,1,3,1,12,1,12,1,12,1,12,23,23
0,1,-2,-10,20,-5,1,1,3,1,12,1,12,1,12,1,12,29,23
0,1,-2,-10,20,-4,0,1,3,1,12,1,12,1,12,1,12,23,23
0,1,-2,-10,20,-3,0,1,3,1,12,1,12,1,12,1,12,23,17
0,1,-2,-10,20,-2,1,1,3,1,12,1,12,1,12,1,12,35,11
0,1,-2,-10,20,-1,0,1,3,1,12,1,12,1,12,1,12,47,11
0,1,-2,-9,18,-29,0,1,3,1,12,1,12,1,12,1,12,41,17
0,1,-2,-9,18,-28,1,1,3,1,12,1,12,1,12,1,12,53,17
0,1,-2,-9,18,-27,2,3,6,1,4,1,4,1,12,1,12,17,11
0,1,-2,-9,18,-26,0,1,3,1,12,1,12,1,12,1,12,47,17
0,1,-2,-9,18,-25,0,1,3,1,12,1,12,1,12,1,12,41,17
0,1,-2,-9,18,-24,1,3,6,1,4,1,4,1,12,1,12,11,11
0,1,-2,-9,18,-23,0,1,3,1,12,1,12,1,12,1,12,29,23
0,1,-2,-9,18,-22,1,0,3,1,12,1,12,1,12,1,12,29,23
0,1,-2,-9,18,-21,3,1,6,1,4,1,4,1,12,1,12,11,11
0,1,-2,-9,18,-20,1,0,3,1,12,1,12,1,12,1,12,41,11
0,1,-2,-9,18,-19,1,0,3,1,12,1,12,1,12,1,12,47,11
0,1,-2,-9,18,-18,2,5,6,1,4,1,4,1,12,1,12,17,11
0,1,-2,-9,18,-17,0,1,3,1,12,1,12,1,12,1,12,47,11
0,1,-2,-9,18,-16,1,0,3,1,12,1,12,1,12,1,12,29,11
0,1,-2,-9,18,-15,0,1,6,1,4,1,4,1,12,1,12,23,11
0,1,-2,-9,18,-14,1,0,3,1,12,1,12,1,12,1,12,23,23
0,1,-2,-9,18,-13,1,0,3,1,12,1,12,1,12,1,12,23,23
0,1,-2,-9,18,-12,0,1,6,1,4,1,4,1,12,1,12,23,11
0,1,-2,-9,18,-11,1,0,3,1,12,1,12,1,12,1,12,29,11
0,1,-2,-9,18,-10,0,1,3,1,12,1,12,1,12,1,12,47,11
0,1,-2,-9,18,-9,2,1,6,1,4,1,4,1,12,1,12,17,11
0,1,-2,-9,18,-8,1,0,3,1,12,1,12,1,12,1,12,47,11
0,1,-2,-9,18,-7,0,1,3,1,12,1,12,1,12,1,12,29,11
0,1,-2,-9,18,-6,2,5,6,1,4,1,4,1,12,1,12,23,11
0,1,-2,-9,18,-5,0,1,3,1,12,1,12,1,12,1,12,23,23
0,1,-2,-9,18,-4,0,1,3,1,12,1,12,1,12,1,12,23,23
0,1,-2,-9,18,-3,2,3,6,1,4,1,4,1,12,1,12,23,11
0,1,-2,-9,18,-2,0,1,3,1,12,1,12,1,12,1,12,29,11
0,1,-2,-9,18,-1,0,1,3,1,12,1,12,1,12,1,12,41,11
0,1,-2,-8,16,-30,1,0,3,1,12,1,12,1,12,1,12,35,23
0,1,-2,-8,16,-28,0,1,3,1,12,1,12,1,12,1,12,23,23
0,1,-2,-8,16,-27,0,1,3,1,12,1,12,1,12,1,12,29,17
0,1,-2,-8,16,-26,1,2,3,1,12,1,12,1,12,1,12,35,17
0,1,-2,-8,16,-25,1,2,3,1,12,1,12,1,12,1,12,47,17
0,1,-2,-8,16,-24,1,1,3,1,12,1,12,1,12,1,12,47,17
0,1,-2,-8,16,-23,0,1,3,1,12,1,12,1,12,1,12,41,17
0,1,-2,-8,16,-22,1,2,3,1,12,1,12,1,12,1,12,35,17
0,1,-2,-8,16,-21,0,1,3,1,12,1,12,1,12,1,12,29,17
0,1,-2,-8,16,-20,1,0,3,1,12,1,12,1,12,1,12,23,23
0,1,-2,-8,16,-19,1,2,3,1,12,1,12,1,12,1,12,29,17
0,1,-2,-8,16,-18,1,0,3,1,12,1,12,1,12,1,12,35,11
0,1,-2,-8,16,-17,1,0,3,1,12,1,12,1,12,1,12,41,11
0,1,-2,-8,16,-16,1,2,3,1,12,1,12,1,12,1,12,47,11
0,1,-2,-8,16,-15,0,1,3,1,12,1,12,1,12,1,12,41,11
0,1,-2,-8,16,-14,1,0,3,1,12,1,12,1,12,1,12,35,11
0,1,-2,-8,16,-13,0,1,3,1,12,1,12,1,12,1,12,29,17
0,1,-2,-8,16,-12,0,1,3,1,12,1,12,1,12,1,12,23,23
0,1,-2,-8,16,-11,1,1,3,1,12,1,12,1,12,1,12,23,17
0,1,-2,-8,16,-10,1,0,3,1,12,1,12,1,12,1,12,35,11
0,1,-2,-8,16,-9,0,1,3,1,12,1,12,1,12,1,12,41,11
0,1,-2,-8,16,-8,1,1,3,1,12,1,12,1,12,1,12,47,11
0,1,-2,-8,16,-7,1,0,3,1,12,1,12,1,12,1,12,41,11
0,1,-2,-8,16,-6,0,1,3,1,12,1,12,1,12,1,12,23,11
0,1,-2,-8,16,-5,0,1,3,1,12,1,12,1,12,1,12,23,17
0,1,-2,-8,16,-4,1,1,3,1,12,1,12,1,12,1,12,23,23
0,1,-2,-8,16,-3,0,1,3,1,12,1,12,1,12,1,12,23,17
0,1,-2,-8,16,-2,0,1,3,1,12,1,12,1,12,1,12,23,11
0,1,-2,-8,16,-1,0,1,3,1,12,1,12,1,12,1,12,41,11
0,1,-2,-7,14,-29,1,0,3,1,12,1,12,1,12,1,12,41,23
0,1,-2,-7,14,-28,1,1,3,1,12,1,12,1,12,1,12,41,23
0,1,-2,-7,14,-27,1,0,3,1,12,1,12,1,12,1,12,41,23
0,1,-2,-7,14,-26,1,0,3,1,12,1,12,1,12,1,12,29,23
0,1,-2,-7,14,-25,1,2,3,1,12,1,12,1,12,1,12,23,23
0,1,-2,-7,14,-24,0,1,3,1,12,1,12,1,12,1,12,23,17
0,1,-2,-7,14,-23,0,1,3,1,12,1,12,1,12,1,12,29,17
0,1,-2,-7,14,-22,1,1,3,1,12,1,12,1,12,1,12,41,17
0,1,-2,-7,14,-21,1,1,3,1,12,1,12,1,12,1,12,41,17
0,1,-2,-7,14,-20,1,2,3,1,12,1,12,1,12,1,12,35,17
0,1,-2,-7,14,-19,0,1,3,1,12,1,12,1,12,1,12,29,17
0,1,-2,-7,14,-18,0,1,3,1,12,1,12,1,12,1,12,23,17
0,1,-2,-7,14,-17,1,2,3,1,12,1,12,1,12,1,12,23,17
0,1,-2,-7,14,-16,1,0,3,1,12,1,12,1,12,1,12,29,11
0,1,-2,-7,14,-15,1,0,3,1,12,1,12,1,12,1,12,41,11
0,1,-2,-7,14,-14,1,2,3,1,12,1,12,1,12,1,12,41,11
0,1,-2,-7,14,-13,1,0,3,1,12,1,12,1,12,1,12,35,11
0,1,-2,-7,14,-12,0,1,3,1,12,1,12,1,12,1,12,29,11
0,1,-2,-7,14,-11,0,1,3,1,12,1,12,1,12,1,12,23,17
0,1,-2,-7,14,-10,0,1,3,1,12,1,12,1,12,1,12,23,17
0,1,-2,-7,14,-9,0,1,3,1,12,1,12,1,12,1,12,29,11
0,1,-2,-7,14,-8,1,0,3,1,12,1,12,1,12,1,12,35,11
0,1,-2,-7,14,-7,1,1,3,1,12,1,12,1,12,1,12,41,11
0,1,-2,-7,14,-6,1,0,3,1,12,1,12,1,12,1,12,35,11
0,1,-2,-7,14,-5,1,0,3,1,12,1,12,1,12,1,12,23,11
0,1,-2,-7,14,-4,1,2,3,1,12,1,12,1,12,1,12,23,17
0,1,-2,-7,14,-3,0,1,3,1,12,1,12,1,12,1,12,23,17
0,1,-2,-7,14,-2,1,1,3,1,12,1,12,1,12,1,12,23,11
0,1,-2,-7,14,-1,1,2,3,1,12,1,12,1,12,1,12,35,11
0,1,-2,-6,12,-30,3,7,9,1,12,7,36,1,12,1,12,35,12
0,1,-2,-6,12,-28,1,0,3,1,12,1,12,1,12,1,12,35,29
0,1,-2,-6,12,-27,3,7,9,1,12,7,36,1,12,1,12,35,17
0,1,-2,-6,12,-26,1,0,3,1,12,1,12,1,12,1,12,35,23
0,1,-2,-6,12,-25,1,0,3,1,12,1,12,1,12,1,12,35,23
0,1,-2,-6,12,-24,2,3,7,5,28,5,28,5,28,1,28,16,13
0,1,-2,-6,12,-23,1,0,3,1,12,1,12,1,12,1,12,35,23
0,1,-2,-6,12,-22,1,0,3,1,12,1,12,1,12,1,12,23,23
0,1,-2,-6,12,-21,2,4,7,5,28,5,28,5,28,1,28,13,13
0,1,-2,-6,12,-20,1,1,3,1,12,1,12,1,12,1,12,35,17
0,1,-2,-6,12,-19,1,1,3,1,12,1,12,1,12,1,12,35,17
0,1,-2,-6,12,-18,2,3,7,5,28,1,28,5,28,1,28,16,41
0,1,-2,-6,12,-17,0,1,3,1,12,1,12,1,12,1,12,29,17
0,1,-2,-6,12,-16,0,1,3,1,12,1,12,1,12,1,12,23,17
0,1,-2,-6,12,-15,3,1,7,1,28,5,28,5,28,1,28,41,41
0,1,-2,-6,12,-14,1,0,3,1,12,1,12,1,12,1,12,23,11
0,1,-2,-6,12,-13,1,0,3,1,12,1,12,1,12,1,12,35,11
0,1,-2,-6,12,-12,2,5,7,1,28,1,28,5,28,1,28,83,27
0,1,-2,-6,12,-11,0,1,3,1,12,1,12,1,12,1,12,29,11
0,1,-2,-6,12,-10,0,1,3,1,12,1,12,1,12,1,12,23,11
0,1,-2,-6,12,-9,1,3,7,1,28,1,28,5,28,1,28,41,41
0,1,-2,-6,12,-8,0,1,3,1,12,1,12,1,12,1,12,23,11
0,1,-2,-6,12,-7,0,1,3,1,12,1,12,1,12,1,12,29,11
0,1,-2,-6,12,-6,2,2,7,1,28,5,28,5,28,1,28,83,13
0,1,-2,-6,12,-5,1,0,3,1,12,1,12,1,12,1,12,29,11
0,1,-2,-6,12,-4,1,0,3,1,12,1,12,1,12,1,12,23,11
0,1,-2,-6,12,-3,1,3,7,1,28,5,28,5,28,1,28,41,41
0,1,-2,-6,12,-2,0,1,3,1,12,1,12,1,12,1,12,23,11
0,1,-2,-6,12,-1,0,1,3,1,12,1,12,1,12,1,12,29,11
0,1,-2,-5,10,-29,1,2,3,1,12,1,12,1,12,1,12,35,29
0,1,-2,-5,10,-28,1,1,3,1,12,1,12,1,12,1,12,29,29
0,1,-2,-5,10,-27,0,1,3,1,12,1,12,1,12,1,12,29,29
0,1,-2,-5,10,-26,0,1,3,1,12,1,12,1,12,1,12,29,29
0,1,-2,-5,10,-25,1,2,3,1,12,1,12,1,12,1,12,29,29
0,1,-2,-5,10,-24,0,1,3,1,12,1,12,1,12,1,12,29,29
0,1,-2,-5,10,-23,1,2,3,1,12,1,12,1,12,1,12,23,29
0,1,-2,-5,10,-22,1,0,3,1,12,1,12,1,12,1,12,29,23
0,1,-2,-5,10,-21,1,0,3,1,12,1,12,1,12,1,12,29,23
0,1,-2,-5,10,-20,1,1,3,1,12,1,12,1,12,1,12,29,23
0,1,-2,-5,10,-19,1,0,3,1,12,1,12,1,12,1,12,29,23
0,1,-2,-5,10,-18,0,1,3,1,12,1,12,1,12,1,12,23,17
0,1,-2,-5,10,-17,1,1,3,1,12,1,12,1,12,1,12,29,17
0,1,-2,-5,10,-16,1,2,3,1,12,1,12,1,12,1,12,29,17
0,1,-2,-5,10,-15,1,1,3,1,12,1,12,1,12,1,12,29,17
0,1,-2,-5,10,-14,0,1,3,1,12,1,12,1,12,1,12,23,17
0,1,-2,-5,10,-13,1,2,3,1,12,1,12,1,12,1,12,17,17
0,1,-2,-5,10,-12,1,0,3,1,12,1,12,1,12,1,12,17,11
0,1,-2,-5,10,-11,1,0,3,1,12,1,12,1,12,1,12,29,11
0,1,-2,-5,10,-10,1,2,3,1,12,1,12,1,12,1,12,29,11
0,1,-2,-5,10,-9,0,1,3,1,12,1,12,1,12,1,12,23,11
0,1,-2,-5,10,-8,1,0,3,1,12,1,12,1,12,1,12,17,11
0,1,-2,-5,10,-7,1,0,3,1,12,1,12,1,12,1,12,17,11
0,1,-2,-5,10,-6,0,1,3,1,12,1,12,1,12,1,12,23,11
0,1,-2,-5,10,-5,1,1,3,1,12,1,12,1,12,1,12,29,11
0,1,-2,-5,10,-4,1,0,3,1,12,1,12,1,12,1,12,23,11
0,1,-2,-5,10,-3,1,0,3,1,12,1,12,1,12,1,12,17,11
0,1,-2,-5,10,-2,1,2,3,1,12,1,12,1,12,1,12,17,11
0,1,-2,-5,10,-1,0,1,3,1,12,1,12,1,12,1,12,23,11
0,1,-2,-4,8,-30,0,1,3,1,12,1,12,1,12,1,12,41,23
0,1,-2,-4,8,-28,1,1,3,1,12,1,12,1,12,1,12,41,23
0,1,-2,-4,8,-27,1,1,3,1,12,1,12,1,12,1,12,35,23
0,1,-2,-4,8,-26,1,2,3,1,12,1,12,1,12,1,12,35,23
0,1,-2,-4,8,-25,1,1,3,1,12,1,12,1,12,1,12,35,23
0,1,-2,-4,8,-24,1,1,3,1,12,1,12,1,12,1,12,35,23
0,1,-2,-4,8,-23,1,1,3,1,12,1,12,1,12,1,12,29,23
0,1,-2,-4,8,-22,0,1,3,1,12,1,12,1,12,1,12,29,23
0,1,-2,-4,8,-21,0,1,3,1,12,1,12,1,12,1,12,29,23
0,1,-2,-4,8,-20,1,2,3,1,12,1,12,1,12,1,12,29,23
0,1,-2,-4,8,-19,1,2,3,1,12,1,12,1,12,1,12,23,23
0,1,-2,-4,8,-18,0,1,3,1,12,1,12,1,12,1,12,23,23
0,1,-2,-4,8,-17,0,1,3,1,12,1,12,1,12,1,12,23,23
0,1,-2,-4,8,-16,1,1,3,1,12,1,12,1,12,1,12,23,23
0,1,-2,-4,8,-15,0,1,3,1,12,1,12,1,12,1,12,23,23
0,1,-2,-4,8,-14,1,2,3,1,12,1,12,1,12,1,12,17,23
0,1,-2,-4,8,-13,1,1,3,1,12,1,12,1,12,1,12,23,17
0,1,-2,-4,8,-12,1,1,3,1,12,1,12,1,12,1,12,23,17
0,1,-2,-4,8,-11,1,1,3,1,12,1,12,1,12,1,12,23,17
0,1,-2,-4,8,-10,1,0,3,1,12,1,12,1,12,1,12,23,11
0,1,-2,-4,8,-9,1,0,3,1,12,1,12,1,12,1,12,23,11
0,1,-2,-4,8,-8,1,2,3,1,12,1,12,1,12,1,12,23,11
0,1,-2,-4,8,-7,1,0,3,1,12,1,12,1,12,1,12,17,11
0,1,-2,-4,8,-6,0,1,3,1,12,1,12,1,12,1,12,11,11
0,1,-2,-4,8,-5,1,0,3,1,12,1,12,1,12,1,12,23,11
0,1,-2,-4,8,-4,1,1,3,1,12,1,12,1,12,1,12,23,11
0,1,-2,-4,8,-3,1,0,3,1,12,1,12,1,12,1,12,17,11
0,1,-2,-4,8,-2,0,1,3,1,12,1,12,1,12,1,12,11,11
0,1,-2,-4,8,-1,1,2,3,1,12,1,12,1,12,1,12,17,11
0,1,-2,-3,6,-29,1,1,3,1,12,1,12,1,12,1,12,53,17
0,1,-2,-3,6,-28,0,1,3,1,12,1,12,1,12,1,12,47,17
0,1,-2,-3,6,-27,1,2,6,1,4,1,4,1,12,1,12,15,5
0,1,-2,-3,6,-26,0,1,3,1,12,1,12,1,12,1,12,47,17
0,1,-2,-3,6,-25,0,1,3,1,12,1,12,1,12,1,12,41,17
0,1,-2,-3,6,-24,1,4,6,1,4,1,4,1,12,1,12,13,5
0,1,-2,-3,6,-23,0,1,3,1,12,1,12,1,12,1,12,41,17
0,1,-2,-3,6,-22,0,1,3,1,12,1,12,1,12,1,12,41,17
0,1,-2,-3,6,-21,3,2,6,1,4,1,4,1,12,1,12,11,5
0,1,-2,-3,6,-20,1,1,3,1,12,1,12,1,12,1,12,35,17
0,1,-2,-3,6,-19,1,1,3,1,12,1,12,1,12,1,12,35,17
0,1,-2,-3,6,-18,1,2,6,1,4,1,4,1,12,1,12,11,5
0,1,-2,-3,6,-17,0,1,3,1,12,1,12,1,12,1,12,29,17
0,1,-2,-3,6,-16,0,1,3,1,12,1,12,1,12,1,12,29,17
0,1,-2,-3,6,-15,1,4,6,1,4,1,4,1,12,1,12,11,5
0,1,-2,-3,6,-14,0,1,3,1,12,1,12,1,12,1,12,23,17
0,1,-2,-3,6,-13,0,1,3,1,12,1,12,1,12,1,12,23,17
0,1,-2,-3,6,-12,1,2,6,1,4,1,4,1,12,1,12,11,5
0,1,-2,-3,6,-11,1,1,3,1,12,1,12,1,12,1,12,17,17
0,1,-2,-3,6,-10,1,1,3,1,12,1,12,1,12,1,12,17,17
0,1,-2,-3,6,-9,3,2,6,1,4,1,4,1,12,1,12,11,5
0,1,-2,-3,6,-8,0,1,3,1,12,1,12,1,12,1,12,11,17
0,1,-2,-3,6,-7,1,0,3,1,12,1,12,1,12,1,12,17,11
0,1,-2,-3,6,-6,2,5,6,1,4,1,4,1,12,1,12,5,11
0,1,-2,-3,6,-5,1,0,3,1,12,1,12,1,12,1,12,17,11
0,1,-2,-3,6,-4,1,0,3,1,12,1,12,1,12,1,12,17,11
0,1,-2,-3,6,-3,2,1,6,1,4,1,4,1,12,1,12,5,11
0,1,-2,-3,6,-2,1,0,3,1,12,1,12,1,12,1,12,11,11
0,1,-2,-3,6,-1,0,1,3,1,12,1,12,1,12,1,12,11,11
0,1,-2,-2,4,-30,1,1,3,1,12,1,12,1,12,1,12,71,11
0,1,-2,-2,4,-28,1,1,3,1,12,1,12,1,12,1,12,65,11
0,1,-2,-2,4,-27,0,1,3,1,12,1,12,1,12,1,12,65,11
0,1,-2,-2,4,-26,1,2,3,1,12,1,12,1,12,1,12,59,11
0,1,-2,-2,4,-25,0,1,3,1,12,1,12,1,12,1,12,59,11
0,1,-2,-2,4,-24,0,1,3,1,12,1,12,1,12,1,12,59,11
0,1,-2,-2,4,-23,1,1,3,1,12,1,12,1,12,1,12,53,11
0,1,-2,-2,4,-22,1,2,3,1,12,1,12,1,12,1,12,53,11
0,1,-2,-2,4,-21,0,1,3,1,12,1,12,1,12,1,12,47,11
0,1,-2,-2,4,-20,0,1,3,1,12,1,12,1,12,1,12,47,11
0,1,-2,-2,4,-19,1,1,3,1,12,1,12,1,12,1,12,47,11
0,1,-2,-2,4,-18,0,1,3,1,12,1,12,1,12,1,12,41,11
0,1,-2,-2,4,-17,1,2,3,1,12,1,12,1,12,1,12,41,11
0,1,-2,-2,4,-16,1,2,3,1,12,1,12,1,12,1,12,35,11
0,1,-2,-2,4,-15,1,1,3,1,12,1,12,1,12,1,12,35,11
0,1,-2,-2,4,-14,1,1,3,1,12,1,12,1,12,1,12,35,11
0,1,-2,-2,4,-13,1,1,3,1,12,1,12,1,12,1,12,29,11
0,1,-2,-2,4,-12,0,1,3,1,12,1,12,1,12,1,12,29,11
0,1,-2,-2,4,-11,1,2,3,1,12,1,12,1,12,1,12,23,11
0,1,-2,-2,4,-10,0,1,3,1,12,1,12,1,12,1,12,23,11
0,1,-2,-2,4,-9,0,1,3,1,12,1,12,1,12,1,12,23,11
0,1,-2,-2,4,-8,1,1,3,1,12,1,12,1,12,1,12,17,11
0,1,-2,-2,4,-7,1,2,3,1,12,1,12,1,12,1,12,17,11
0,1,-2,-2,4,-6,0,1,3,1,12,1,12,1,12,1,12,11,11
0,1,-2,-2,4,-5,0,1,3,1,12,1,12,1,12,1,12,11,11
0,1,-2,-2,4,-4,1,2,3,1,12,1,12,1,12,1,12,11,11
0,1,-2,-2,4,-3,0,1,3,1,12,1,12,1,12,1,12,11,11
0,1,-2,-2,4,-2,1,1,3,1,12,1,12,1,12,1,12,11,11
0,1,-2,-2,4,-1,1,2,3,1,12,1,12,1,12,1,12,11,11
0,1,-2,-2,4,0,1,1,3,1,12,1,12,1,12,1,12,11,11
0,1,-2,-1,2,-29,1,1,3,1,12,1,12,1,12,1,12,89,5
0,1,-2,-1,2,-28,0,1,3,1,12,1,12,1,12,1,12,83,5
0,1,-2,-1,2,-27,0,1,3,1,12,1,12,1,12,1,12,83,5
0,1,-2,-1,2,-26,0,1,3,1,12,1,12,1,12,1,12,77,5
0,1,-2,-1,2,-25,1,1,3,1,12,1,12,1,12,1,12,77,5
0,1,-2,-1,2,-24,1,1,3,1,12,1,12,1,12,1,12,71,5
0,1,-2,-1,2,-23,1,1,3,1,12,1,12,1,12,1,12,71,5
0,1,-2,-1,2,-22,0,1,3,1,12,1,12,1,12,1,12,65,5
0,1,-2,-1,2,-21,0,1,3,1,12,1,12,1,12,1,12,65,5
0,1,-2,-1,2,-20,0,1,3,1,12,1,12,1,12,1,12,59,5
0,1,-2,-1,2,-19,1,1,3,1,12,1,12,1,12,1,12,59,5
0,1,-2,-1,2,-18,1,1,3,1,12,1,12,1,12,1,12,53,5
0,1,-2,-1,2,-17,1,1,3,1,12,1,12,1,12,1,12,53,5
0,1,-2,-1,2,-16,0,1,3,1,12,1,12,1,12,1,12,47,5
0,1,-2,-1,2,-15,0,1,3,1,12,1,12,1,12,1,12,47,5
0,1,-2,-1,2,-14,0,1,3,1,12,1,12,1,12,1,12,41,5
0,1,-2,-1,2,-13,1,1,3,1,12,1,12,1,12,1,12,41,5
0,1,-2,-1,2,-12,1,1,3,1,12,1,12,1,12,1,12,35,5
0,1,-2,-1,2,-11,1,1,3,1,12,1,12,1,12,1,12,35,5
0,1,-2,-1,2,-10,0,1,3,1,12,1,12,1,12,1,12,29,5
0,1,-2,-1,2,-9,0,1,3,1,12,1,12,1,12,1,12,29,5
0,1,-2,-1,2,-8,0,1,3,1,12,1,12,1,12,1,12,23,5
0,1,-2,-1,2,-7,1,1,3,1,12,1,12,1,12,1,12,23,5
0,1,-2,-1,2,-6,1,1,3,1,12,1,12,1,12,1,12,17,5
0,1,-2,-1,2,-5,1,1,3,1,12,1,12,1,12,1,12,17,5
0,1,-2,-1,2,-4,0,1,3,1,12,1,12,1,12,1,12,11,5
0,1,-2,-1,2,-3,0,1,3,1,12,1,12,1,12,1,12,11,5
0,2,-25,-2,25,-11,1,1,3,1,12,1,12,1,12,1,12,149,5
0,2,-21,-2,21,-12,2,1,6,1,12,1,12,1,4,1,12,41,5
0,2,-20,-2,20,-17,1,1,3,1,12,1,12,1,12,1,12,119,5
0,2,-20,-2,20,-3,0,1,3,1,12,1,12,1,12,1,12,119,5
0,2,-19,-2,19,-11,1,1,3,1,12,1,12,1,12,1,12,113,5
0,2,-19,-2,19,-9,0,1,3,1,12,1,12,1,12,1,12,113,5
0,2,-17,-2,17,-9,0,1,3,1,12,1,12,1,12,1,12,101,5
0,2,-17,-2,17,-7,1,1,3,1,12,1,12,1,12,1,12,101,5
0,2,-17,-2,17,-3,0,1,3,1,12,1,12,1,12,1,12,101,5
0,2,-16,-2,16,-13,1,1,3,1,12,1,12,1,12,1,12,95,5
0,2,-16,-2,16,-3,0,1,3,1,12,1,12,1,12,1,12,95,5
0,2,-15,-2,15,-18,0,1,6,1,4,1,4,1,4,1,12,29,1
0,2,-15,-2,15,-12,2,1,6,1,12,1,12,1,4,1,12,35,5
0,2,-15,-2,15,-8,0,1,6,1,12,1,12,1,4,1,12,29,5
0,2,-15,-2,15,-7,0,1,6,1,12,1,4,1,4,1,12,29,5
0,2,-15,-2,15,-6,0,1,6,1,4,1,4,1,4,1,12,29,1
0,2,-14,-4,28,-17,1,2,3,1,12,1,12,1,12,1,12,83,11
0,2,-14,-4,28,-11,1,2,3,1,12,1,12,1,12,1,12,83,11
0,2,-14,-4,28,-3,0,1,3,1,12,1,12,1,12,1,12,83,11
0,2,-14,-3,21,-24,1,2,6,1,4,1,12,1,12,1,12,41,11
0,2,-14,-3,21,-18,1,4,6,1,4,1,12,1,12,1,12,41,11
0,2,-14,-3,21,-10,0,1,3,1,12,1,12,1,12,1,12,41,17
0,2,-14,-3,21,-4,1,1,3,1,12,1,12,1,12,1,12,41,17
0,2,-14,-2,14,-25,1,1,3,1,12,1,12,1,12,1,12,83,5
0,2,-14,-2,14,-17,1,1,3,1,12,1,12,1,12,1,12,83,5
0,2,-14,-2,14,-11,1,1,3,1,12,1,12,1,12,1,12,83,5
0,2,-14,-2,14,-3,0,1,3,1,12,1,12,1,12,1,12,83,5
0,2,-13,-2,13,-9,0,1,3,1,12,1,12,1,12,1,12,77,5
0,2,-13,-2,13,-8,0,1,3,1,12,1,12,1,12,1,12,77,5
0,2,-13,-2,13,-7,1,1,3,1,12,1,12,1,12,1,12,77,5
0,2,-13,-2,13,-6,1,1,3,1,12,1,12,1,12,1,12,77,5
0,2,-13,-2,13,-5,1,1,3,1,12,1,12,1,12,1,12,77,5
0,2,-13,-2,13,-3,0,1,3,1,12,1,12,1,12,1,12,77,5
0,2,-12,-2,12,-11,2,1,5,3,20,3,20,3,20,3,20,39,3
0,2,-12,-2,12,-9,2,1,5,3,20,3,20,3,20,3,20,39,3
0,2,-12,-2,12,-3,0,2,7,5,28,1,28,5,28,5,28,33,13
0,2,-12,-2,12,-1,2,1,5,3,20,3,20,3,20,3,20,39,3
0,2,-11,-4,22,-14,1,1,3,1,12,1,12,1,12,1,12,65,11
0,2,-11,-4,22,-8,1,1,3,1,12,1,12,1,12,1,12,65,11
0,2,-11,-2,11,-25,1,1,3,1,12,1,12,1,12,1,12,77,5
0,2,-11,-2,11,-19,1,1,3,1,12,1,12,1,12,1,12,65,5
0,2,-11,-2,11,-14,0,1,3,1,12,1,12,1,12,1,12,65,5
0,2,-11,-2,11,-8,0,1,3,1,12,1,12,1,12,1,12,65,5
0,2,-11,-2,11,-7,1,1,3,1,12,1,12,1,12,1,12,65,5
0,2,-11,-2,11,-6,1,1,3,1,12,1,12,1,12,1,12,65,5
0,2,-11,-2,11,-5,1,1,3,1,12,1,12,1,12,1,12,65,5
0,2,-11,-2,11,-3,0,1,3,1,12,1,12,1,12,1,12,65,5
0,2,-11,-2,11,-1,1,1,3,1,12,1,12,1,12,1,12,65,5
0,2,-10,-4,20,-17,1,2,3,1,12,1,12,1,12,1,12,59,11
0,2,-10,-4,20,-13,1,1,3,1,12,1,12,1,12,1,12,59,11
0,2,-10,-4,20,-11,1,2,3,1,12,1,12,1,12,1,12,59,11
0,2,-10,-4,20,-9,0,1,3,1,12,1,12,1,12,1,12,59,11
0,2,-10,-4,20,-7,1,2,3,1,12,1,12,1,12,1,12,59,11
0,2,-10,-4,20,-3,0,1,3,1,12,1,12,1,12,1,12,59,11
0,2,-10,-4,20,-1,1,2,3,1,12,1,12,1,12,1,12,59,11
0,2,-10,-3,15,-18,1,4,6,1,4,1,12,1,12,1,12,29,11
0,2,-10,-3,15,-16,0,1,3,1,12,1,12,1,12,1,12,29,17
0,2,-10,-3,15,-14,0,1,3,1,12,1,12,1,12,1,12,29,17
0,2,-10,-3,15,-12,1,2,6,1,4,1,12,1,12,1,12,29,11
0,2,-10,-3,15,-8,0,1,3,1,12,1,12,1,12,1,12,29,17
0,2,-10,-3,15,-6,1,3,6,1,4,1,12,1,4,1,4,11,11
0,2,-10,-3,15,-4,1,1,3,1,12,1,12,1,12,1,12,29,17
0,2,-10,-3,15,-2,1,1,3,1,12,1,12,1,12,1,12,29,17
0,2,-10,-2,10,-19,1,1,3,1,12,1,12,1,12,1,12,59,5
0,2,-10,-2,10,-17,1,1,3,1,12,1,12,1,12,1,12,59,5
0,2,-10,-2,10,-13,1,1,3,1,12,1,12,1,12,1,12,59,5
0,2,-10,-2,10,-11,1,1,3,1,12,1,12,1,12,1,12,59,5
0,2,-10,-2,10,-9,0,1,3,1,12,1,12,1,12,1,12,59,5
0,2,-10,-2,10,-7,1,1,3,1,12,1,12,1,12,1,12,59,5
0,2,-10,-2,10,-3,0,1,3,1,12,1,12,1,12,1,12,59,5
0,2,-10,-2,10,-1,1,1,3,1,12,1,12,1,12,1,12,59,5
0,2,-9,-4,18,-21,1,5,6,1,4,1,4,1,4,1,12,17,3
0,2,-9,-4,18,-15,3,1,6,1,4,1,4,1,4,1,12,17,3
0,2,-9,-4,18,-10,0,1,6,1,12,1,12,1,4,1,12,23,11
0,2,-9,-4,18,-8,0,1,6,1,12,1,4,1,4,1,12,17,11
0,2,-9,-4,18,-3,2,5,6,1,4,1,4,1,4,1,12,17,3
0,2,-9,-4,18,0,2,1,6,1,12,1,12,1,4,1,12,17,11
0,2,-9,-2,9,-19,0,1,6,1,12,1,4,1,4,1,12,59,5
0,2,-9,-2,9,-17,0,1,6,1,4,1,12,1,4,1,12,47,5
0,2,-9,-2,9,-13,2,1,6,1,4,1,12,1,4,1,12,35,5
0,2,-9,-2,9,-12,2,1,6,1,12,1,12,1,4,1,12,35,5
0,2,-9,-2,9,-10,3,1,6,1,12,1,12,1,4,1,12,29,5
0,2,-9,-2,9,-8,0,1,6,1,12,1,12,1,4,1,12,23,5
0,2,-9,-2,9,-6,0,1,6,1,4,1,4,1,4,1,12,17,1
0,2,-9,-2,9,-5,0,1,6,1,4,1,12,1,4,1,12,17,5
0,2,-9,-2,9,-4,0,1,6,1,12,1,12,1,4,1,12,17,5
0,2,-9,-2,9,-3,0,2,7,5,28,1,28,5,28,5,28,25,13
0,2,-9,-2,9,-1,2,1,6,1,12,1,4,1,4,1,12,17,5
0,2,-8,-4,16,-19,1,1,3,1,12,1,12,1,12,1,12,47,11
0,2,-8,-4,16,-17,1,2,3,1,12,1,12,1,12,1,12,47,11
0,2,-8,-4,16,-15,1,1,3,1,12,1,12,1,12,1,12,47,11
0,2,-8,-4,16,-13,1,1,3,1,12,1,12,1,12,1,12,47,11
0,2,-8,-4,16,-11,1,2,3,1,12,1,12,1,12,1,12,47,11
0,2,-8,-4,16,-9,0,1,3,1,12,1,12,1,12,1,12,47,11
0,2,-8,-4,16,-7,1,2,3,1,12,1,12,1,12,1,12,47,11
0,2,-8,-4,16,-5,0,1,3,1,12,1,12,1,12,1,12,47,11
0,2,-8,-4,16,-3,0,1,3,1,12,1,12,1,12,1,12,47,11
0,2,-8,-4,16,-1,1,2,3,1,12,1,12,1,12,1,12,47,11
0,2,-8,-3,12,-20,0,1,3,1,12,1,12,1,12,1,12,23,17
0,2,-8,-3,12,-18,1,4,6,1,4,1,12,1,12,1,12,23,11
0,2,-8,-3,12,-16,0,1,3,1,12,1,12,1,12,1,12,23,17
0,2,-8,-3,12,-15,1,3,5,3,20,3,20,3,20,3,20,13,9
0,2,-8,-3,12,-14,0,1,3,1,12,1,12,1,12,1,12,23,17
0,2,-8,-3,12,-13,1,1,3,1,12,1,12,1,12,1,12,23,17
0,2,-8,-3,12,-12,1,2,6,1,4,1,12,1,12,1,12,23,11
0,2,-8,-3,12,-11,1,1,3,1,12,1,12,1,12,1,12,23,17
0,2,-8,-3,12,-10,0,1,3,1,12,1,12,1,12,1,12,23,17
0,2,-8,-3,12,-9,1,2,5,3,20,3,20,3,20,3,20,13,9
0,2,-8,-3,12,-8,0,1,3,1,12,1,12,1,12,1,12,23,17
0,2,-8,-3,12,-7,0,1,3,1,12,1,12,1,12,1,12,23,17
0,2,-8,-3,12,-6,1,3,5,3,20,3,20,3,20,3,20,13,9
0,2,-8,-3,12,-5,0,1,3,1,12,1,12,1,12,1,12,23,17
0,2,-8,-3,12,-4,1,1,3,1,12,1,12,1,12,1,12,23,17
0,2,-8,-3,12,-3,1,2,6,1,4,1,12,1,12,1,12,23,11
0,2,-8,-3,12,-2,1,1,3,1,12,1,12,1,12,1,12,23,17
0,2,-8,-3,12,-1,0,1,3,1,12,1,12,1,12,1,12,23,17
0,2,-8,-3,12,0,1,2,5,3,20,3,20,3,20,3,20,13,9
0,2,-8,-2,8,-19,1,1,3,1,12,1,12,1,12,1,12,59,5
0,2,-8,-2,8,-17,1,1,3,1,12,1,12,1,12,1,12,53,5
0,2,-8,-2,8,-15,0,1,3,1,12,1,12,1,12,1,12,47,5
0,2,-8,-2,8,-13,1,1,3,1,12,1,12,1,12,1,12,47,5
0,2,-8,-2,8,-11,1,1,3,1,12,1,12,1,12,1,12,47,5
0,2,-8,-2,8,-9,0,1,3,1,12,1,12,1,12,1,12,47,5
0,2,-8,-2,8,-7,1,1,3,1,12,1,12,1,12,1,12,47,5
0,2,-8,-2,8,-5,1,1,3,1,12,1,12,1,12,1,12,47,5
0,2,-8,-2,8,-3,0,1,3,1,12,1,12,1,12,1,12,47,5
0,2,-8,-2,8,-1,1,1,3,1,12,1,12,1,12,1,12,47,5
0,2,-7,-4,14,-15,1,1,3,1,12,1,12,1,12,1,12,41,11
0,2,-7,-4,14,-13,1,1,3,1,12,1,12,1,12,1,12,41,11
0,2,-7,-4,14,-10,0,1,3,1,12,1,12,1,12,1,12,41,11
0,2,-7,-4,14,-9,0,1,3,1,12,1,12,1,12,1,12,41,11
0,2,-7,-4,14,-8,1,1,3,1,12,1,12,1,12,1,12,41,11
0,2,-7,-4,14,-6,0,1,3,1,12,1,12,1,12,1,12,41,11
0,2,-7,-4,14,-5,0,1,3,1,12,1,12,1,12,1,12,41,11
0,2,-7,-4,14,-4,1,2,3,1,12,1,12,1,12,1,12,41,11
0,2,-7,-4,14,-1,1,2,3,1,12,1,12,1,12,1,12,41,11
0,2,-7,-4,14,0,1,1,3,1,12,1,12,1,12,1,12,41,11
0,2,-7,-2,7,-17,1,1,3,1,12,1,12,1,12,1,12,53,5
0,2,-7,-2,7,-15,0,1,3,1,12,1,12,1,12,1,12,47,5
0,2,-7,-2,7,-13,1,1,3,1,12,1,12,1,12,1,12,41,5
0,2,-7,-2,7,-12,1,1,3,1,12,1,12,1,12,1,12,41,5
0,2,-7,-2,7,-11,1,1,3,1,12,1,12,1,12,1,12,41,5
0,2,-7,-2,7,-10,0,1,3,1,12,1,12,1,12,1,12,41,5
0,2,-7,-2,7,-8,0,1,3,1,12,1,12,1,12,1,12,41,5
0,2,-7,-2,7,-6,1,1,3,1,12,1,12,1,12,1,12,41,5
0,2,-7,-2,7,-5,1,1,3,1,12,1,12,1,12,1,12,41,5
0,2,-7,-2,7,-4,0,1,3,1,12,1,12,1,12,1,12,41,5
0,2,-7,-2,7,-3,0,1,3,1,12,1,12,1,12,1,12,41,5
0,2,-7,-2,7,-1,1,1,3,1,12,1,12,1,12,1,12,41,5
0,2,-6,-4,12,-11,1,5,7,5,28,1,28,1,28,5,28,83,13
0,2,-6,-4,12,-9,2,5,7,1,28,5,28,1,28,5,28,83,27
0,2,-6,-4,12,-7,1,2,7,5,28,1,28,1,28,5,28,83,13
0,2,-6,-4,12,-5,0,2,7,1,28,5,28,1,28,5,28,83,27
0,2,-6,-4,12,-3,0,2,7,1,28,1,28,1,28,5,28,83,27
0,2,-6,-4,12,-1,2,5,7,1,28,1,28,1,28,5,28,83,27
0,2,-6,-3,9,-12,2,3,6,1,4,1,12,1,4,1,4,11,11
0,2,-6,-3,9,-10,1,3,6,1,4,1,12,1,4,1,4,11,11
0,2,-6,-3,9,-8,2,3,6,1,4,1,12,1,4,1,4,11,11
0,2,-6,-3,9,-6,1,3,6,1,4,1,12,1,4,1,4,11,11
0,2,-6,-3,9,-4,1,3,6,1,4,1,12,1,4,1,4,5,11
0,2,-6,-3,9,-2,3,2,6,1,4,1,12,1,4,1,4,11,5
0,2,-6,-3,9,0,3,1,6,1,4,1,12,1,4,1,4,11,5
0,2,-6,-2,6,-13,2,2,7,1,28,5,28,1,28,5,28,97,13
0,2,-6,-2,6,-11,0,2,7,1,28,5,28,1,28,5,28,83,13
0,2,-6,-2,6,-9,1,5,7,1,28,1,28,1,28,5,28,83,13
0,2,-6,-2,6,-7,1,2,7,1,28,1,28,1,28,5,28,83,13
0,2,-6,-2,6,-5,1,5,7,1,28,1,28,1,28,5,28,83,13
0,2,-6,-2,6,-3,0,2,7,5,28,1,28,1,28,5,28,83,13
0,2,-6,-2,6,-1,2,2,7,1,28,5,28,1,28,5,28,83,13
0,2,-5,-4,10,-13,1,1,3,1,12,1,12,1,12,1,12,29,11
0,2,-5,-4,10,-11,1,2,3,1,12,1,12,1,12,1,12,29,11
0,2,-5,-4,10,-9,0,1,3,1,12,1,12,1,12,1,12,29,11
0,2,-5,-4,10,-8,1,1,3,1,12,1,12,1,12,1,12,29,11
0,2,-5,-4,10,-7,1,2,3,1,12,1,12,1,12,1,12,29,11
0,2,-5,-4,10,-6,0,1,3,1,12,1,12,1,12,1,12,29,11
0,2,-5,-4,10,-4,1,2,3,1,12,1,12,1,12,1,12,29,11
0,2,-5,-4,10,-3,0,1,3,1,12,1,12,1,12,1,12,29,11
0,2,-5,-4,10,-2,1,1,3,1,12,1,12,1,12,1,12,29,11
0,2,-5,-4,10,-1,1,2,3,1,12,1,12,1,12,1,12,29,11
0,2,-5,-4,10,0,1,1,3,1,12,1,12,1,12,1,12,29,11
0,2,-5,-2,5,-13,1,1,3,1,12,1,12,1,12,1,12,41,5
0,2,-5,-2,5,-12,1,1,3,1,12,1,12,1,12,1,12,35,5
0,2,-5,-2,5,-11,1,1,3,1,12,1,12,1,12,1,12,35,5
0,2,-5,-2,5,-9,0,1,3,1,12,1,12,1,12,1,12,29,5
0,2,-5,-2,5,-8,0,1,3,1,12,1,12,1,12,1,12,29,5
0,2,-5,-2,5,-7,1,1,3,1,12,1,12,1,12,1,12,29,5
0,2,-5,-2,5,-6,1,1,3,1,12,1,12,1,12,1,12,29,5
0,2,-5,-2,5,-4,0,1,3,1,12,1,12,1,12,1,12,29,5
0,2,-5,-2,5,-3,0,1,3,1,12,1,12,1,12,1,12,29,5
0,2,-5,-2,5,-1,1,1,3,1,12,1,12,1,12,1,12,29,5
0,2,-4,-10,20,-29,1,2,3,1,12,1,12,1,12,1,12,35,29
0,2,-4,-10,20,-27,0,1,3,1,12,1,12,1,12,1,12,29,29
0,2,-4,-10,20,-25,1,2,3,1,12,1,12,1,12,1,12,29,29
0,2,-4,-10,20,-23,1,2,3,1,12,1,12,1,12,1,12,23,29
0,2,-4,-10,20,-21,0,1,3,1,12,1,12,1,12,1,12,23,29
0,2,-4,-10,20,-19,0,1,3,1,12,1,12,1,12,1,12,23,29
0,2,-4,-10,20,-17,1,1,3,1,12,1,12,1,12,1,12,23,29
0,2,-4,-10,20,-15,1,1,3,1,12,1,12,1,12,1,12,23,29
0,2,-4,-10,20,-13,1,1,3,1,12,1,12,1,12,1,12,23,29
0,2,-4,-10,20,-11,1,0,3,1,12,1,12,1,12,1,12,29,23
0,2,-4,-10,20,-9,1,0,3,1,12,1,12,1,12,1,12,29,23
0,2,-4,-10,20,-7,1,0,3,1,12,1,12,1,12,1,12,29,23
0,2,-4,-10,20,-5,1,1,3,1,12,1,12,1,12,1,12,29,23
0,2,-4,-10,20,-3,1,0,3,1,12,1,12,1,12,1,12,29,23
0,2,-4,-10,20,-1,1,2,3,1,12,1,12,1,12,1,12,29,23
0,2,-4,-9,18,-30,1,3,6,1,4,1,12,1,12,1,12,11,23
0,2,-4,-9,18,-28,0,1,3,1,12,1,12,1,12,1,12,23,29
0,2,-4,-9,18,-27,2,1,6,1,4,1,12,1,12,1,12,17,17
0,2,-4,-9,18,-26,0,1,3,1,12,1,12,1,12,1,12,29,23
0,2,-4,-9,18,-25,0,1,3,1,12,1,12,1,12,1,12,47,17
0,2,-4,-9,18,-24,1,3,6,1,4,1,12,1,12,1,12,23,11
0,2,-4,-9,18,-23,0,1,3,1,12,1,12,1,12,1,12,41,17
0,2,-4,-9,18,-22,0,1,3,1,12,1,12,1,12,1,12,41,11
0,2,-4,-9,18,-21,1,5,6,1,4,1,12,1,12,1,12,11,17
0,2,-4,-9,18,-20,1,0,3,1,12,1,12,1,12,1,12,53,11
0,2,-4,-9,18,-19,0,1,3,1,12,1,12,1,12,1,12,29,23
0,2,-4,-9,18,-18,2,3,6,1,4,1,12,1,12,1,12,17,11
0,2,-4,-9,18,-17,0,1,3,1,12,1,12,1,12,1,12,23,23
0,2,-4,-9,18,-16,1,0,3,1,12,1,12,1,12,1,12,47,11
0,2,-4,-9,18,-15,0,1,6,1,4,1,12,1,12,1,12,23,11
0,2,-4,-9,18,-14,0,1,3,1,12,1,12,1,12,1,12,29,11
0,2,-4,-9,18,-13,0,1,3,1,12,1,12,1,12,1,12,29,11
0,2,-4,-9,18,-12,0,1,6,1,4,1,12,1,12,1,12,23,11
0,2,-4,-9,18,-11,1,0,3,1,12,1,12,1,12,1,12,47,11
0,2,-4,-9,18,-10,0,1,3,1,12,1,12,1,12,1,12,23,23
0,2,-4,-9,18,-9,2,1,6,1,4,1,12,1,12,1,12,17,11
0,2,-4,-9,18,-8,0,1,3,1,12,1,12,1,12,1,12,23,23
0,2,-4,-9,18,-7,1,0,3,1,12,1,12,1,12,1,12,41,11
0,2,-4,-9,18,-6,0,1,6,1,4,1,12,1,12,1,12,23,11
0,2,-4,-9,18,-5,1,0,3,1,12,1,12,1,12,1,12,29,11
0,2,-4,-9,18,-4,0,1,3,1,12,1,12,1,12,1,12,29,11
0,2,-4,-9,18,-3,2,3,6,1,4,1,12,1,12,1,12,23,11
0,2,-4,-9,18,-2,0,1,3,1,12,1,12,1,12,1,12,41,11
0,2,-4,-9,18,-1,0,1,3,1,12,1,12,1,12,1,12,23,23
0,2,-4,-8,16,-29,0,1,3,1,12,1,12,1,12,1,12,41,23
0,2,-4,-8,16,-27,1,1,3,1,12,1,12,1,12,1,12,35,23
0,2,-4,-8,16,-25,1,1,3,1,12,1,12,1,12,1,12,35,23
0,2,-4,-8,16,-23,1,1,3,1,12,1,12,1,12,1,12,29,23
0,2,-4,-8,16,-21,0,1,3,1,12,1,12,1,12,1,12,29,23
0,2,-4,-8,16,-19,1,2,3,1,12,1,12,1,12,1,12,23,23
0,2,-4,-8,16,-17,0,1,3,1,12,1,12,1,12,1,12,23,23
0,2,-4,-8,16,-15,0,1,3,1,12,1,12,1,12,1,12,23,23
0,2,-4,-8,16,-13,1,1,3,1,12,1,12,1,12,1,12,23,23
0,2,-4,-8,16,-11,1,1,3,1,12,1,12,1,12,1,12,23,23
0,2,-4,-8,16,-9,0,1,3,1,12,1,12,1,12,1,12,23,23
0,2,-4,-8,16,-7,0,1,3,1,12,1,12,1,12,1,12,23,23
0,2,-4,-8,16,-5,0,1,3,1,12,1,12,1,12,1,12,23,23
0,2,-4,-8,16,-3,0,1,3,1,12,1,12,1,12,1,12,23,23
0,2,-4,-8,16,-1,1,1,3,1,12,1,12,1,12,1,12,23,23
0,2,-4,-7,14,-30,1,0,3,1,12,1,12,1,12,1,12,41,23
0,2,-4,-7,14,-28,1,2,3,1,12,1,12,1,12,1,12,41,23
0,2,-4,-7,14,-27,0,1,3,1,12,1,12,1,12,1,12,29,17
0,2,-4,-7,14,-26,1,0,3,1,12,1,12,1,12,1,12,35,23
0,2,-4,-7,14,-25,1,2,3,1,12,1,12,1,12,1,12,41,17
0,2,-4,-7,14,-24,0,1,3,1,12,1,12,1,12,1,12,29,23
0,2,-4,-7,14,-23,1,1,3,1,12,1,12,1,12,1,12,41,17
0,2,-4,-7,14,-22,1,0,3,1,12,1,12,1,12,1,12,23,23
0,2,-4,-7,14,-21,1,1,3,1,12,1,12,1,12,1,12,41,17
0,2,-4,-7,14,-20,0,1,3,1,12,1,12,1,12,1,12,23,17
0,2,-4,-7,14,-19,1,2,3,1,12,1,12,1,12,1,12,35,17
0,2,-4,-7,14,-18,0,1,3,1,12,1,12,1,12,1,12,29,11
0,2,-4,-7,14,-17,0,1,3,1,12,1,12,1,12,1,12,29,17
0,2,-4,-7,14,-16,1,0,3,1,12,1,12,1,12,1,12,41,11
0,2,-4,-7,14,-15,1,0,3,1,12,1,12,1,12,1,12,17,23
0,2,-4,-7,14,-14,1,1,3,1,12,1,12,1,12,1,12,41,11
0,2,-4,-7,14,-13,1,2,3,1,12,1,12,1,12,1,12,23,17
0,2,-4,-7,14,-12,1,0,3,1,12,1,12,1,12,1,12,35,11
0,2,-4,-7,14,-11,1,0,3,1,12,1,12,1,12,1,12,29,11
0,2,-4,-7,14,-10,1,0,3,1,12,1,12,1,12,1,12,29,11
0,2,-4,-7,14,-9,1,0,3,1,12,1,12,1,12,1,12,35,11
0,2,-4,-7,14,-8,1,2,3,1,12,1,12,1,12,1,12,23,17
0,2,-4,-7,14,-7,1,2,3,1,12,1,12,1,12,1,12,41,11
0,2,-4,-7,14,-6,0,1,3,1,12,1,12,1,12,1,12,23,17
0,2,-4,-7,14,-5,1,0,3,1,12,1,12,1,12,1,12,35,11
0,2,-4,-7,14,-4,1,1,3,1,12,1,12,1,12,1,12,23,11
0,2,-4,-7,14,-3,1,0,3,1,12,1,12,1,12,1,12,23,11
0,2,-4,-7,14,-2,1,2,3,1,12,1,12,1,12,1,12,35,11
0,2,-4,-7,14,-1,1,1,3,1,12,1,12,1,12,1,12,23,17
0,2,-4,-6,12,-29,1,1,3,1,12,1,12,1,12,1,12,53,17
0,2,-4,-6,12,-27,0,1,6,1,4,1,12,1,12,1,12,47,5
0,2,-4,-6,12,-25,0,1,3,1,12,1,12,1,12,1,12,41,17
0,2,-4,-6,12,-23,0,1,3,1,12,1,12,1,12,1,12,41,17
0,2,-4,-6,12,-21,2,1,6,1,4,1,12,1,12,1,12,35,5
0,2,-4,-6,12,-19,1,1,3,1,12,1,12,1,12,1,12,35,17
0,2,-4,-6,12,-17,0,1,3,1,12,1,12,1,12,1,12,29,17
0,2,-4,-6,12,-15,0,1,6,1,4,1,12,1,12,1,12,23,5
0,2,-4,-6,12,-13,0,1,3,1,12,1,12,1,12,1,12,23,17
0,2,-4,-6,12,-11,1,1,3,1,12,1,12,1,12,1,12,23,17
0,2,-4,-6,12,-9,1,1,6,1,4,1,12,1,12,1,12,23,5
0,2,-4,-6,12,-7,0,1,3,1,12,1,12,1,12,1,12,23,17
0,2,-4,-6,12,-5,0,1,3,1,12,1,12,1,12,1,12,23,17
0,2,-4,-6,12,-3,1,1,6,1,4,1,12,1,12,1,12,23,5
0,2,-4,-6,12,-1,1,1,3,1,12,1,12,1,12,1,12,23,17
0,2,-4,-5,10,-30,1,1,3,1,12,1,12,1,12,1,12,35,29
0,2,-4,-5,10,-28,0,1,3,1,12,1,12,1,12,1,12,23,29
0,2,-4,-5,10,-27,0,1,3,1,12,1,12,1,12,1,12,29,29
0,2,-4,-5,10,-26,1,1,3,1,12,1,12,1,12,1,12,23,29
0,2,-4,-5,10,-25,1,1,3,1,12,1,12,1,12,1,12,29,29
0,2,-4,-5,10,-24,1,0,3,1,12,1,12,1,12,1,12,29,23
0,2,-4,-5,10,-23,1,2,3,1,12,1,12,1,12,1,12,23,29
0,2,-4,-5,10,-22,1,0,3,1,12,1,12,1,12,1,12,29,23
0,2,-4,-5,10,-21,1,1,3,1,12,1,12,1,12,1,12,29,17
0,2,-4,-5,10,-20,1,2,3,1,12,1,12,1,12,1,12,29,23
0,2,-4,-5,10,-19,1,1,3,1,12,1,12,1,12,1,12,29,17
0,2,-4,-5,10,-18,0,1,3,1,12,1,12,1,12,1,12,23,23
0,2,-4,-5,10,-17,1,2,3,1,12,1,12,1,12,1,12,29,17
0,2,-4,-5,10,-16,0,1,3,1,12,1,12,1,12,1,12,23,17
0,2,-4,-5,10,-15,1,1,3,1,12,1,12,1,12,1,12,29,17
0,2,-4,-5,10,-14,1,0,3,1,12,1,12,1,12,1,12,29,11
0,2,-4,-5,10,-13,0,1,3,1,12,1,12,1,12,1,12,23,17
0,2,-4,-5,10,-12,1,0,3,1,12,1,12,1,12,1,12,29,11
0,2,-4,-5,10,-11,1,2,3,1,12,1,12,1,12,1,12,17,17
0,2,-4,-5,10,-10,1,1,3,1,12,1,12,1,12,1,12,29,11
0,2,-4,-5,10,-9,1,0,3,1,12,1,12,1,12,1,12,17,11
0,2,-4,-5,10,-8,1,0,3,1,12,1,12,1,12,1,12,23,11
0,2,-4,-5,10,-7,1,0,3,1,12,1,12,1,12,1,12,29,11
0,2,-4,-5,10,-6,1,0,3,1,12,1,12,1,12,1,12,17,11
0,2,-4,-5,10,-5,1,2,3,1,12,1,12,1,12,1,12,29,11
0,2,-4,-5,10,-4,1,2,3,1,12,1,12,1,12,1,12,17,11
0,2,-4,-5,10,-3,0,1,3,1,12,1,12,1,12,1,12,23,11
0,2,-4,-5,10,-2,0,1,3,1,12,1,12,1,12,1,12,23,11
0,2,-4,-5,10,-1,1,0,3,1,12,1,12,1,12,1,12,17,11
0,2,-4,-4,8,-29,1,1,3,1,12,1,12,1,12,1,12,71,11
0,2,-4,-4,8,-27,0,1,3,1,12,1,12,1,12,1,12,65,11
0,2,-4,-4,8,-25,0,1,3,1,12,1,12,1,12,1,12,59,11
0,2,-4,-4,8,-23,1,1,3,1,12,1,12,1,12,1,12,53,11
0,2,-4,-4,8,-21,0,1,3,1,12,1,12,1,12,1,12,47,11
0,2,-4,-4,8,-19,1,1,3,1,12,1,12,1,12,1,12,47,11
0,2,-4,-4,8,-17,1,2,3,1,12,1,12,1,12,1,12,41,11
0,2,-4,-4,8,-15,1,1,3,1,12,1,12,1,12,1,12,35,11
0,2,-4,-4,8,-13,1,1,3,1,12,1,12,1,12,1,12,29,11
0,2,-4,-4,8,-11,1,2,3,1,12,1,12,1,12,1,12,23,11
0,2,-4,-4,8,-9,0,1,3,1,12,1,12,1,12,1,12,23,11
0,2,-4,-4,8,-7,1,2,3,1,12,1,12,1,12,1,12,23,11
0,2,-4,-4,8,-5,0,1,3,1,12,1,12,1,12,1,12,23,11
0,2,-4,-4,8,-3,0,1,3,1,12,1,12,1,12,1,12,23,11
0,2,-4,-4,8,-1,1,2,3,1,12,1,12,1,12,1,12,23,11
0,2,-4,-3,6,-30,1,2,6,1,4,1,12,1,12,1,12,35,11
0,2,-4,-3,6,-28,1,1,3,1,12,1,12,1,12,1,12,35,17
0,2,-4,-3,6,-27,1,4,6,1,4,1,12,1,12,1,12,41,11
0,2,-4,-3,6,-26,1,1,3,1,12,1,12,1,12,1,12,35,17
0,2,-4,-3,6,-25,0,1,3,1,12,1,12,1,12,1,12,29,17
0,2,-4,-3,6,-24,1,2,6,1,4,1,12,1,12,1,12,35,11
0,2,-4,-3,6,-23,0,1,3,1,12,1,12,1,12,1,12,29,17
0,2,-4,-3,6,-22,1,1,3,1,12,1,12,1,12,1,12,35,17
0,2,-4,-3,6,-21,1,2,6,1,4,1,12,1,12,1,12,29,11
0,2,-4,-3,6,-20,0,1,3,1,12,1,12,1,12,1,12,23,17
0,2,-4,-3,6,-19,0,1,3,1,12,1,12,1,12,1,12,29,17
0,2,-4,-3,6,-18,1,4,6,1,4,1,12,1,12,1,12,23,11
0,2,-4,-3,6,-17,1,1,3,1,12,1,12,1,12,1,12,23,17
0,2,-4,-3,6,-16,0,1,3,1,12,1,12,1,12,1,12,23,17
0,2,-4,-3,6,-15,1,2,6,1,4,1,12,1,12,1,12,17,11
0,2,-4,-3,6,-14,0,1,3,1,12,1,12,1,12,1,12,23,17
0,2,-4,-3,6,-13,1,1,3,1,12,1,12,1,12,1,12,17,17
0,2,-4,-3,6,-12,1,2,6,1,4,1,12,1,12,1,12,11,11
0,2,-4,-3,6,-11,1,1,3,1,12,1,12,1,12,1,12,17,17
0,2,-4,-3,6,-10,1,0,3,1,12,1,12,1,12,1,12,17,11
0,2,-4,-3,6,-9,1,2,6,1,4,1,12,1,12,1,12,17,11
0,2,-4,-3,6,-8,1,0,3,1,12,1,12,1,12,1,12,17,11
0,2,-4,-3,6,-7,1,0,3,1,12,1,12,1,12,1,12,17,11
0,2,-4,-3,6,-6,2,3,6,1,4,1,12,1,12,1,12,11,11
0,2,-4,-3,6,-5,1,0,3,1,12,1,12,1,12,1,12,17,11
0,2,-4,-3,6,-4,0,1,3,1,12,1,12,1,12,1,12,11,11
0,2,-4,-3,6,-3,2,1,6,1,4,1,12,1,12,1,12,11,11
0,2,-4,-3,6,-2,0,1,3,1,12,1,12,1,12,1,12,11,11
0,2,-4,-3,6,-1,0,1,3,1,12,1,12,1,12,1,12,11,11
0,2,-4,-3,6,0,2,1,6,1,4,1,12,1,12,1,12,11,11
0,2,-4,-2,4,-29,1,1,3,1,12,1,12,1,12,1,12,89,5
0,2,-4,-2,4,-27,0,1,3,1,12,1,12,1,12,1,12,83,5
0,2,-4,-2,4,-25,1,1,3,1,12,1,12,1,12,1,12,77,5
0,2,-4,-2,4,-23,1,1,3,1,12,1,12,1,12,1,12,71,5
0,2,-4,-2,4,-21,0,1,3,1,12,1,12,1,12,1,12,65,5
0,2,-4,-2,4,-19,1,1,3,1,12,1,12,1,12,1,12,59,5
0,2,-4,-2,4,-17,1,1,3,1,12,1,12,1,12,1,12,53,5
0,2,-4,-2,4,-15,0,1,3,1,12,1,12,1,12,1,12,47,5
0,2,-4,-2,4,-13,1,1,3,1,12,1,12,1,12,1,12,41,5
0,2,-4,-2,4,-11,1,1,3,1,12,1,12,1,12,1,12,35,5
0,2,-4,-2,4,-9,0,1,3,1,12,1,12,1,12,1,12,29,5
0,2,-4,-2,4,-7,1,1,3,1,12,1,12,1,12,1,12,23,5
0,2,-4,-2,4,-5,1,1,3,1,12,1,12,1,12,1,12,23,5
0,2,-4,-2,4,-3,0,1,3,1,12,1,12,1,12,1,12,23,5
0,2,-4,-2,4,-1,1,1,3,1,12,1,12,1,12,1,12,23,5
0,2,-3,-8,12,-20,2,1,5,3,20,3,20,3,20,3,20,16,13
0,2,-3,-8,12,-16,2,4,5,3,20,3,20,3,20,3,20,13,13
0,2,-3,-8,12,-15,1,4,5,3,20,3,20,3,20,3,20,13,13
0,2,-3,-8,12,-14,0,1,5,3,20,3,20,3,20,3,20,9,13
0,2,-3,-8,12,-12,1,1,6,1,12,1,12,1,4,1,12,17,23
0,2,-3,-8,12,-11,1,4,5,3,20,3,20,3,20,3,20,9,13
0,2,-3,-8,12,-10,0,1,5,3,20,3,20,3,20,3,20,9,13
0,2,-3,-8,12,-9,1,4,5,3,20,3,20,3,20,3,20,9,13
0,2,-3,-8,12,-8,1,1,6,1,12,1,4,1,4,1,12,23,11
0,2,-3,-8,12,-7,2,1,6,1,4,1,12,1,4,1,12,11,7
0,2,-3,-8,12,-6,1,4,5,3,20,3,20,3,20,3,20,9,13
0,2,-3,-8,12,-5,1,3,5,3,20,3,20,3,20,3,20,13,9
0,2,-3,-8,12,-4,1,2,5,3,20,3,20,3,20,3,20,13,9
0,2,-3,-8,12,-3,1,2,6,1,4,1,4,1,4,1,12,7,11
0,2,-3,-8,12,-2,1,2,6,1,12,1,12,1,4,1,12,23,11
0,2,-3,-8,12,-1,1,3,5,3,20,3,20,3,20,3,20,13,9
0,2,-3,-6,9,-18,2,4,5,3,20,3,20,3,20,3,20,16,9
0,2,-3,-6,9,-17,2,1,5,3,20,3,20,3,20,3,20,16,9
0,2,-3,-6,9,-14,2,1,5,3,20,3,20,3,20,3,20,13,9
0,2,-3,-6,9,-13,2,1,5,3,20,3,20,3,20,3,20,13,9
0,2,-3,-6,9,-12,1,4,5,3,20,3,20,3,20,3,20,13,9
0,2,-3,-6,9,-11,0,1,5,3,20,3,20,3,20,3,20,9,9
0,2,-3,-6,9,-10,1,1,6,1,12,1,12,1,4,1,12,17,17
0,2,-3,-6,9,-9,1,4,5,3,20,3,20,3,20,3,20,9,9
0,2,-3,-6,9,-8,0,1,5,3,20,3,20,3,20,3,20,9,9
0,2,-3,-6,9,-7,1,4,5,3,20,3,20,3,20,3,20,9,9
0,2,-3,-6,9,-6,1,1,5,3,20,3,20,3,20,3,20,9,9
0,2,-3,-6,9,-5,2,5,6,1,12,1,4,1,4,1,12,11,17
0,2,-3,-6,9,-4,1,4,5,3,20,3,20,3,20,3,20,9,9
0,2,-3,-6,9,-3,1,1,5,3,20,3,20,3,20,3,20,9,9
0,2,-3,-6,9,-2,2,1,5,3,20,3,20,3,20,3,20,9,9
0,2,-3,-6,9,-1,2,1,5,3,20,3,20,3,20,3,20,9,9
0,2,-3,-4,6,-20,0,1,6,1,12,1,12,1,4,1,12,47,11
0,2,-3,-4,6,-16,1,4,5,3,20,3,20,3,20,3,20,19,6
0,2,-3,-4,6,-15,3,1,6,1,4,1,4,1,4,1,12,11,3
0,2,-3,-4,6,-14,2,4,5,3,20,3,20,3,20,3,20,19,6
0,2,-3,-4,6,-12,2,4,5,3,20,3,20,3,20,3,20,16,6
0,2,-3,-4,6,-11,2,1,5,3,20,3,20,3,20,3,20,13,6
0,2,-3,-4,6,-10,0,1,6,1,12,1,12,1,4,1,12,23,11
0,2,-3,-4,6,-9,1,1,5,3,20,3,20,3,20,3,20,13,6
0,2,-3,-4,6,-8,0,1,5,3,20,3,20,3,20,3,20,9,6
0,2,-3,-4,6,-7,1,1,5,3,20,3,20,3,20,3,20,9,6
0,2,-3,-4,6,-6,0,1,5,3,20,3,20,3,20,3,20,9,6
0,2,-3,-4,6,-5,2,5,6,1,4,1,12,1,4,1,12,11,5
0,2,-3,-4,6,-4,1,1,5,3,20,3,20,3,20,3,20,9,6
0,2,-3,-4,6,-3,2,4,5,3,20,3,20,3,20,3,20,9,6
0,2,-3,-4,6,-2,1,1,5,3,20,3,20,3,20,3,20,9,6
0,2,-3,-4,6,-1,2,4,5,3,20,3,20,3,20,3,20,9,6
0,2,-3,-2,3,-18,0,1,6,1,4,1,4,1,4,1,12,17,1
0,2,-3,-2,3,-17,0,1,6,1,4,1,12,1,4,1,12,47,5
0,2,-3,-2,3,-14,0,1,5,3,20,3,20,3,20,3,20,23,3
0,2,-3,-2,3,-13,2,1,6,1,4,1,12,1,4,1,12,35,5
0,2,-3,-2,3,-12,2,1,6,1,12,1,12,1,4,1,12,35,5
0,2,-3,-2,3,-11,2,1,5,3,20,3,20,3,20,3,20,19,3
0,2,-3,-2,3,-10,2,1,5,3,20,3,20,3,20,3,20,16,3
0,2,-3,-2,3,-9,2,1,5,3,20,3,20,3,20,3,20,16,3
0,2,-3,-2,3,-8,0,1,6,1,12,1,12,1,4,1,12,23,5
0,2,-3,-2,3,-7,0,1,6,1,12,1,4,1,4,1,12,23,5
0,2,-3,-2,3,-6,0,1,5,3,20,3,20,3,20,3,20,9,3
0,2,-3,-2,3,-5,0,1,5,3,20,3,20,3,20,3,20,9,3
0,2,-3,-2,3,-4,0,1,5,3,20,3,20,3,20,3,20,9,3
0,2,-3,-2,3,-1,2,1,5,3,20,3,20,3,20,3,20,9,3
0,3,-28,-3,28,-24,0,1,5,3,20,3,20,3,20,3,20,93,3
0,3,-22,-3,22,-18,0,1,6,1,4,1,4,1,12,1,4,131,1
0,3,-21,-4,28,-24,1,4,6,1,12,1,4,1,12,1,12,41,23
0,3,-21,-4,28,-18,1,2,6,1,12,1,4,1,12,1,12,41,23
0,3,-21,-4,28,-10,0,1,3,1,12,1,12,1,12,1,12,41,23
0,3,-21,-4,28,-4,1,1,3,1,12,1,12,1,12,1,12,41,23
0,3,-21,-3,21,-25,2,1,6,1,4,1,12,1,4,1,4,71,5
0,3,-21,-3,21,-17,0,1,6,1,4,1,12,1,4,1,4,47,5
0,3,-21,-3,21,-11,2,1,6,1,12,1,4,1,4,1,4,41,5
0,3,-20,-3,20,-24,2,1,6,1,12,1,12,1,12,1,4,119,5
0,3,-20,-3,20,-18,0,1,6,1,4,1,4,1,12,1,4,119,1
0,3,-20,-3,20,-16,0,1,6,1,12,1,12,1,12,1,4,119,5
0,3,-20,-3,20,-8,0,1,6,1,12,1,12,1,12,1,4,119,5
0,3,-16,-3,16,-18,0,1,6,1,4,1,4,1,12,1,4,95,1
0,3,-16,-3,16,-14,3,1,6,1,12,1,12,1,12,1,4,95,5
0,3,-16,-3,16,-12,2,1,6,1,12,1,12,1,12,1,4,95,5
0,3,-16,-3,16,-9,0,1,7,1,28,5,28,1,28,5,28,223,13
0,3,-16,-3,16,-4,0,1,6,1,12,1,12,1,12,1,4,95,5
0,3,-16,-3,16,-1,2,1,6,1,12,1,4,1,12,1,4,95,5
0,3,-15,-4,20,-18,1,2,6,1,12,1,4,1,12,1,12,29,23
0,3,-15,-4,20,-16,1,1,3,1,12,1,12,1,12,1,12,29,23
0,3,-15,-4,20,-14,0,1,3,1,12,1,12,1,12,1,12,29,23
0,3,-15,-4,20,-12,1,2,6,1,12,1,4,1,12,1,12,29,23
0,3,-15,-4,20,-8,1,1,3,1,12,1,12,1,12,1,12,29,23
0,3,-15,-4,20,-6,1,2,6,1,12,1,4,1,12,1,12,29,23
0,3,-15,-4,20,-4,1,1,3,1,12,1,12,1,12,1,12,29,23
0,3,-15,-4,20,-2,0,1,3,1,12,1,12,1,12,1,12,29,23
0,3,-15,-3,15,-19,0,1,6,1,12,1,4,1,4,1,4,59,5
0,3,-15,-3,15,-17,0,1,6,1,4,1,12,1,4,1,4,47,5
0,3,-15,-3,15,-13,2,1,6,1,4,1,12,1,4,1,4,35,5
0,3,-15,-3,15,-11,2,1,6,1,12,1,4,1,4,1,4,35,5
0,3,-15,-3,15,-7,0,1,6,1,12,1,4,1,4,1,4,29,5
0,3,-15,-3,15,-1,2,1,6,1,12,1,4,1,4,1,4,29,5
0,3,-14,-3,14,-18,0,1,6,1,4,1,4,1,12,1,4,83,1
0,3,-14,-3,14,-12,2,1,6,1,12,1,12,1,12,1,4,83,5
0,3,-14,-3,14,-10,3,1,6,1,12,1,12,1,12,1,4,83,5
0,3,-14,-3,14,-9,0,1,9,7,36,7,36,7,36,1,12,35,2
0,3,-14,-3,14,-2,3,1,6,1,12,1,12,1,12,1,4,83,5
0,3,-14,-3,14,-1,2,1,6,1,12,1,4,1,12,1,4,83,5
0,3,-13,-3,13,-17,1,4,7,1,28,5,28,5,28,1,28,125,13
0,3,-13,-3,13,-9,2,1,5,3,20,3,20,3,20,3,20,43,3
0,3,-13,-3,13,-7,0,3,7,1,28,1,28,5,28,1,28,55,13
0,3,-13,-3,13,-1,2,1,5,3,20,3,20,3,20,3,20,43,3
0,3,-12,-4,16,-20,0,1,3,1,12,1,12,1,12,1,12,23,23
0,3,-12,-4,16,-18,1,2,5,3,20,3,20,3,20,3,20,13,13
0,3,-12,-4,16,-16,1,1,3,1,12,1,12,1,12,1,12,23,23
0,3,-12,-4,16,-15,1,4,6,1,12,1,4,1,12,1,12,23,23
0,3,-12,-4,16,-14,0,1,3,1,12,1,12,1,12,1,12,23,23
0,3,-12,-4,16,-13,1,1,3,1,12,1,12,1,12,1,12,23,23
0,3,-12,-4,16,-12,2,2,5,3,20,3,20,3,20,3,20,13,13
0,3,-12,-4,16,-11,1,0,3,1,12,1,12,1,12,1,12,23,23
0,3,-12,-4,16,-10,1,0,3,1,12,1,12,1,12,1,12,23,23
0,3,-12,-4,16,-9,1,3,5,3,20,3,20,3,20,3,20,13,13
0,3,-12,-4,16,-8,1,1,3,1,12,1,12,1,12,1,12,23,23
0,3,-12,-4,16,-7,1,0,3,1,12,1,12,1,12,1,12,23,23
0,3,-12,-4,16,-6,2,1,5,3,20,3,20,3,20,3,20,13,13
0,3,-12,-4,16,-5,1,0,3,1,12,1,12,1,12,1,12,23,23
0,3,-12,-4,16,-4,1,1,3,1,12,1,12,1,12,1,12,23,23
0,3,-12,-4,16,-3,2,4,5,3,20,3,20,3,20,3,20,13,13
0,3,-12,-4,16,-2,0,1,3,1,12,1,12,1,12,1,12,23,23
0,3,-12,-4,16,-1,1,0,3,1,12,1,12,1,12,1,12,23,23
0,3,-12,-4,16,0,2,1,6,1,12,1,4,1,12,1,12,23,23
0,3,-12,-3,12,-19,2,1,5,3,20,3,20,3,20,3,20,39,3
0,3,-12,-3,12,-17,3,1,7,1,28,1,28,1,28,5,28,167,13
0,3,-12,-3,12,-16,0,1,5,3,20,3,20,3,20,3,20,39,3
0,3,-12,-3,12,-14,0,1,5,3,20,3,20,3,20,3,20,39,3
0,3,-12,-3,12,-13,2,1,7,1,28,5,28,1,28,5,28,167,13
0,3,-12,-3,12,-11,2,1,5,3,20,3,20,3,20,3,20,39,3
0,3,-12,-3,12,-10,2,1,5,3,20,3,20,3,20,3,20,39,3
0,3,-12,-3,12,-8,0,1,7,5,28,5,28,1,28,5,28,167,2
0,3,-12,-3,12,-7,0,1,7,5,28,5,28,1,28,5,28,167,2
0,3,-12,-3,12,-5,0,1,5,3,20,3,20,3,20,3,20,39,3
0,3,-12,-3,12,-4,0,1,5,3,20,3,20,3,20,3,20,39,3
0,3,-12,-3,12,-2,3,1,7,5,28,1,28,1,28,5,28,167,13
0,3,-12,-3,12,-1,2,1,5,3,20,3,20,3,20,3,20,39,3
0,3,-11,-3,11,-13,2,1,7,1,28,5,28,5,28,5,28,97,13
0,3,-11,-3,11,-9,0,1,7,1,28,5,28,5,28,5,28,69,13
0,3,-11,-3,11,-5,0,1,7,5,28,1,28,5,28,5,28,30,13
0,3,-11,-3,11,-1,2,1,7,1,28,5,28,5,28,5,28,30,13
0,3,-10,-6,20,-21,1,5,6,1,4,1,4,1,12,1,4,59,3
0,3,-10,-6,20,-12,1,1,6,1,12,1,12,1,12,1,4,59,11
0,3,-10,-6,20,-8,0,1,6,1,12,1,4,1,12,1,4,59,11
0,3,-10,-6,20,-1,2,5,6,1,4,1,12,1,12,1,4,59,5
0,3,-10,-6,20,0,2,1,6,1,12,1,12,1,12,1,4,59,11
0,3,-10,-3,10,-18,0,1,6,1,4,1,4,1,12,1,4,59,1
0,3,-10,-3,10,-12,2,1,6,1,12,1,12,1,12,1,4,59,5
0,3,-10,-3,10,-11,2,1,6,1,12,1,4,1,12,1,4,59,5
0,3,-10,-3,10,-9,0,1,7,1,28,5,28,5,28,5,28,69,13
0,3,-10,-3,10,-8,0,1,6,1,12,1,12,1,12,1,4,59,5
0,3,-10,-3,10,-6,0,1,6,1,4,1,4,1,12,1,4,59,1
0,3,-10,-3,10,-4,0,1,6,1,12,1,12,1,12,1,4,59,5
0,3,-10,-3,10,-2,3,1,6,1,12,1,12,1,12,1,4,59,5
0,3,-10,-3,10,-1,2,1,6,1,12,1,4,1,12,1,4,59,5
0,3,-9,-4,12,-12,3,2,6,1,12,1,4,1,4,1,4,23,5
0,3,-9,-4,12,-10,3,2,6,1,12,1,4,1,4,1,4,23,11
0,3,-9,-4,12,-8,3,1,6,1,12,1,4,1,4,1,4,23,5
0,3,-9,-4,12,-6,2,5,6,1,12,1,4,1,4,1,4,11,11
0,3,-9,-4,12,-4,3,2,6,1,12,1,4,1,4,1,4,23,5
0,3,-9,-4,12,-2,1,4,6,1,12,1,4,1,4,1,4,11,11
0,3,-9,-4,12,0,3,1,6,1,12,1,4,1,4,1,4,23,5
0,3,-9,-3,9,-13,2,1,6,1,4,1,12,1,4,1,4,35,5
0,3,-9,-3,9,-11,2,1,6,1,12,1,4,1,4,1,4,35,5
0,3,-9,-3,9,-7,0,1,6,1,12,1,4,1,4,1,4,23,5
0,3,-9,-3,9,-5,0,1,6,1,4,1,12,1,4,1,4,17,5
0,3,-9,-3,9,-1,2,1,6,1,12,1,4,1,4,1,4,17,5
0,3,-8,-6,16,-15,3,1,6,1,4,1,4,1,12,1,4,47,3
0,3,-8,-6,16,-12,2,4,5,3,20,3,20,3,20,3,20,26,6
0,3,-8,-6,16,-10,0,1,6,1,12,1,12,1,12,1,4,47,11
0,3,-8,-6,16,-6,0,1,5,3,20,3,20,3,20,3,20,26,6
0,3,-8,-6,16,-4,1,1,5,3,20,3,20,3,20,3,20,26,6
0,3,-8,-6,16,-1,2,4,5,3,20,3,20,3,20,3,20,26,6
0,3,-8,-6,16,0,2,1,6,1,12,1,12,1,12,1,4,47,11
0,3,-8,-3,8,-18,0,1,6,1,4,1,4,1,12,1,4,47,1
0,3,-8,-3,8,-14,0,1,5,3,20,3,20,3,20,3,20,26,3
0,3,-8,-3,8,-13,2,1,6,1,4,1,12,1,12,1,4,47,5
0,3,-8,-3,8,-12,2,1,6,1,12,1,12,1,12,1,4,47,5
0,3,-8,-3,8,-10,2,1,5,3,20,3,20,3,20,3,20,26,3
0,3,-8,-3,8,-9,2,1,5,3,20,3,20,3,20,3,20,26,3
0,3,-8,-3,8,-7,0,1,6,1,12,1,4,1,12,1,4,47,5
0,3,-8,-3,8,-6,0,1,5,3,20,3,20,3,20,3,20,26,3
0,3,-8,-3,8,-4,0,1,5,3,20,3,20,3,20,3,20,26,3
0,3,-8,-3,8,-2,3,1,6,1,12,1,12,1,12,1,4,47,5
0,3,-8,-3,8,-1,2,1,5,3,20,3,20,3,20,3,20,26,3
0,3,-7,-12,28,-16,2,4,5,3,20,3,20,3,20,3,20,23,13
0,3,-7,-12,28,-12,1,3,6,1,12,1,12,1,4,1,4,17,23
0,3,-7,-12,28,-2,2,3,6,1,12,1,12,1,4,1,4,13,23
0,3,-7,-9,21,-19,1,4,5,3,20,3,20,3,20,3,20,23,9
0,3,-7,-9,21,-9,1,4,5,3,20,3,20,3,20,3,20,23,9
0,3,-7,-9,21,-5,1,3,6,1,4,1,12,1,4,1,4,13,5
0,3,-7,-6,14,-16,1,4,5,3,20,3,20,3,20,3,20,23,6
0,3,-7,-6,14,-12,2,4,5,3,20,3,20,3,20,3,20,23,6
0,3,-7,-6,14,-2,1,1,5,3,20,3,20,3,20,3,20,23,6
0,3,-7,-6,14,0,2,3,6,1,12,1,12,1,4,1,4,13,11
0,3,-7,-3,7,-19,2,1,5,3,20,3,20,3,20,3,20,33,3
0,3,-7,-3,7,-13,0,2,9,7,36,1,12,7,36,1,12,35,5
0,3,-7,-3,7,-11,2,1,5,3,20,3,20,3,20,3,20,23,3
0,3,-7,-3,7,-9,2,1,5,3,20,3,20,3,20,3,20,23,3
0,3,-7,-3,7,-5,0,1,5,3,20,3,20,3,20,3,20,23,3
0,3,-7,-3,7,-1,2,1,5,3,20,3,20,3,20,3,20,23,3
0,3,-6,-10,20,-30,1,5,6,1,12,1,4,1,12,1,12,59,11
0,3,-6,-10,20,-28,1,0,3,1,12,1,12,1,12,1,12,35,23
0,3,-6,-10,20,-27,1,3,6,1,12,1,4,1,12,1,12,53,11
0,3,-6,-10,20,-26,0,1,3,1,12,1,12,1,12,1,12,47,11
0,3,-6,-10,20,-25,1,0,3,1,12,1,12,1,12,1,12,29,29
0,3,-6,-10,20,-24,2,3,6,1,12,1,4,1,12,1,12,35,11
0,3,-6,-10,20,-23,1,0,3,1,12,1,12,1,12,1,12,59,11
0,3,-6,-10,20,-22,0,1,3,1,12,1,12,1,12,1,12,29,23
0,3,-6,-10,20,-21,0,1,6,1,12,1,4,1,12,1,12,23,17
0,3,-6,-10,20,-20,0,1,3,1,12,1,12,1,12,1,12,59,11
0,3,-6,-10,20,-19,0,1,3,1,12,1,12,1,12,1,12,29,17
0,3,-6,-10,20,-18,0,1,6,1,12,1,4,1,12,1,12,23,23
0,3,-6,-10,20,-17,0,1,3,1,12,1,12,1,12,1,12,47,11
0,3,-6,-10,20,-16,1,0,3,1,12,1,12,1,12,1,12,35,11
0,3,-6,-10,20,-15,1,4,6,1,12,1,4,1,12,1,12,29,23
0,3,-6,-10,20,-14,1,0,3,1,12,1,12,1,12,1,12,35,11
0,3,-6,-10,20,-13,1,0,3,1,12,1,12,1,12,1,12,53,11
0,3,-6,-10,20,-12,0,1,6,1,12,1,4,1,12,1,12,23,23
0,3,-6,-10,20,-11,0,1,3,1,12,1,12,1,12,1,12,23,17
0,3,-6,-10,20,-10,0,1,3,1,12,1,12,1,12,1,12,59,11
0,3,-6,-10,20,-9,0,1,6,1,12,1,4,1,12,1,12,23,17
0,3,-6,-10,20,-8,0,1,3,1,12,1,12,1,12,1,12,23,23
0,3,-6,-10,20,-7,0,1,3,1,12,1,12,1,12,1,12,47,11
0,3,-6,-10,20,-6,2,3,6,1,12,1,4,1,12,1,12,35,11
0,3,-6,-10,20,-5,0,1,3,1,12,1,12,1,12,1,12,29,23
0,3,-6,-10,20,-4,1,0,3,1,12,1,12,1,12,1,12,35,11
0,3,-6,-10,20,-3,0,1,6,1,12,1,4,1,12,1,12,47,11
0,3,-6,-10,20,-2,0,1,3,1,12,1,12,1,12,1,12,23,23
0,3,-6,-10,20,-1,0,1,3,1,12,1,12,1,12,1,12,23,17
0,3,-6,-9,18,-29,3,2,9,7,36,1,12,1,12,1,12,53,7
0,3,-6,-9,18,-28,1,5,9,7,36,1,12,1,12,1,12,47,7
0,3,-6,-9,18,-26,1,4,7,5,28,5,28,5,28,1,28,41,8
0,3,-6,-9,18,-25,3,4,7,5,28,5,28,5,28,1,28,41,8
0,3,-6,-9,18,-23,3,4,7,5,28,5,28,5,28,1,28,41,8
0,3,-6,-9,18,-22,1,1,9,7,36,1,12,1,12,1,12,41,7
0,3,-6,-9,18,-20,1,3,7,1,28,5,28,5,28,1,28,41,41
0,3,-6,-9,18,-19,0,3,7,5,28,5,28,5,28,1,28,41,8
0,3,-6,-9,18,-17,1,4,7,5,28,1,28,5,28,1,28,69,13
0,3,-6,-9,18,-16,2,4,7,5,28,5,28,5,28,1,28,41,8
0,3,-6,-9,18,-14,1,3,7,1,28,5,28,5,28,1,28,41,41
0,3,-6,-9,18,-13,0,3,7,5,28,1,28,5,28,1,28,55,13
0,3,-6,-9,18,-11,1,4,7,5,28,5,28,5,28,1,28,41,8
0,3,-6,-9,18,-10,0,3,7,5,28,1,28,5,28,1,28,41,13
0,3,-6,-9,18,-8,1,3,7,1,28,1,28,5,28,1,28,41,41
0,3,-6,-9,18,-7,2,3,7,1,28,5,28,5,28,1,28,41,41
0,3,-6,-9,18,-5,1,3,7,1,28,1,28,5,28,1,28,41,41
0,3,-6,-9,18,-4,0,3,7,5,28,5,28,5,28,1,28,41,8
0,3,-6,-9,18,-2,0,3,7,5,28,5,28,5,28,1,28,41,8
0,3,-6,-9,18,-1,2,3,7,1,28,1,28,5,28,1,28,41,41
0,3,-6,-8,16,-30,2,3,6,1,12,1,4,1,12,1,12,47,11
0,3,-6,-8,16,-28,0,1,3,1,12,1,12,1,12,1,12,29,23
0,3,-6,-8,16,-27,2,1,6,1,12,1,4,1,12,1,12,47,11
0,3,-6,-8,16,-26,1,0,3,1,12,1,12,1,12,1,12,35,23
0,3,-6,-8,16,-25,0,1,3,1,12,1,12,1,12,1,12,29,17
0,3,-6,-8,16,-24,1,5,6,1,12,1,4,1,12,1,12,47,11
0,3,-6,-8,16,-23,0,1,3,1,12,1,12,1,12,1,12,29,23
0,3,-6,-8,16,-22,1,0,3,1,12,1,12,1,12,1,12,35,11
0,3,-6,-8,16,-21,1,3,6,1,12,1,4,1,12,1,12,41,11
0,3,-6,-8,16,-20,0,1,3,1,12,1,12,1,12,1,12,23,23
0,3,-6,-8,16,-19,1,0,3,1,12,1,12,1,12,1,12,47,11
0,3,-6,-8,16,-18,1,3,6,1,12,1,4,1,12,1,12,35,11
0,3,-6,-8,16,-17,0,1,3,1,12,1,12,1,12,1,12,29,17
0,3,-6,-8,16,-16,0,1,3,1,12,1,12,1,12,1,12,47,11
0,3,-6,-8,16,-15,1,5,6,1,12,1,4,1,12,1,12,29,17
0,3,-6,-8,16,-14,1,0,3,1,12,1,12,1,12,1,12,35,11
0,3,-6,-8,16,-13,0,1,3,1,12,1,12,1,12,1,12,41,11
0,3,-6,-8,16,-12,2,3,6,1,12,1,4,1,12,1,12,23,23
0,3,-6,-8,16,-11,0,1,3,1,12,1,12,1,12,1,12,41,11
0,3,-6,-8,16,-10,0,1,3,1,12,1,12,1,12,1,12,23,11
0,3,-6,-8,16,-9,0,1,6,1,12,1,4,1,12,1,12,23,17
0,3,-6,-8,16,-8,0,1,3,1,12,1,12,1,12,1,12,47,11
0,3,-6,-8,16,-7,0,1,3,1,12,1,12,1,12,1,12,23,17
0,3,-6,-8,16,-6,0,1,6,1,12,1,4,1,12,1,12,23,11
0,3,-6,-8,16,-5,1,0,3,1,12,1,12,1,12,1,12,35,11
0,3,-6,-8,16,-4,0,1,3,1,12,1,12,1,12,1,12,23,23
0,3,-6,-8,16,-3,1,3,6,1,12,1,4,1,12,1,12,41,11
0,3,-6,-8,16,-2,0,1,3,1,12,1,12,1,12,1,12,23,11
0,3,-6,-8,16,-1,0,1,3,1,12,1,12,1,12,1,12,23,17
0,3,-6,-7,14,-29,0,1,3,1,12,1,12,1,12,1,12,29,29
0,3,-6,-7,14,-28,0,1,3,1,12,1,12,1,12,1,12,41,23
0,3,-6,-7,14,-27,2,5,6,1,4,1,4,1,12,1,12,13,11
0,3,-6,-7,14,-26,1,0,3,1,12,1,12,1,12,1,12,29,23
0,3,-6,-7,14,-25,1,0,3,1,12,1,12,1,12,1,12,35,23
0,3,-6,-7,14,-24,2,1,6,1,4,1,4,1,12,1,12,13,11
0,3,-6,-7,14,-23,0,1,3,1,12,1,12,1,12,1,12,29,17
0,3,-6,-7,14,-22,0,1,3,1,12,1,12,1,12,1,12,29,23
0,3,-6,-7,14,-21,1,3,6,1,4,1,4,1,12,1,12,13,11
0,3,-6,-7,14,-20,0,1,3,1,12,1,12,1,12,1,12,29,11
0,3,-6,-7,14,-19,1,0,3,1,12,1,12,1,12,1,12,23,23
0,3,-6,-7,14,-18,3,1,6,1,4,1,4,1,12,1,12,11,11
0,3,-6,-7,14,-17,1,0,3,1,12,1,12,1,12,1,12,41,11
0,3,-6,-7,14,-16,0,1,3,1,12,1,12,1,12,1,12,23,17
0,3,-6,-7,14,-15,1,5,6,1,4,1,4,1,12,1,12,11,11
0,3,-6,-7,14,-14,0,1,3,1,12,1,12,1,12,1,12,41,11
0,3,-6,-7,14,-13,0,1,3,1,12,1,12,1,12,1,12,29,11
0,3,-6,-7,14,-12,3,1,6,1,4,1,4,1,12,1,12,11,11
0,3,-6,-7,14,-11,1,0,3,1,12,1,12,1,12,1,12,35,11
0,3,-6,-7,14,-10,1,0,3,1,12,1,12,1,12,1,12,35,11
0,3,-6,-7,14,-9,2,3,6,1,4,1,4,1,12,1,12,23,11
0,3,-6,-7,14,-8,1,0,3,1,12,1,12,1,12,1,12,23,11
0,3,-6,-7,14,-7,0,1,3,1,12,1,12,1,12,1,12,41,11
0,3,-6,-7,14,-6,0,1,6,1,4,1,4,1,12,1,12,23,11
0,3,-6,-7,14,-5,0,1,3,1,12,1,12,1,12,1,12,23,17
0,3,-6,-7,14,-4,1,0,3,1,12,1,12,1,12,1,12,35,11
0,3,-6,-7,14,-3,3,1,6,1,4,1,4,1,12,1,12,11,11
0,3,-6,-7,14,-2,0,1,3,1,12,1,12,1,12,1,12,23,17
0,3,-6,-7,14,-1,1,0,3,1,12,1,12,1,12,1,12,23,11
0,3,-6,-6,12,-28,0,2,9,1,12,7,36,1,12,1,12,35,11
0,3,-6,-6,12,-26,0,4,9,1,12,7,36,1,12,1,12,35,11
0,3,-6,-6,12,-25,2,4,7,5,28,5,28,5,28,1,28,41,5
0,3,-6,-6,12,-23,3,5,9,7,36,1,12,1,12,1,12,53,5
0,3,-6,-6,12,-22,3,3,7,5,28,5,28,5,28,1,28,41,5
0,3,-6,-6,12,-20,0,3,7,1,28,5,28,5,28,1,28,55,27
0,3,-6,-6,12,-19,0,3,7,1,28,5,28,5,28,1,28,41,27
0,3,-6,-6,12,-17,2,4,7,1,28,1,28,5,28,1,28,97,27
0,3,-6,-6,12,-16,0,3,7,1,28,5,28,5,28,1,28,55,27
0,3,-6,-6,12,-14,1,4,7,5,28,1,28,5,28,1,28,83,13
0,3,-6,-6,12,-13,2,4,7,1,28,5,28,5,28,1,28,41,27
0,3,-6,-6,12,-11,0,3,7,1,28,1,28,5,28,1,28,55,27
0,3,-6,-6,12,-10,2,3,7,5,28,5,28,5,28,1,28,41,5
0,3,-6,-6,12,-8,1,4,7,5,28,5,28,5,28,1,28,41,5
0,3,-6,-6,12,-7,0,3,7,5,28,1,28,5,28,1,28,41,13
0,3,-6,-6,12,-5,1,3,7,1,28,1,28,5,28,1,28,41,27
0,3,-6,-6,12,-4,1,4,7,1,28,1,28,5,28,1,28,41,27
0,3,-6,-6,12,-2,1,3,7,1,28,5,28,5,28,1,28,41,27
0,3,-6,-6,12,-1,3,3,7,1,28,5,28,5,28,1,28,41,27
0,3,-6,-5,10,-29,1,1,3,1,12,1,12,1,12,1,12,29,23
0,3,-6,-5,10,-28,1,0,3,1,12,1,12,1,12,1,12,29,29
0,3,-6,-5,10,-27,2,5,6,1,4,1,4,1,12,1,12,9,11
0,3,-6,-5,10,-26,1,0,3,1,12,1,12,1,12,1,12,29,23
0,3,-6,-5,10,-25,0,1,3,1,12,1,12,1,12,1,12,29,29
0,3,-6,-5,10,-24,2,3,6,1,4,1,4,1,12,1,12,9,11
0,3,-6,-5,10,-23,1,0,3,1,12,1,12,1,12,1,12,29,23
0,3,-6,-5,10,-22,0,1,3,1,12,1,12,1,12,1,12,29,23
0,3,-6,-5,10,-21,2,1,6,1,4,1,4,1,12,1,12,9,11
0,3,-6,-5,10,-20,0,1,3,1,12,1,12,1,12,1,12,29,23
0,3,-6,-5,10,-19,1,1,3,1,12,1,12,1,12,1,12,29,17
0,3,-6,-5,10,-18,2,5,6,1,4,1,4,1,12,1,12,9,11
0,3,-6,-5,10,-17,0,1,3,1,12,1,12,1,12,1,12,23,23
0,3,-6,-5,10,-16,1,0,3,1,12,1,12,1,12,1,12,29,11
0,3,-6,-5,10,-15,1,3,6,1,4,1,4,1,12,1,12,11,11
0,3,-6,-5,10,-14,0,1,3,1,12,1,12,1,12,1,12,23,17
0,3,-6,-5,10,-13,1,0,3,1,12,1,12,1,12,1,12,29,11
0,3,-6,-5,10,-12,1,5,6,1,4,1,4,1,12,1,12,11,11
0,3,-6,-5,10,-11,1,0,3,1,12,1,12,1,12,1,12,23,11
0,3,-6,-5,10,-10,0,1,3,1,12,1,12,1,12,1,12,29,11
0,3,-6,-5,10,-9,1,3,6,1,4,1,4,1,12,1,12,11,11
0,3,-6,-5,10,-8,1,0,3,1,12,1,12,1,12,1,12,29,11
0,3,-6,-5,10,-7,0,1,3,1,12,1,12,1,12,1,12,23,11
0,3,-6,-5,10,-6,3,1,6,1,4,1,4,1,12,1,12,11,11
0,3,-6,-5,10,-5,0,1,3,1,12,1,12,1,12,1,12,29,11
0,3,-6,-5,10,-4,1,0,3,1,12,1,12,1,12,1,12,17,11
0,3,-6,-5,10,-3,1,5,6,1,4,1,4,1,12,1,12,11,11
0,3,-6,-5,10,-2,0,1,3,1,12,1,12,1,12,1,12,23,11
0,3,-6,-5,10,-1,1,0,3,1,12,1,12,1,12,1,12,17,11
0,3,-6,-5,10,0,2,3,6,1,4,1,4,1,12,1,12,9,11
0,3,-6,-4,8,-30,1,2,6,1,12,1,4,1,12,1,12,11,23
0,3,-6,-4,8,-28,0,1,3,1,12,1,12,1,12,1,12,23,23
0,3,-6,-4,8,-27,1,2,6,1,12,1,4,1,12,1,12,29,23
0,3,-6,-4,8,-26,0,1,3,1,12,1,12,1,12,1,12,29,23
0,3,-6,-4,8,-25,1,1,3,1,12,1,12,1,12,1,12,23,23
0,3,-6,-4,8,-24,1,4,6,1,12,1,4,1,12,1,12,23,23
0,3,-6,-4,8,-23,0,1,3,1,12,1,12,1,12,1,12,29,23
0,3,-6,-4,8,-22,1,0,3,1,12,1,12,1,12,1,12,23,23
0,3,-6,-4,8,-21,2,1,6,1,12,1,4,1,12,1,12,23,17
0,3,-6,-4,8,-20,0,1,3,1,12,1,12,1,12,1,12,23,23
0,3,-6,-4,8,-19,1,0,3,1,12,1,12,1,12,1,12,23,23
0,3,-6,-4,8,-18,2,1,6,1,12,1,4,1,12,1,12,23,11
0,3,-6,-4,8,-17,1,1,3,1,12,1,12,1,12,1,12,23,17
0,3,-6,-4,8,-16,0,1,3,1,12,1,12,1,12,1,12,23,23
0,3,-6,-4,8,-15,2,3,6,1,12,1,4,1,12,1,12,23,11
0,3,-6,-4,8,-14,1,0,3,1,12,1,12,1,12,1,12,23,11
0,3,-6,-4,8,-13,0,1,3,1,12,1,12,1,12,1,12,23,17
0,3,-6,-4,8,-12,1,5,6,1,12,1,4,1,12,1,12,23,11
0,3,-6,-4,8,-11,1,0,3,1,12,1,12,1,12,1,12,23,11
0,3,-6,-4,8,-10,1,0,3,1,12,1,12,1,12,1,12,23,11
0,3,-6,-4,8,-9,1,5,6,1,12,1,4,1,12,1,12,11,17
0,3,-6,-4,8,-8,0,1,3,1,12,1,12,1,12,1,12,23,11
0,3,-6,-4,8,-7,1,0,3,1,12,1,12,1,12,1,12,23,11
0,3,-6,-4,8,-6,1,3,6,1,12,1,4,1,12,1,12,11,11
0,3,-6,-4,8,-5,1,0,3,1,12,1,12,1,12,1,12,17,11
0,3,-6,-4,8,-4,0,1,3,1,12,1,12,1,12,1,12,23,11
0,3,-6,-4,8,-3,1,3,6,1,12,1,4,1,12,1,12,17,11
0,3,-6,-4,8,-2,0,1,3,1,12,1,12,1,12,1,12,11,11
0,3,-6,-4,8,-1,1,0,3,1,12,1,12,1,12,1,12,17,11
0,3,-6,-4,8,0,2,1,6,1,12,1,4,1,12,1,12,23,11
0,3,-6,-3,6,-29,0,1,9,1,12,7,36,1,12,1,12,89,5
0,3,-6,-3,6,-28,3,3,7,5,28,5,28,5,28,1,28,41,2
0,3,-6,-3,6,-26,0,3,7,5,28,5,28,5,28,1,28,41,2
0,3,-6,-3,6,-25,0,1,9,7,36,1,12,1,12,1,12,71,5
0,3,-6,-3,6,-23,2,3,7,5,28,5,28,5,28,1,28,41,2
0,3,-6,-3,6,-22,0,2,9,7,36,7,36,1,12,1,12,35,2
0,3,-6,-3,6,-20,0,3,7,1,28,1,28,5,28,1,28,139,13
0,3,-6,-3,6,-19,1,3,7,5,28,1,28,5,28,1,28,125,13
0,3,-6,-3,6,-17,1,4,7,1,28,5,28,5,28,1,28,125,13
0,3,-6,-3,6,-16,0,3,7,5,28,5,28,5,28,1,28,41,2
0,3,-6,-3,6,-14,2,3,7,1,28,1,28,5,28,1,28,97,13
0,3,-6,-3,6,-13,2,3,7,1,28,1,28,5,28,1,28,97,13
0,3,-6,-3,6,-11,1,4,7,5,28,1,28,5,28,1,28,69,13
0,3,-6,-3,6,-10,3,3,7,5,28,1,28,5,28,1,28,69,13
0,3,-6,-3,6,-8,0,3,7,1,28,1,28,5,28,1,28,55,13
0,3,-6,-3,6,-7,0,3,7,1,28,1,28,5,28,1,28,55,13
0,3,-6,-3,6,-5,1,3,7,5,28,1,28,5,28,1,28,41,13
0,3,-6,-3,6,-4,3,3,7,1,28,5,28,5,28,1,28,41,13
0,3,-6,-3,6,-2,0,3,7,5,28,5,28,5,28,1,28,41,2
0,3,-6,-3,6,-1,2,3,7,1,28,1,28,5,28,1,28,41,13
0,3,-5,-12,20,-14,1,3,6,1,12,1,12,1,4,1,4,17,23
0,3,-5,-12,20,-12,1,3,6,1,12,1,12,1,4,1,4,17,23
0,3,-5,-12,20,-8,2,3,6,1,12,1,12,1,4,1,4,11,23
0,3,-5,-12,20,-6,1,3,6,1,12,1,12,1,4,1,4,11,23
0,3,-5,-12,20,-4,1,3,6,1,12,1,12,1,4,1,4,9,23
0,3,-5,-12,20,-2,2,3,6,1,12,1,12,1,4,1,4,11,23
0,3,-5,-9,15,-17,1,3,6,1,4,1,12,1,4,1,4,29,5
0,3,-5,-9,15,-11,1,3,6,1,4,1,12,1,4,1,4,17,5
0,3,-5,-9,15,-9,1,3,6,1,4,1,12,1,4,1,4,17,5
0,3,-5,-9,15,-7,2,3,6,1,4,1,12,1,4,1,4,11,5
0,3,-5,-9,15,-3,1,3,6,1,4,1,12,1,4,1,4,9,5
0,3,-5,-9,15,-1,2,3,6,1,4,1,12,1,4,1,4,9,5
0,3,-5,-6,10,-14,2,3,6,1,12,1,12,1,4,1,4,35,11
0,3,-5,-6,10,-12,1,3,6,1,12,1,12,1,4,1,4,29,11
0,3,-5,-6,10,-8,1,3,6,1,12,1,12,1,4,1,4,17,11
0,3,-5,-6,10,-6,2,3,6,1,12,1,12,1,4,1,4,11,11
0,3,-5,-6,10,-4,2,3,6,1,12,1,12,1,4,1,4,11,11
0,3,-5,-6,10,-2,1,3,6,1,12,1,12,1,4,1,4,9,11
0,3,-5,-3,5,-17,3,1,7,1,28,1,28,1,28,5,28,125,13
0,3,-5,-3,5,-13,2,1,7,1,28,5,28,1,28,5,28,97,13
0,3,-5,-3,5,-11,3,1,7,1,28,1,28,1,28,5,28,83,13
0,3,-5,-3,5,-9,0,1,7,1,28,5,28,1,28,5,28,69,13
0,3,-5,-3,5,-7,0,1,7,5,28,5,28,1,28,5,28,69,2
0,3,-5,-3,5,-1,2,1,7,1,28,5,28,1,28,5,28,69,13
0,3,-4,-12,16,-28,1,1,6,1,12,1,12,1,12,1,4,41,23
0,3,-4,-12,16,-22,2,1,6,1,12,1,4,1,12,1,4,23,23
0,3,-4,-12,16,-21,2,1,6,1,4,1,4,1,12,1,4,23,7
0,3,-4,-12,16,-20,1,5,6,1,12,1,12,1,12,1,4,29,23
0,3,-4,-12,16,-16,1,5,6,1,12,1,4,1,12,1,4,23,23
0,3,-4,-12,16,-15,1,5,6,1,4,1,4,1,12,1,4,23,7
0,3,-4,-12,16,-14,0,1,6,1,12,1,4,1,12,1,4,23,23
0,3,-4,-12,16,-13,1,5,6,1,4,1,12,1,12,1,4,23,7
0,3,-4,-12,16,-12,1,1,6,1,12,1,12,1,12,1,4,23,23
0,3,-4,-12,16,-10,0,1,6,1,12,1,12,1,12,1,4,23,23
0,3,-4,-12,16,-9,1,5,6,1,4,1,4,1,12,1,4,23,7
0,3,-4,-12,16,-8,1,1,6,1,12,1,4,1,12,1,4,23,23
0,3,-4,-12,16,-7,2,1,6,1,4,1,12,1,12,1,4,23,7
0,3,-4,-12,16,-6,1,5,6,1,12,1,12,1,12,1,4,23,23
0,3,-4,-12,16,-5,1,5,6,1,4,1,12,1,12,1,4,23,7
0,3,-4,-12,16,-4,1,1,6,1,12,1,12,1,12,1,4,23,23
0,3,-4,-12,16,-3,2,1,6,1,4,1,4,1,12,1,4,23,7
0,3,-4,-12,16,-2,2,1,6,1,12,1,12,1,12,1,4,23,23
0,3,-4,-12,16,-1,2,1,6,1,4,1,12,1,12,1,4,23,7
0,3,-4,-9,12,-25,2,5,6,1,12,1,4,1,12,1,4,23,17
0,3,-4,-9,12,-24,2,5,6,1,4,1,4,1,12,1,4,23,5
0,3,-4,-9,12,-19,3,1,6,1,12,1,4,1,12,1,4,23,17
0,3,-4,-9,12,-18,2,1,6,1,4,1,4,1,12,1,4,23,5
0,3,-4,-9,12,-17,2,1,6,1,12,1,4,1,12,1,4,23,17
0,3,-4,-9,12,-16,1,1,6,1,12,1,12,1,12,1,4,29,17
0,3,-4,-9,12,-13,1,1,6,1,12,1,4,1,12,1,4,23,17
0,3,-4,-9,12,-12,1,5,6,1,4,1,4,1,12,1,4,23,5
0,3,-4,-9,12,-11,0,1,6,1,12,1,4,1,12,1,4,23,17
0,3,-4,-9,12,-10,1,1,6,1,12,1,12,1,12,1,4,23,17
0,3,-4,-9,12,-9,1,1,6,1,4,1,12,1,12,1,4,23,5
0,3,-4,-9,12,-8,0,1,6,1,12,1,12,1,12,1,4,23,17
0,3,-4,-9,12,-7,1,5,6,1,12,1,4,1,12,1,4,23,17
0,3,-4,-9,12,-6,1,1,6,1,4,1,4,1,12,1,4,23,5
0,3,-4,-9,12,-5,2,5,6,1,12,1,4,1,12,1,4,23,17
0,3,-4,-9,12,-4,1,5,6,1,12,1,12,1,12,1,4,23,17
0,3,-4,-9,12,-3,1,1,6,1,4,1,12,1,12,1,4,23,5
0,3,-4,-9,12,-2,1,1,6,1,12,1,12,1,12,1,4,23,17
0,3,-4,-9,12,-1,3,1,6,1,12,1,4,1,12,1,4,23,17
0,3,-4,-6,8,-28,1,1,6,1,12,1,12,1,12,1,4,65,11
0,3,-4,-6,8,-22,0,1,6,1,12,1,4,1,12,1,4,23,11
0,3,-4,-6,8,-21,1,5,6,1,4,1,4,1,12,1,4,23,3
0,3,-4,-6,8,-20,0,1,6,1,12,1,12,1,12,1,4,47,11
0,3,-4,-6,8,-16,2,1,6,1,12,1,12,1,12,1,4,35,11
0,3,-4,-6,8,-15,3,1,6,1,4,1,4,1,12,1,4,23,3
0,3,-4,-6,8,-14,2,5,6,1,12,1,12,1,12,1,4,35,11
0,3,-4,-6,8,-13,3,1,6,1,4,1,12,1,12,1,4,29,5
0,3,-4,-6,8,-12,1,1,6,1,12,1,12,1,12,1,4,29,11
0,3,-4,-6,8,-10,0,1,6,1,12,1,12,1,12,1,4,23,11
0,3,-4,-6,8,-9,1,1,6,1,4,1,4,1,12,1,4,23,3
0,3,-4,-6,8,-8,0,1,6,1,12,1,4,1,12,1,4,23,11
0,3,-4,-6,8,-7,1,1,6,1,4,1,12,1,12,1,4,23,5
0,3,-4,-6,8,-6,0,1,6,1,12,1,12,1,12,1,4,23,11
0,3,-4,-6,8,-5,2,5,6,1,4,1,12,1,12,1,4,23,5
0,3,-4,-6,8,-4,1,1,6,1,12,1,4,1,12,1,4,23,11
0,3,-4,-6,8,-3,2,5,6,1,4,1,4,1,12,1,4,23,3
0,3,-4,-6,8,-2,1,1,6,1,12,1,12,1,12,1,4,23,11
0,3,-4,-6,8,-1,2,5,6,1,4,1,12,1,12,1,4,23,5
0,3,-4,-3,4,-25,2,1,6,1,4,1,12,1,12,1,4,71,5
0,3,-4,-3,4,-24,2,1,6,1,12,1,12,1,12,1,4,71,5
0,3,-4,-3,4,-19,0,1,6,1,12,1,4,1,12,1,4,59,5
0,3,-4,-3,4,-18,0,1,6,1,4,1,4,1,12,1,4,23,1
0,3,-4,-3,4,-17,0,1,6,1,4,1,12,1,12,1,4,47,5
0,3,-4,-3,4,-16,0,1,6,1,12,1,12,1,12,1,4,47,5
0,3,-4,-3,4,-13,2,1,6,1,4,1,12,1,12,1,4,35,5
0,3,-4,-3,4,-12,2,1,6,1,12,1,12,1,12,1,4,35,5
0,3,-4,-3,4,-11,2,1,6,1,12,1,4,1,12,1,4,35,5
0,3,-4,-3,4,-10,3,1,6,1,12,1,12,1,12,1,4,29,5
0,3,-4,-3,4,-9,0,1,7,1,28,5,28,5,28,5,28,69,13
0,3,-4,-3,4,-8,0,1,6,1,12,1,12,1,12,1,4,23,5
0,3,-4,-3,4,-7,0,1,6,1,12,1,4,1,12,1,4,23,5
0,3,-4,-3,4,-6,0,1,6,1,4,1,4,1,12,1,4,23,1
0,3,-4,-3,4,-5,0,1,6,1,4,1,12,1,12,1,4,23,5
0,3,-4,-3,4,-2,3,1,6,1,12,1,12,1,12,1,4,23,5
0,3,-4,-3,4,-1,2,1,6,1,12,1,4,1,12,1,4,23,5
0,4,-25,-4,25,-3,0,1,3,1,12,1,12,1,12,1,12,149,5
0,4,-22,-4,22,-25,1,1,3,1,12,1,12,1,12,1,12,131,5
0,4,-22,-4,22,-19,1,1,3,1,12,1,12,1,12,1,12,131,5
0,4,-22,-4,22,-3,0,1,3,1,12,1,12,1,12,1,12,131,5
0,4,-21,-4,21,-24,2,1,6,1,12,1,12,1,4,1,12,71,5
0,4,-21,-4,21,-18,0,2,5,3,20,3,20,3,20,3,20,69,3
0,4,-19,-4,19,-3,0,1,3,1,12,1,12,1,12,1,12,113,5
0,4,-19,-4,19,-1,1,1,3,1,12,1,12,1,12,1,12,113,5
0,4,-18,-4,18,-19,0,1,7,5,28,1,28,5,28,5,28,125,13
0,4,-18,-4,18,-17,3,1,7,1,28,1,28,5,28,5,28,125,13
0,4,-18,-4,18,-1,2,1,7,1,28,5,28,5,28,5,28,50,13
0,4,-17,-4,17,-11,1,1,3,1,12,1,12,1,12,1,12,101,5
0,4,-17,-4,17,-3,0,1,3,1,12,1,12,1,12,1,12,101,5
0,4,-17,-4,17,-1,1,1,3,1,12,1,12,1,12,1,12,101,5
0,4,-16,-4,16,-19,1,1,3,1,12,1,12,1,12,1,12,95,5
0,4,-16,-4,16,-17,1,1,3,1,12,1,12,1,12,1,12,95,5
0,4,-16,-4,16,-15,0,1,3,1,12,1,12,1,12,1,12,95,5
0,4,-16,-4,16,-13,1,1,3,1,12,1,12,1,12,1,12,95,5
0,4,-16,-4,16,-11,1,1,3,1,12,1,12,1,12,1,12,95,5
0,4,-16,-4,16,-9,0,1,3,1,12,1,12,1,12,1,12,95,5
0,4,-16,-4,16,-7,1,1,3,1,12,1,12,1,12,1,12,95,5
0,4,-16,-4,16,-5,1,1,3,1,12,1,12,1,12,1,12,95,5
0,4,-16,-4,16,-3,0,1,3,1,12,1,12,1,12,1,12,95,5
0,4,-16,-4,16,-1,1,1,3,1,12,1,12,1,12,1,12,95,5
0,4,-15,-4,15,-24,2,1,6,1,12,1,12,1,4,1,12,71,5
0,4,-15,-4,15,-18,0,1,6,1,4,1,4,1,4,1,12,29,1
0,4,-15,-4,15,-16,0,1,6,1,12,1,12,1,4,1,12,47,5
0,4,-15,-4,15,-14,3,1,6,1,12,1,12,1,4,1,12,41,5
0,4,-15,-4,15,-12,2,1,6,1,12,1,12,1,4,1,12,35,5
0,4,-15,-4,15,-6,0,1,6,1,4,1,4,1,4,1,12,29,1
0,4,-15,-4,15,-1,2,1,6,1,12,1,4,1,4,1,12,29,5
0,4,-14,-4,14,-17,1,1,3,1,12,1,12,1,12,1,12,83,5
0,4,-14,-4,14,-15,0,1,3,1,12,1,12,1,12,1,12,83,5
0,4,-14,-4,14,-13,1,1,3,1,12,1,12,1,12,1,12,83,5
0,4,-14,-4,14,-11,1,1,3,1,12,1,12,1,12,1,12,83,5
0,4,-14,-4,14,-3,0,1,3,1,12,1,12,1,12,1,12,83,5
0,4,-14,-4,14,-1,1,1,3,1,12,1,12,1,12,1,12,83,5
0,4,-13,-4,13,-16,0,1,3,1,12,1,12,1,12,1,12,77,5
0,4,-13,-4,13,-14,0,1,3,1,12,1,12,1,12,1,12,77,5
0,4,-13,-4,13,-12,1,1,3,1,12,1,12,1,12,1,12,77,5
0,4,-13,-4,13,-10,0,1,3,1,12,1,12,1,12,1,12,77,5
0,4,-13,-4,13,-7,1,1,3,1,12,1,12,1,12,1,12,77,5
0,4,-13,-4,13,-5,1,1,3,1,12,1,12,1,12,1,12,77,5
0,4,-13,-4,13,-3,0,1,3,1,12,1,12,1,12,1,12,77,5
0,4,-13,-4,13,-1,1,1,3,1,12,1,12,1,12,1,12,77,5
0,4,-11,-8,22,-16,1,2,3,1,12,1,12,1,12,1,12,65,11
0,4,-11,-8,22,-6,0,1,3,1,12,1,12,1,12,1,12,65,11
0,4,-11,-4,11,-17,1,1,3,1,12,1,12,1,12,1,12,65,5
0,4,-11,-4,11,-16,0,1,3,1,12,1,12,1,12,1,12,65,5
0,4,-11,-4,11,-12,1,1,3,1,12,1,12,1,12,1,12,65,5
0,4,-11,-4,11,-10,0,1,3,1,12,1,12,1,12,1,12,65,5
0,4,-11,-4,11,-9,0,1,3,1,12,1,12,1,12,1,12,65,5
0,4,-11,-4,11,-6,1,1,3,1,12,1,12,1,12,1,12,65,5
0,4,-11,-4,11,-5,1,1,3,1,12,1,12,1,12,1,12,65,5
0,4,-11,-4,11,-3,0,1,3,1,12,1,12,1,12,1,12,65,5
0,4,-11,-4,11,-1,1,1,3,1,12,1,12,1,12,1,12,65,5
0,4,-10,-4,10,-13,1,1,3,1,12,1,12,1,12,1,12,59,5
0,4,-10,-4,10,-11,1,1,3,1,12,1,12,1,12,1,12,59,5
0,4,-10,-4,10,-9,0,1,3,1,12,1,12,1,12,1,12,59,5
0,4,-10,-4,10,-7,1,1,3,1,12,1,12,1,12,1,12,59,5
0,4,-10,-4,10,-3,0,1,3,1,12,1,12,1,12,1,12,59,5
0,4,-10,-4,10,-1,1,1,3,1,12,1,12,1,12,1,12,59,5
0,4,-9,-8,18,-16,0,2,5,3,20,3,20,3,20,3,20,29,6
0,4,-9,-8,18,-15,3,1,6,1,4,1,4,1,4,1,12,23,3
0,4,-9,-8,18,-3,0,2,5,3,20,3,20,3,20,3,20,29,6
0,4,-9,-8,18,-2,1,2,5,3,20,3,20,3,20,3,20,29,6
0,4,-9,-8,18,0,2,1,6,1,12,1,12,1,4,1,12,23,11
0,4,-9,-4,9,-24,2,1,6,1,12,1,12,1,4,1,12,71,5
0,4,-9,-4,9,-16,0,1,6,1,12,1,12,1,4,1,12,47,5
0,4,-9,-4,9,-14,3,1,6,1,12,1,12,1,4,1,12,41,5
0,4,-9,-4,9,-12,0,2,5,3,20,3,20,3,20,3,20,29,3
0,4,-9,-4,9,-11,2,1,6,1,12,1,4,1,4,1,12,35,5
0,4,-9,-4,9,-10,2,2,5,3,20,3,20,3,20,3,20,29,3
0,4,-9,-4,9,-8,0,2,5,3,20,3,20,3,20,3,20,29,3
0,4,-9,-4,9,-7,1,3,5,3,20,3,20,3,20,3,20,29,3
0,4,-9,-4,9,-6,0,1,6,1,4,1,4,1,4,1,12,23,1
0,4,-9,-4,9,-3,1,3,5,3,20,3,20,3,20,3,20,29,3
0,4,-9,-4,9,-2,0,2,5,3,20,3,20,3,20,3,20,29,3
0,4,-9,-4,9,-1,2,1,6,1,12,1,4,1,4,1,12,23,5
0,4,-8,-10,20,-29,0,1,3,1,12,1,12,1,12,1,12,29,29
0,4,-8,-10,20,-27,0,1,3,1,12,1,12,1,12,1,12,29,29
0,4,-8,-10,20,-25,1,1,3,1,12,1,12,1,12,1,12,29,29
0,4,-8,-10,20,-23,1,2,3,1,12,1,12,1,12,1,12,23,29
0,4,-8,-10,20,-21,1,1,3,1,12,1,12,1,12,1,12,23,29
0,4,-8,-10,20,-19,1,1,3,1,12,1,12,1,12,1,12,23,29
0,4,-8,-10,20,-17,1,2,3,1,12,1,12,1,12,1,12,23,29
0,4,-8,-10,20,-15,1,1,3,1,12,1,12,1,12,1,12,29,23
0,4,-8,-10,20,-13,1,2,3,1,12,1,12,1,12,1,12,23,29
0,4,-8,-10,20,-11,1,1,3,1,12,1,12,1,12,1,12,23,29
0,4,-8,-10,20,-9,1,0,3,1,12,1,12,1,12,1,12,29,23
0,4,-8,-10,20,-7,1,0,3,1,12,1,12,1,12,1,12,29,23
0,4,-8,-10,20,-5,1,2,3,1,12,1,12,1,12,1,12,29,23
0,4,-8,-10,20,-3,1,0,3,1,12,1,12,1,12,1,12,29,23
0,4,-8,-10,20,-1,1,0,3,1,12,1,12,1,12,1,12,29,23
0,4,-8,-9,18,-30,1,3,6,1,4,1,12,1,12,1,12,35,11
0,4,-8,-9,18,-28,1,0,3,1,12,1,12,1,12,1,12,41,23
0,4,-8,-9,18,-27,1,5,6,1,4,1,12,1,12,1,12,17,17
0,4,-8,-9,18,-26,1,0,3,1,12,1,12,1,12,1,12,41,11
0,4,-8,-9,18,-25,0,1,3,1,12,1,12,1,12,1,12,29,23
0,4,-8,-9,18,-24,1,3,6,1,4,1,12,1,12,1,12,11,23
0,4,-8,-9,18,-23,0,1,3,1,12,1,12,1,12,1,12,47,17
0,4,-8,-9,18,-22,1,0,3,1,12,1,12,1,12,1,12,53,11
0,4,-8,-9,18,-21,2,3,6,1,4,1,12,1,12,1,12,35,11
0,4,-8,-9,18,-20,0,1,3,1,12,1,12,1,12,1,12,23,29
0,4,-8,-9,18,-19,0,1,3,1,12,1,12,1,12,1,12,29,17
0,4,-8,-9,18,-18,1,3,6,1,4,1,12,1,12,1,12,17,11
0,4,-8,-9,18,-17,0,1,3,1,12,1,12,1,12,1,12,41,11
0,4,-8,-9,18,-16,0,1,3,1,12,1,12,1,12,1,12,23,23
0,4,-8,-9,18,-15,0,1,6,1,4,1,12,1,12,1,12,23,17
0,4,-8,-9,18,-14,1,0,3,1,12,1,12,1,12,1,12,41,11
0,4,-8,-9,18,-13,0,1,3,1,12,1,12,1,12,1,12,47,11
0,4,-8,-9,18,-12,0,1,6,1,4,1,12,1,12,1,12,23,11
0,4,-8,-9,18,-11,1,0,3,1,12,1,12,1,12,1,12,23,23
0,4,-8,-9,18,-10,1,0,3,1,12,1,12,1,12,1,12,29,11
0,4,-8,-9,18,-9,1,3,6,1,4,1,12,1,12,1,12,17,11
0,4,-8,-9,18,-8,0,1,3,1,12,1,12,1,12,1,12,29,11
0,4,-8,-9,18,-7,0,1,3,1,12,1,12,1,12,1,12,23,23
0,4,-8,-9,18,-6,2,3,6,1,4,1,12,1,12,1,12,23,11
0,4,-8,-9,18,-5,0,1,3,1,12,1,12,1,12,1,12,41,11
0,4,-8,-9,18,-4,0,1,3,1,12,1,12,1,12,1,12,41,11
0,4,-8,-9,18,-3,0,1,6,1,4,1,12,1,12,1,12,23,11
0,4,-8,-9,18,-2,0,1,3,1,12,1,12,1,12,1,12,23,23
0,4,-8,-9,18,-1,0,1,3,1,12,1,12,1,12,1,12,29,11
0,4,-8,-8,16,-29,1,1,3,1,12,1,12,1,12,1,12,71,11
0,4,-8,-8,16,-27,0,1,3,1,12,1,12,1,12,1,12,65,11
0,4,-8,-8,16,-25,0,1,3,1,12,1,12,1,12,1,12,59,11
0,4,-8,-8,16,-23,1,1,3,1,12,1,12,1,12,1,12,53,11
0,4,-8,-8,16,-21,0,1,3,1,12,1,12,1,12,1,12,47,11
0,4,-8,-8,16,-19,1,1,3,1,12,1,12,1,12,1,12,47,11
0,4,-8,-8,16,-17,1,2,3,1,12,1,12,1,12,1,12,47,11
0,4,-8,-8,16,-15,1,1,3,1,12,1,12,1,12,1,12,47,11
0,4,-8,-8,16,-13,1,1,3,1,12,1,12,1,12,1,12,47,11
0,4,-8,-8,16,-11,1,2,3,1,12,1,12,1,12,1,12,47,11
0,4,-8,-8,16,-9,0,1,3,1,12,1,12,1,12,1,12,47,11
0,4,-8,-8,16,-7,1,2,3,1,12,1,12,1,12,1,12,47,11
0,4,-8,-8,16,-5,0,1,3,1,12,1,12,1,12,1,12,47,11
0,4,-8,-8,16,-3,0,1,3,1,12,1,12,1,12,1,12,47,11
0,4,-8,-8,16,-1,1,2,3,1,12,1,12,1,12,1,12,47,11
0,4,-8,-7,14,-30,1,0,3,1,12,1,12,1,12,1,12,35,23
0,4,-8,-7,14,-28,1,2,3,1,12,1,12,1,12,1,12,41,23
0,4,-8,-7,14,-27,0,1,3,1,12,1,12,1,12,1,12,29,29
0,4,-8,-7,14,-26,1,2,3,1,12,1,12,1,12,1,12,35,17
0,4,-8,-7,14,-25,1,1,3,1,12,1,12,1,12,1,12,41,17
0,4,-8,-7,14,-24,1,0,3,1,12,1,12,1,12,1,12,35,23
0,4,-8,-7,14,-23,1,0,3,1,12,1,12,1,12,1,12,29,23
0,4,-8,-7,14,-22,1,0,3,1,12,1,12,1,12,1,12,41,11
0,4,-8,-7,14,-21,0,1,3,1,12,1,12,1,12,1,12,41,17
0,4,-8,-7,14,-20,1,0,3,1,12,1,12,1,12,1,12,29,23
0,4,-8,-7,14,-19,0,1,3,1,12,1,12,1,12,1,12,29,17
0,4,-8,-7,14,-18,1,0,3,1,12,1,12,1,12,1,12,41,11
0,4,-8,-7,14,-17,1,2,3,1,12,1,12,1,12,1,12,35,17
0,4,-8,-7,14,-16,1,2,3,1,12,1,12,1,12,1,12,23,23
0,4,-8,-7,14,-15,0,1,3,1,12,1,12,1,12,1,12,29,11
0,4,-8,-7,14,-14,0,1,3,1,12,1,12,1,12,1,12,41,11
0,4,-8,-7,14,-13,0,1,3,1,12,1,12,1,12,1,12,29,17
0,4,-8,-7,14,-12,0,1,3,1,12,1,12,1,12,1,12,23,17
0,4,-8,-7,14,-11,1,0,3,1,12,1,12,1,12,1,12,41,11
0,4,-8,-7,14,-10,1,0,3,1,12,1,12,1,12,1,12,29,11
0,4,-8,-7,14,-9,1,0,3,1,12,1,12,1,12,1,12,17,23
0,4,-8,-7,14,-8,1,1,3,1,12,1,12,1,12,1,12,23,11
0,4,-8,-7,14,-7,1,2,3,1,12,1,12,1,12,1,12,41,11
0,4,-8,-7,14,-6,1,0,3,1,12,1,12,1,12,1,12,23,11
0,4,-8,-7,14,-5,0,1,3,1,12,1,12,1,12,1,12,23,17
0,4,-8,-7,14,-4,1,2,3,1,12,1,12,1,12,1,12,35,11
0,4,-8,-7,14,-3,0,1,3,1,12,1,12,1,12,1,12,29,11
0,4,-8,-7,14,-2,1,1,3,1,12,1,12,1,12,1,12,23,17
0,4,-8,-7,14,-1,1,0,3,1,12,1,12,1,12,1,12,23,11
0,4,-8,-7,14,0,1,1,3,1,12,1,12,1,12,1,12,41,11
0,4,-8,-6,12,-29,0,1,3,1,12,1,12,1,12,1,12,41,17
0,4,-8,-6,12,-27,1,4,6,1,4,1,12,1,12,1,12,41,11
0,4,-8,-6,12,-25,0,1,3,1,12,1,12,1,12,1,12,29,17
0,4,-8,-6,12,-23,0,1,3,1,12,1,12,1,12,1,12,29,17
0,4,-8,-6,12,-21,1,2,6,1,4,1,12,1,12,1,12,29,11
0,4,-8,-6,12,-19,0,1,3,1,12,1,12,1,12,1,12,29,17
0,4,-8,-6,12,-17,1,1,3,1,12,1,12,1,12,1,12,23,17
0,4,-8,-6,12,-15,0,1,6,1,4,1,4,1,12,1,12,23,5
0,4,-8,-6,12,-13,1,1,3,1,12,1,12,1,12,1,12,23,17
0,4,-8,-6,12,-11,1,1,3,1,12,1,12,1,12,1,12,23,17
0,4,-8,-6,12,-9,1,2,6,1,4,1,12,1,12,1,12,23,11
0,4,-8,-6,12,-7,0,1,3,1,12,1,12,1,12,1,12,23,17
0,4,-8,-6,12,-5,0,1,3,1,12,1,12,1,12,1,12,23,17
0,4,-8,-6,12,-3,1,1,6,1,4,1,4,1,12,1,12,23,5
0,4,-8,-6,12,-1,0,1,3,1,12,1,12,1,12,1,12,23,17
0,4,-8,-5,10,-30,1,0,3,1,12,1,12,1,12,1,12,29,29
0,4,-8,-5,10,-28,1,0,3,1,12,1,12,1,12,1,12,29,23
0,4,-8,-5,10,-27,1,1,3,1,12,1,12,1,12,1,12,29,17
0,4,-8,-5,10,-26,1,0,3,1,12,1,12,1,12,1,12,29,23
0,4,-8,-5,10,-25,0,1,3,1,12,1,12,1,12,1,12,29,29
0,4,-8,-5,10,-24,1,0,3,1,12,1,12,1,12,1,12,35,23
0,4,-8,-5,10,-23,1,1,3,1,12,1,12,1,12,1,12,29,17
0,4,-8,-5,10,-22,1,1,3,1,12,1,12,1,12,1,12,29,17
0,4,-8,-5,10,-21,0,1,3,1,12,1,12,1,12,1,12,29,23
0,4,-8,-5,10,-20,1,2,3,1,12,1,12,1,12,1,12,29,23
0,4,-8,-5,10,-19,1,2,3,1,12,1,12,1,12,1,12,29,17
0,4,-8,-5,10,-18,1,0,3,1,12,1,12,1,12,1,12,29,11
0,4,-8,-5,10,-17,0,1,3,1,12,1,12,1,12,1,12,29,17
0,4,-8,-5,10,-16,0,1,3,1,12,1,12,1,12,1,12,23,23
0,4,-8,-5,10,-15,0,1,3,1,12,1,12,1,12,1,12,29,17
0,4,-8,-5,10,-14,1,0,3,1,12,1,12,1,12,1,12,29,11
0,4,-8,-5,10,-13,1,0,3,1,12,1,12,1,12,1,12,29,11
0,4,-8,-5,10,-12,0,1,3,1,12,1,12,1,12,1,12,23,17
0,4,-8,-5,10,-11,0,1,3,1,12,1,12,1,12,1,12,23,17
0,4,-8,-5,10,-10,0,1,3,1,12,1,12,1,12,1,12,29,11
0,4,-8,-5,10,-9,1,0,3,1,12,1,12,1,12,1,12,29,11
0,4,-8,-5,10,-8,1,2,3,1,12,1,12,1,12,1,12,23,11
0,4,-8,-5,10,-7,1,2,3,1,12,1,12,1,12,1,12,17,17
0,4,-8,-5,10,-6,0,1,3,1,12,1,12,1,12,1,12,23,11
0,4,-8,-5,10,-5,1,2,3,1,12,1,12,1,12,1,12,29,11
0,4,-8,-5,10,-4,0,1,3,1,12,1,12,1,12,1,12,23,11
0,4,-8,-5,10,-3,1,0,3,1,12,1,12,1,12,1,12,17,11
0,4,-8,-5,10,-2,1,0,3,1,12,1,12,1,12,1,12,17,11
0,4,-8,-5,10,-1,1,0,3,1,12,1,12,1,12,1,12,23,11
0,4,-8,-5,10,0,1,1,3,1,12,1,12,1,12,1,12,29,11
0,4,-8,-4,8,-29,1,1,3,1,12,1,12,1,12,1,12,89,5
0,4,-8,-4,8,-27,0,1,3,1,12,1,12,1,12,1,12,83,5
0,4,-8,-4,8,-25,1,1,3,1,12,1,12,1,12,1,12,77,5
0,4,-8,-4,8,-23,1,1,3,1,12,1,12,1,12,1,12,71,5
0,4,-8,-4,8,-21,0,1,3,1,12,1,12,1,12,1,12,65,5
0,4,-8,-4,8,-19,1,1,3,1,12,1,12,1,12,1,12,59,5
0,4,-8,-4,8,-17,1,1,3,1,12,1,12,1,12,1,12,53,5
0,4,-8,-4,8,-15,0,1,3,1,12,1,12,1,12,1,12,47,5
0,4,-8,-4,8,-13,1,1,3,1,12,1,12,1,12,1,12,47,5
0,4,-8,-4,8,-11,1,1,3,1,12,1,12,1,12,1,12,47,5
0,4,-8,-4,8,-9,0,1,3,1,12,1,12,1,12,1,12,47,5
0,4,-8,-4,8,-7,1,1,3,1,12,1,12,1,12,1,12,47,5
0,4,-8,-4,8,-5,1,1,3,1,12,1,12,1,12,1,12,47,5
0,4,-8,-4,8,-3,0,1,3,1,12,1,12,1,12,1,12,47,5
0,4,-8,-4,8,-1,1,1,3,1,12,1,12,1,12,1,12,47,5
0,4,-7,-8,14,-20,0,1,3,1,12,1,12,1,12,1,12,47,11
0,4,-7,-8,14,-16,1,2,3,1,12,1,12,1,12,1,12,41,11
0,4,-7,-8,14,-9,0,1,3,1,12,1,12,1,12,1,12,41,11
0,4,-7,-8,14,-8,1,1,3,1,12,1,12,1,12,1,12,41,11
0,4,-7,-8,14,-6,0,1,3,1,12,1,12,1,12,1,12,41,11
0,4,-7,-8,14,-5,0,1,3,1,12,1,12,1,12,1,12,41,11
0,4,-7,-8,14,-3,0,1,3,1,12,1,12,1,12,1,12,41,11
0,4,-7,-8,14,-2,1,1,3,1,12,1,12,1,12,1,12,41,11
0,4,-7,-4,7,-16,0,1,3,1,12,1,12,1,12,1,12,47,5
0,4,-7,-4,7,-13,1,1,3,1,12,1,12,1,12,1,12,41,5
0,4,-7,-4,7,-12,1,1,3,1,12,1,12,1,12,1,12,41,5
0,4,-7,-4,7,-10,0,1,3,1,12,1,12,1,12,1,12,41,5
0,4,-7,-4,7,-9,0,1,3,1,12,1,12,1,12,1,12,41,5
0,4,-7,-4,7,-8,0,1,3,1,12,1,12,1,12,1,12,41,5
0,4,-7,-4,7,-6,1,1,3,1,12,1,12,1,12,1,12,41,5
0,4,-7,-4,7,-5,1,1,3,1,12,1,12,1,12,1,12,41,5
0,4,-7,-4,7,-3,0,1,3,1,12,1,12,1,12,1,12,41,5
0,4,-7,-4,7,-2,0,1,3,1,12,1,12,1,12,1,12,41,5
0,4,-7,-4,7,-1,1,1,3,1,12,1,12,1,12,1,12,41,5
0,4,-6,-8,12,-17,1,2,5,3,20,3,20,3,20,3,20,23,6
0,4,-6,-8,12,-13,2,3,5,3,20,3,20,3,20,3,20,19,6
0,4,-6,-8,12,-11,1,2,5,3,20,3,20,3,20,3,20,19,6
0,4,-6,-8,12,-9,0,2,5,3,20,3,20,3,20,3,20,19,6
0,4,-6,-8,12,-7,2,3,5,3,20,3,20,3,20,3,20,19,6
0,4,-6,-8,12,-5,1,3,7,1,28,1,28,5,28,1,28,55,27
0,4,-6,-8,12,-3,0,2,5,3,20,3,20,3,20,3,20,19,6
0,4,-6,-8,12,-1,2,3,5,3,20,3,20,3,20,3,20,19,6
0,4,-6,-6,9,-20,1,1,5,3,20,3,20,3,20,3,20,13,9
0,4,-6,-6,9,-16,0,1,6,1,12,1,12,1,4,1,12,23,17
0,4,-6,-6,9,-15,0,1,5,3,20,3,20,3,20,3,20,9,9
0,4,-6,-6,9,-14,1,1,6,1,12,1,12,1,4,1,12,23,17
0,4,-6,-6,9,-12,0,1,5,3,20,3,20,3,20,3,20,9,9
0,4,-6,-6,9,-11,3,1,6,1,12,1,4,1,4,1,12,11,17
0,4,-6,-6,9,-10,0,1,5,3,20,3,20,3,20,3,20,9,9
0,4,-6,-6,9,-9,3,1,6,1,4,1,4,1,4,1,12,11,5
0,4,-6,-6,9,-8,2,1,5,3,20,3,20,3,20,3,20,9,9
0,4,-6,-6,9,-7,2,1,5,3,20,3,20,3,20,3,20,9,9
0,4,-6,-6,9,-6,1,1,6,1,4,1,12,1,4,1,12,11,11
0,4,-6,-6,9,-5,1,4,5,3,20,3,20,3,20,3,20,9,9
0,4,-6,-6,9,-4,2,1,6,1,12,1,12,1,4,1,12,11,17
0,4,-6,-6,9,-3,1,1,5,3,20,3,20,3,20,3,20,9,9
0,4,-6,-6,9,-2,1,4,5,3,20,3,20,3,20,3,20,9,9
0,4,-6,-6,9,-1,1,1,6,1,12,1,4,1,4,1,12,11,17
0,4,-6,-6,9,0,1,1,5,3,20,3,20,3,20,3,20,9,9
0,4,-6,-4,6,-17,1,3,5,3,20,3,20,3,20,3,20,29,3
0,4,-6,-4,6,-13,1,3,5,3,20,3,20,3,20,3,20,23,3
0,4,-6,-4,6,-11,1,4,7,5,28,1,28,5,28,1,28,69,13
0,4,-6,-4,6,-9,1,3,7,1,28,5,28,5,28,1,28,69,13
0,4,-6,-4,6,-7,1,3,5,3,20,3,20,3,20,3,20,19,3
0,4,-6,-4,6,-5,1,2,5,3,20,3,20,3,20,3,20,19,3
0,4,-6,-4,6,-3,1,3,5,3,20,3,20,3,20,3,20,19,3
0,4,-6,-4,6,-1,2,3,7,1,28,1,28,5,28,1,28,55,13
0,4,-5,-8,10,-16,1,2,3,1,12,1,12,1,12,1,12,35,11
0,4,-5,-8,10,-12,0,1,3,1,12,1,12,1,12,1,12,29,11
0,4,-5,-8,10,-11,1,2,3,1,12,1,12,1,12,1,12,29,11
0,4,-5,-8,10,-9,0,1,3,1,12,1,12,1,12,1,12,29,11
0,4,-5,-8,10,-8,1,1,3,1,12,1,12,1,12,1,12,29,11
0,4,-5,-8,10,-7,1,2,3,1,12,1,12,1,12,1,12,29,11
0,4,-5,-8,10,-6,0,1,3,1,12,1,12,1,12,1,12,29,11
0,4,-5,-8,10,-3,0,1,3,1,12,1,12,1,12,1,12,29,11
0,4,-5,-8,10,-2,1,1,3,1,12,1,12,1,12,1,12,29,11
0,4,-5,-8,10,-1,1,2,3,1,12,1,12,1,12,1,12,29,11
0,4,-5,-4,5,-16,0,1,3,1,12,1,12,1,12,1,12,47,5
0,4,-5,-4,5,-14,0,1,3,1,12,1,12,1,12,1,12,41,5
0,4,-5,-4,5,-13,1,1,3,1,12,1,12,1,12,1,12,41,5
0,4,-5,-4,5,-12,1,1,3,1,12,1,12,1,12,1,12,35,5
0,4,-5,-4,5,-11,1,1,3,1,12,1,12,1,12,1,12,35,5
0,4,-5,-4,5,-8,0,1,3,1,12,1,12,1,12,1,12,29,5
0,4,-5,-4,5,-7,1,1,3,1,12,1,12,1,12,1,12,29,5
0,4,-5,-4,5,-6,1,1,3,1,12,1,12,1,12,1,12,29,5
0,4,-5,-4,5,-3,0,1,3,1,12,1,12,1,12,1,12,29,5
0,4,-5,-4,5,-2,0,1,3,1,12,1,12,1,12,1,12,29,5
0,4,-5,-4,5,-1,1,1,3,1,12,1,12,1,12,1,12,29,5
0,5,-28,-5,28,-16,0,1,3,1,12,1,12,1,12,1,12,167,5
0,5,-24,-5,24,-11,0,1,9,1,12,7,36,1,12,7,36,143,5
0,5,-22,-5,22,-14,0,1,3,1,12,1,12,1,12,1,12,131,5
0,5,-18,-5,18,-19,0,1,7,5,28,1,28,5,28,1,28,125,13
0,5,-18,-5,18,-17,3,1,7,1,28,1,28,5,28,1,28,125,13
0,5,-18,-5,18,-7,0,1,7,5,28,5,28,5,28,1,28,69,2
0,5,-18,-5,18,-2,3,1,7,5,28,1,28,5,28,1,28,69,13
0,5,-16,-5,16,-17,1,1,3,1,12,1,12,1,12,1,12,95,5
0,5,-16,-5,16,-12,1,1,3,1,12,1,12,1,12,1,12,95,5
0,5,-16,-5,16,-9,0,1,3,1,12,1,12,1,12,1,12,95,5
0,5,-16,-5,16,-4,0,1,3,1,12,1,12,1,12,1,12,95,5
0,5,-16,-5,16,-2,0,1,3,1,12,1,12,1,12,1,12,95,5
0,5,-14,-5,14,-17,1,1,3,1,12,1,12,1,12,1,12,83,5
0,5,-14,-5,14,-13,1,1,3,1,12,1,12,1,12,1,12,83,5
0,5,-14,-5,14,-11,1,1,3,1,12,1,12,1,12,1,12,83,5
0,5,-14,-5,14,-8,0,1,3,1,12,1,12,1,12,1,12,83,5
0,5,-14,-5,14,-6,1,1,3,1,12,1,12,1,12,1,12,83,5
0,5,-14,-5,14,-2,0,1,3,1,12,1,12,1,12,1,12,83,5
0,5,-13,-5,13,-19,1,1,3,1,12,1,12,1,12,1,12,77,5
0,5,-13,-5,13,-11,1,1,3,1,12,1,12,1,12,1,12,77,5
0,5,-13,-5,13,-7,1,1,3,1,12,1,12,1,12,1,12,77,5
0,5,-13,-5,13,-3,0,1,3,1,12,1,12,1,12,1,12,77,5
0,5,-12,-10,24,-4,2,5,7,5,28,1,28,5,28,5,28,33,13
0,5,-12,-5,12,-16,0,2,7,1,28,1,28,5,28,5,28,111,13
0,5,-12,-5,12,-13,2,1,7,1,28,5,28,1,28,1,28,167,13
0,5,-12,-5,12,-11,0,2,7,1,28,5,28,5,28,5,28,83,13
0,5,-12,-5,12,-9,0,1,7,1,28,5,28,1,28,1,28,167,13
0,5,-12,-5,12,-8,0,1,7,5,28,5,28,1,28,1,28,167,2
0,5,-12,-5,12,-4,0,1,7,1,28,1,28,1,28,1,28,167,13
0,5,-12,-5,12,-3,0,2,7,5,28,1,28,5,28,5,28,33,13
0,5,-12,-5,12,-2,0,2,7,1,28,1,28,5,28,5,28,33,13
0,5,-11,-5,11,-13,1,1,3,1,12,1,12,1,12,1,12,65,5
0,5,-11,-5,11,-9,0,1,3,1,12,1,12,1,12,1,12,65,5
0,5,-11,-5,11,-7,1,1,3,1,12,1,12,1,12,1,12,65,5
0,5,-11,-5,11,-1,1,1,3,1,12,1,12,1,12,1,12,65,5
0,5,-10,-10,20,-28,1,1,3,1,12,1,12,1,12,1,12,65,11
0,5,-10,-10,20,-27,0,1,3,1,12,1,12,1,12,1,12,65,11
0,5,-10,-10,20,-26,1,2,3,1,12,1,12,1,12,1,12,59,11
0,5,-10,-10,20,-24,0,1,3,1,12,1,12,1,12,1,12,59,11
0,5,-10,-10,20,-23,1,1,3,1,12,1,12,1,12,1,12,59,11
0,5,-10,-10,20,-22,1,2,3,1,12,1,12,1,12,1,12,59,11
0,5,-10,-10,20,-21,0,1,3,1,12,1,12,1,12,1,12,59,11
0,5,-10,-10,20,-19,1,1,3,1,12,1,12,1,12,1,12,59,11
0,5,-10,-10,20,-18,0,1,3,1,12,1,12,1,12,1,12,59,11
0,5,-10,-10,20,-17,1,2,3,1,12,1,12,1,12,1,12,59,11
0,5,-10,-10,20,-16,1,2,3,1,12,1,12,1,12,1,12,59,11
0,5,-10,-10,20,-14,1,1,3,1,12,1,12,1,12,1,12,59,11
0,5,-10,-10,20,-13,1,1,3,1,12,1,12,1,12,1,12,59,11
0,5,-10,-10,20,-12,0,1,3,1,12,1,12,1,12,1,12,59,11
0,5,-10,-10,20,-11,1,2,3,1,12,1,12,1,12,1,12,59,11
0,5,-10,-10,20,-9,0,1,3,1,12,1,12,1,12,1,12,59,11
0,5,-10,-10,20,-8,1,1,3,1,12,1,12,1,12,1,12,59,11
0,5,-10,-10,20,-7,1,2,3,1,12,1,12,1,12,1,12,59,11
0,5,-10,-10,20,-6,0,1,3,1,12,1,12,1,12,1,12,59,11
0,5,-10,-10,20,-4,1,2,3,1,12,1,12,1,12,1,12,59,11
0,5,-10,-10,20,-3,0,1,3,1,12,1,12,1,12,1,12,59,11
0,5,-10,-10,20,-2,1,1,3,1,12,1,12,1,12,1,12,59,11
0,5,-10,-10,20,-1,1,2,3,1,12,1,12,1,12,1,12,59,11
0,5,-10,-9,18,-29,1,0,3,1,12,1,12,1,12,1,12,35,23
0,5,-10,-9,18,-28,0,1,3,1,12,1,12,1,12,1,12,41,11
0,5,-10,-9,18,-27,1,3,6,1,4,1,4,1,12,1,12,17,11
0,5,-10,-9,18,-26,1,0,3,1,12,1,12,1,12,1,12,29,23
0,5,-10,-9,18,-25,0,1,3,1,12,1,12,1,12,1,12,29,29
0,5,-10,-9,18,-24,3,1,6,1,4,1,4,1,12,1,12,11,11
0,5,-10,-9,18,-23,1,0,3,1,12,1,12,1,12,1,12,53,11
0,5,-10,-9,18,-22,0,1,3,1,12,1,12,1,12,1,12,41,17
0,5,-10,-9,18,-21,0,1,6,1,4,1,4,1,12,1,12,23,11
0,5,-10,-9,18,-20,0,1,3,1,12,1,12,1,12,1,12,29,23
0,5,-10,-9,18,-19,1,0,3,1,12,1,12,1,12,1,12,41,11
0,5,-10,-9,18,-18,3,1,6,1,4,1,4,1,12,1,12,17,11
0,5,-10,-9,18,-17,0,1,3,1,12,1,12,1,12,1,12,29,17
0,5,-10,-9,18,-16,0,1,3,1,12,1,12,1,12,1,12,29,23
0,5,-10,-9,18,-15,2,3,6,1,4,1,4,1,12,1,12,23,11
0,5,-10,-9,18,-14,1,0,3,1,12,1,12,1,12,1,12,47,11
0,5,-10,-9,18,-13,0,1,3,1,12,1,12,1,12,1,12,41,11
0,5,-10,-9,18,-12,2,3,6,1,4,1,4,1,12,1,12,23,11
0,5,-10,-9,18,-11,1,0,3,1,12,1,12,1,12,1,12,23,23
0,5,-10,-9,18,-10,0,1,3,1,12,1,12,1,12,1,12,29,11
0,5,-10,-9,18,-9,1,5,6,1,4,1,4,1,12,1,12,17,11
0,5,-10,-9,18,-8,0,1,3,1,12,1,12,1,12,1,12,29,11
0,5,-10,-9,18,-7,1,0,3,1,12,1,12,1,12,1,12,23,23
0,5,-10,-9,18,-6,0,1,6,1,4,1,4,1,12,1,12,23,11
0,5,-10,-9,18,-5,0,1,3,1,12,1,12,1,12,1,12,41,11
0,5,-10,-9,18,-4,1,0,3,1,12,1,12,1,12,1,12,41,11
0,5,-10,-9,18,-3,2,5,6,1,4,1,4,1,12,1,12,23,11
0,5,-10,-9,18,-2,0,1,3,1,12,1,12,1,12,1,12,23,23
0,5,-10,-9,18,-1,1,0,3,1,12,1,12,1,12,1,12,29,11
0,5,-10,-9,18,0,2,3,6,1,4,1,4,1,12,1,12,17,11
0,5,-10,-8,16,-30,1,0,3,1,12,1,12,1,12,1,12,35,29
0,5,-10,-8,16,-28,1,0,3,1,12,1,12,1,12,1,12,35,23
0,5,-10,-8,16,-27,0,1,3,1,12,1,12,1,12,1,12,41,23
0,5,-10,-8,16,-26,1,0,3,1,12,1,12,1,12,1,12,47,11
0,5,-10,-8,16,-25,1,2,3,1,12,1,12,1,12,1,12,29,29
0,5,-10,-8,16,-24,0,1,3,1,12,1,12,1,12,1,12,47,17
0,5,-10,-8,16,-23,1,2,3,1,12,1,12,1,12,1,12,35,17
0,5,-10,-8,16,-22,1,0,3,1,12,1,12,1,12,1,12,35,23
0,5,-10,-8,16,-21,1,0,3,1,12,1,12,1,12,1,12,47,11
0,5,-10,-8,16,-20,1,1,3,1,12,1,12,1,12,1,12,29,23
0,5,-10,-8,16,-19,1,1,3,1,12,1,12,1,12,1,12,35,17
0,5,-10,-8,16,-18,1,0,3,1,12,1,12,1,12,1,12,35,11
0,5,-10,-8,16,-17,0,1,3,1,12,1,12,1,12,1,12,29,23
0,5,-10,-8,16,-16,1,2,3,1,12,1,12,1,12,1,12,47,11
0,5,-10,-8,16,-15,0,1,3,1,12,1,12,1,12,1,12,29,17
0,5,-10,-8,16,-14,0,1,3,1,12,1,12,1,12,1,12,23,17
0,5,-10,-8,16,-13,1,0,3,1,12,1,12,1,12,1,12,47,11
0,5,-10,-8,16,-12,1,0,3,1,12,1,12,1,12,1,12,23,23
0,5,-10,-8,16,-11,1,0,3,1,12,1,12,1,12,1,12,35,11
0,5,-10,-8,16,-10,0,1,3,1,12,1,12,1,12,1,12,29,11
0,5,-10,-8,16,-9,0,1,3,1,12,1,12,1,12,1,12,23,17
0,5,-10,-8,16,-8,0,1,3,1,12,1,12,1,12,1,12,47,11
0,5,-10,-8,16,-7,1,1,3,1,12,1,12,1,12,1,12,23,17
0,5,-10,-8,16,-6,0,1,3,1,12,1,12,1,12,1,12,23,11
0,5,-10,-8,16,-5,0,1,3,1,12,1,12,1,12,1,12,41,11
0,5,-10,-8,16,-4,0,1,3,1,12,1,12,1,12,1,12,23,23
0,5,-10,-8,16,-3,1,0,3,1,12,1,12,1,12,1,12,35,11
0,5,-10,-8,16,-2,1,0,3,1,12,1,12,1,12,1,12,23,11
0,5,-10,-8,16,-1,0,1,3,1,12,1,12,1,12,1,12,23,17
0,5,-10,-8,16,0,1,1,3,1,12,1,12,1,12,1,12,47,11
0,5,-10,-7,14,-29,0,1,3,1,12,1,12,1,12,1,12,41,17
0,5,-10,-7,14,-28,0,1,3,1,12,1,12,1,12,1,12,41,23
0,5,-10,-7,14,-27,1,0,3,1,12,1,12,1,12,1,12,35,23
0,5,-10,-7,14,-26,0,1,3,1,12,1,12,1,12,1,12,47,17
0,5,-10,-7,14,-25,0,1,3,1,12,1,12,1,12,1,12,29,29
0,5,-10,-7,14,-24,1,0,3,1,12,1,12,1,12,1,12,41,11
0,5,-10,-7,14,-23,1,0,3,1,12,1,12,1,12,1,12,35,23
0,5,-10,-7,14,-22,1,2,3,1,12,1,12,1,12,1,12,35,17
0,5,-10,-7,14,-21,0,1,3,1,12,1,12,1,12,1,12,41,17
0,5,-10,-7,14,-20,1,2,3,1,12,1,12,1,12,1,12,29,23
0,5,-10,-7,14,-19,1,0,3,1,12,1,12,1,12,1,12,41,11
0,5,-10,-7,14,-18,0,1,3,1,12,1,12,1,12,1,12,29,23
0,5,-10,-7,14,-17,1,0,3,1,12,1,12,1,12,1,12,35,11
0,5,-10,-7,14,-16,1,2,3,1,12,1,12,1,12,1,12,35,17
0,5,-10,-7,14,-15,0,1,3,1,12,1,12,1,12,1,12,29,17
0,5,-10,-7,14,-14,1,2,3,1,12,1,12,1,12,1,12,41,11
0,5,-10,-7,14,-13,1,0,3,1,12,1,12,1,12,1,12,23,23
0,5,-10,-7,14,-12,1,0,3,1,12,1,12,1,12,1,12,41,11
0,5,-10,-7,14,-11,1,1,3,1,12,1,12,1,12,1,12,23,17
0,5,-10,-7,14,-10,1,1,3,1,12,1,12,1,12,1,12,29,11
0,5,-10,-7,14,-9,0,1,3,1,12,1,12,1,12,1,12,29,11
0,5,-10,-7,14,-8,1,1,3,1,12,1,12,1,12,1,12,23,17
0,5,-10,-7,14,-7,0,1,3,1,12,1,12,1,12,1,12,41,11
0,5,-10,-7,14,-6,1,0,3,1,12,1,12,1,12,1,12,17,23
0,5,-10,-7,14,-5,1,2,3,1,12,1,12,1,12,1,12,35,11
0,5,-10,-7,14,-4,1,0,3,1,12,1,12,1,12,1,12,23,11
0,5,-10,-7,14,-3,1,0,3,1,12,1,12,1,12,1,12,23,11
0,5,-10,-7,14,-2,1,0,3,1,12,1,12,1,12,1,12,29,11
0,5,-10,-7,14,-1,0,1,3,1,12,1,12,1,12,1,12,23,17
0,5,-10,-7,14,0,1,1,3,1,12,1,12,1,12,1,12,41,11
0,5,-10,-6,12,-30,2,4,7,5,28,5,28,5,28,1,28,16,13
0,5,-10,-6,12,-28,1,1,3,1,12,1,12,1,12,1,12,35,17
0,5,-10,-6,12,-27,2,3,7,5,28,5,28,5,28,1,28,16,13
0,5,-10,-6,12,-26,1,0,3,1,12,1,12,1,12,1,12,35,23
0,5,-10,-6,12,-25,0,1,3,1,12,1,12,1,12,1,12,29,29
0,5,-10,-6,12,-24,2,5,9,1,12,7,36,1,12,1,12,35,11
0,5,-10,-6,12,-23,0,1,3,1,12,1,12,1,12,1,12,41,17
0,5,-10,-6,12,-22,1,0,3,1,12,1,12,1,12,1,12,35,11
0,5,-10,-6,12,-21,1,3,7,1,28,5,28,5,28,1,28,41,41
0,5,-10,-6,12,-20,0,1,3,1,12,1,12,1,12,1,12,29,23
0,5,-10,-6,12,-19,0,1,3,1,12,1,12,1,12,1,12,29,23
0,5,-10,-6,12,-18,0,2,7,1,28,5,28,5,28,1,28,83,13
0,5,-10,-6,12,-17,1,0,3,1,12,1,12,1,12,1,12,35,11
0,5,-10,-6,12,-16,1,0,3,1,12,1,12,1,12,1,12,35,11
0,5,-10,-6,12,-15,3,5,7,5,28,5,28,5,28,1,28,13,13
0,5,-10,-6,12,-14,0,1,3,1,12,1,12,1,12,1,12,23,23
0,5,-10,-6,12,-13,0,1,3,1,12,1,12,1,12,1,12,29,17
0,5,-10,-6,12,-12,1,3,7,5,28,5,28,5,28,1,28,16,13
0,5,-10,-6,12,-11,1,0,3,1,12,1,12,1,12,1,12,35,11
0,5,-10,-6,12,-10,0,1,3,1,12,1,12,1,12,1,12,29,11
0,5,-10,-6,12,-9,1,3,7,5,28,5,28,5,28,1,28,27,13
0,5,-10,-6,12,-8,0,1,3,1,12,1,12,1,12,1,12,23,17
0,5,-10,-6,12,-7,0,1,3,1,12,1,12,1,12,1,12,23,11
0,5,-10,-6,12,-6,2,4,7,5,28,5,28,5,28,1,28,16,13
0,5,-10,-6,12,-5,0,1,3,1,12,1,12,1,12,1,12,29,11
0,5,-10,-6,12,-4,1,0,3,1,12,1,12,1,12,1,12,23,11
0,5,-10,-6,12,-3,1,3,7,5,28,1,28,5,28,1,28,27,27
0,5,-10,-6,12,-2,0,1,3,1,12,1,12,1,12,1,12,23,11
0,5,-10,-6,12,-1,1,0,3,1,12,1,12,1,12,1,12,23,11
0,5,-10,-6,12,0,2,2,7,1,28,5,28,5,28,1,28,83,13
0,5,-10,-5,10,-29,1,1,3,1,12,1,12,1,12,1,12,89,5
0,5,-10,-5,10,-28,0,1,3,1,12,1,12,1,12,1,12,83,5
0,5,-10,-5,10,-27,0,1,3,1,12,1,12,1,12,1,12,83,5
0,5,-10,-5,10,-26,0,1,3,1,12,1,12,1,12,1,12,77,5
0,5,-10,-5,10,-24,1,1,3,1,12,1,12,1,12,1,12,71,5
0,5,-10,-5,10,-23,1,1,3,1,12,1,12,1,12,1,12,71,5
0,5,-10,-5,10,-22,0,1,3,1,12,1,12,1,12,1,12,65,5
0,5,-10,-5,10,-21,0,1,3,1,12,1,12,1,12,1,12,65,5
0,5,-10,-5,10,-19,1,1,3,1,12,1,12,1,12,1,12,59,5
0,5,-10,-5,10,-18,1,1,3,1,12,1,12,1,12,1,12,59,5
0,5,-10,-5,10,-17,1,1,3,1,12,1,12,1,12,1,12,59,5
0,5,-10,-5,10,-16,0,1,3,1,12,1,12,1,12,1,12,59,5
0,5,-10,-5,10,-14,0,1,3,1,12,1,12,1,12,1,12,59,5
0,5,-10,-5,10,-13,1,1,3,1,12,1,12,1,12,1,12,59,5
0,5,-10,-5,10,-12,1,1,3,1,12,1,12,1,12,1,12,59,5
0,5,-10,-5,10,-11,1,1,3,1,12,1,12,1,12,1,12,59,5
0,5,-10,-5,10,-9,0,1,3,1,12,1,12,1,12,1,12,59,5
0,5,-10,-5,10,-8,0,1,3,1,12,1,12,1,12,1,12,59,5
0,5,-10,-5,10,-7,1,1,3,1,12,1,12,1,12,1,12,59,5
0,5,-10,-5,10,-6,1,1,3,1,12,1,12,1,12,1,12,59,5
0,5,-10,-5,10,-4,0,1,3,1,12,1,12,1,12,1,12,59,5
0,5,-10,-5,10,-3,0,1,3,1,12,1,12,1,12,1,12,59,5
0,5,-10,-5,10,-2,0,1,3,1,12,1,12,1,12,1,12,59,5
0,5,-10,-5,10,-1,1,1,3,1,12,1,12,1,12,1,12,59,5
0,5,-9,-5,9,-17,0,2,7,5,28,1,28,5,28,5,28,111,13
0,5,-9,-5,9,-13,2,1,7,1,28,5,28,1,28,1,28,125,13
0,5,-9,-5,9,-11,0,2,7,1,28,5,28,5,28,5,28,83,13
0,5,-9,-5,9,-7,0,1,7,5,28,5,28,1,28,1,28,125,2
0,5,-9,-5,9,-3,0,2,7,5,28,1,28,5,28,5,28,25,13
0,5,-9,-5,9,-1,2,1,7,1,28,5,28,1,28,1,28,125,13
0,5,-8,-10,16,-22,1,2,3,1,12,1,12,1,12,1,12,53,11
0,5,-8,-10,16,-12,0,1,3,1,12,1,12,1,12,1,12,47,11
0,5,-8,-10,16,-9,0,1,3,1,12,1,12,1,12,1,12,47,11
0,5,-8,-10,16,-7,1,2,3,1,12,1,12,1,12,1,12,47,11
0,5,-8,-10,16,-6,0,1,3,1,12,1,12,1,12,1,12,47,11
0,5,-8,-10,16,-4,1,2,3,1,12,1,12,1,12,1,12,47,11
0,5,-8,-5,8,-17,1,1,3,1,12,1,12,1,12,1,12,53,5
0,5,-8,-5,8,-14,0,1,3,1,12,1,12,1,12,1,12,47,5
0,5,-8,-5,8,-12,1,1,3,1,12,1,12,1,12,1,12,47,5
0,5,-8,-5,8,-11,1,1,3,1,12,1,12,1,12,1,12,47,5
0,5,-8,-5,8,-9,0,1,3,1,12,1,12,1,12,1,12,47,5
0,5,-8,-5,8,-7,1,1,3,1,12,1,12,1,12,1,12,47,5
0,5,-8,-5,8,-6,1,1,3,1,12,1,12,1,12,1,12,47,5
0,5,-8,-5,8,-4,0,1,3,1,12,1,12,1,12,1,12,47,5
0,5,-8,-5,8,-2,0,1,3,1,12,1,12,1,12,1,12,47,5
0,5,-8,-5,8,-1,1,1,3,1,12,1,12,1,12,1,12,47,5
0,5,-7,-20,28,-8,1,2,3,1,12,1,12,1,12,1,12,41,23
0,5,-7,-20,28,-6,0,1,3,1,12,1,12,1,12,1,12,41,23
0,5,-7,-15,21,-13,0,1,3,1,12,1,12,1,12,1,12,41,17
0,5,-7,-15,21,-1,1,1,3,1,12,1,12,1,12,1,12,41,17
0,5,-7,-10,14,-8,1,1,3,1,12,1,12,1,12,1,12,41,11
0,5,-7,-10,14,-6,0,1,3,1,12,1,12,1,12,1,12,41,11
0,5,-7,-5,7,-13,1,1,3,1,12,1,12,1,12,1,12,41,5
0,5,-7,-5,7,-11,1,1,3,1,12,1,12,1,12,1,12,41,5
0,5,-7,-5,7,-9,0,1,3,1,12,1,12,1,12,1,12,41,5
0,5,-7,-5,7,-3,0,1,3,1,12,1,12,1,12,1,12,41,5
0,5,-7,-5,7,-1,1,1,3,1,12,1,12,1,12,1,12,41,5
0,5,-6,-10,12,-14,0,2,7,5,28,1,28,1,28,5,28,83,13
0,5,-6,-10,12,-13,1,5,7,5,28,5,28,1,28,5,28,83,5
0,5,-6,-10,12,-9,2,5,7,1,28,5,28,1,28,5,28,83,27
0,5,-6,-10,12,-8,3,2,7,5,28,5,28,1,28,5,28,83,5
0,5,-6,-10,12,-4,1,2,7,1,28,1,28,1,28,5,28,83,27
0,5,-6,-10,12,-3,0,2,7,1,28,1,28,1,28,5,28,83,27
0,5,-6,-10,12,-2,1,2,7,1,28,5,28,1,28,5,28,83,27
0,5,-6,-10,12,-1,2,5,7,1,28,1,28,1,28,5,28,83,27
0,5,-6,-5,6,-19,1,5,7,1,28,1,28,1,28,5,28,139,13
0,5,-6,-5,6,-14,2,2,7,1,28,1,28,1,28,5,28,97,13
0,5,-6,-5,6,-13,2,2,7,1,28,5,28,1,28,5,28,97,13
0,5,-6,-5,6,-9,1,5,7,1,28,1,28,1,28,5,28,83,13
0,5,-6,-5,6,-8,3,2,7,5,28,1,28,1,28,5,28,83,13
0,5,-6,-5,6,-7,1,2,7,1,28,1,28,1,28,5,28,83,13
0,5,-6,-5,6,-4,0,2,7,5,28,5,28,1,28,5,28,83,2
0,5,-6,-5,6,-3,0,2,7,5,28,1,28,1,28,5,28,83,13
0,5,-6,-5,6,-2,0,2,7,1,28,1,28,1,28,5,28,83,13
0,5,-6,-5,6,-1,2,2,7,1,28,5,28,1,28,5,28,83,13
0,6,-25,-6,25,-17,3,2,9,1,12,7,36,7,36,1,12,64,5
0,6,-20,-6,20,-11,1,4,7,5,28,1,28,5,28,5,28,69,13
0,6,-20,-6,20,-9,1,3,7,1,28,5,28,5,28,5,28,69,13
0,6,-19,-6,19,-11,0,2,7,1,28,5,28,5,28,1,28,83,13
0,6,-19,-6,19,-5,1,2,5,3,20,3,20,3,20,3,20,63,3
0,6,-17,-6,17,-25,1,5,9,1,12,7,36,7,36,1,12,77,5
0,6,-17,-6,17,-13,2,4,9,1,12,7,36,7,36,1,12,43,5
0,6,-17,-6,17,-9,2,3,7,5,28,5,28,1,28,5,28,237,2
0,6,-17,-6,17,-7,0,3,7,1,28,1,28,1,28,5,28,237,13
0,6,-16,-6,16,-9,1,5,7,1,28,1,28,5,28,1,28,83,13
0,6,-16,-6,16,-7,1,3,5,3,20,3,20,3,20,3,20,53,3
0,6,-14,-12,28,-9,0,2,5,3,20,3,20,3,20,3,20,46,6
0,6,-14,-12,28,-5,1,2,8,1,4,1,8,1,4,1,4,27,3
0,6,-14,-9,21,-16,1,3,6,1,4,1,12,1,4,1,4,23,11
0,6,-14,-9,21,-12,0,1,5,3,20,3,20,3,20,3,20,23,9
0,6,-14,-9,21,-2,1,4,5,3,20,3,20,3,20,3,20,23,9
0,6,-14,-6,14,-19,1,6,8,1,8,1,8,1,4,1,4,39,3
0,6,-14,-6,14,-9,3,2,8,1,8,1,8,1,4,1,4,27,3
0,6,-14,-6,14,-5,1,2,5,3,20,3,20,3,20,3,20,46,3
0,6,-13,-6,13,-17,1,4,7,1,28,5,28,5,28,5,28,125,13
0,6,-13,-6,13,-11,0,2,7,1,28,5,28,1,28,1,28,181,13
0,6,-13,-6,13,-9,1,3,7,1,28,5,28,5,28,5,28,69,13
0,6,-13,-6,13,-8,0,3,7,1,28,1,28,5,28,5,28,55,13
0,6,-13,-6,13,-5,1,3,7,5,28,1,28,5,28,5,28,36,13
0,6,-13,-6,13,-2,0,2,7,1,28,1,28,1,28,1,28,181,13
0,6,-13,-6,13,-1,2,2,7,1,28,5,28,1,28,1,28,181,13
0,6,-12,-10,20,-29,1,1,3,1,12,1,12,1,12,1,12,23,29
0,6,-12,-10,20,-27,0,1,6,1,12,1,4,1,12,1,12,23,29
0,6,-12,-10,20,-25,1,1,3,1,12,1,12,1,12,1,12,29,29
0,6,-12,-10,20,-23,0,1,3,1,12,1,12,1,12,1,12,23,29
0,6,-12,-10,20,-21,1,0,6,1,12,1,4,1,12,1,12,29,23
0,6,-12,-10,20,-19,1,1,3,1,12,1,12,1,12,1,12,29,23
0,6,-12,-10,20,-17,0,1,3,1,12,1,12,1,12,1,12,23,29
0,6,-12,-10,20,-15,1,2,6,1,12,1,4,1,12,1,12,29,23
0,6,-12,-10,20,-13,1,0,3,1,12,1,12,1,12,1,12,29,23
0,6,-12,-10,20,-11,1,0,3,1,12,1,12,1,12,1,12,29,23
0,6,-12,-10,20,-9,0,1,6,1,12,1,4,1,12,1,12,23,23
0,6,-12,-10,20,-7,1,0,3,1,12,1,12,1,12,1,12,29,23
0,6,-12,-10,20,-5,1,1,3,1,12,1,12,1,12,1,12,29,23
0,6,-12,-10,20,-3,1,3,6,1,12,1,4,1,12,1,12,29,23
0,6,-12,-10,20,-1,1,0,3,1,12,1,12,1,12,1,12,23,23
0,6,-12,-9,18,-28,0,1,9,7,36,1,12,1,12,1,12,35,11
0,6,-12,-9,18,-26,3,4,7,5,28,5,28,5,28,1,28,41,8
0,6,-12,-9,18,-25,0,1,9,7,36,7,36,1,12,1,12,35,7
0,6,-12,-9,18,-23,2,3,7,5,28,5,28,5,28,1,28,41,8
0,6,-12,-9,18,-22,3,4,7,5,28,5,28,5,28,1,28,41,8
0,6,-12,-9,18,-20,3,4,7,5,28,5,28,5,28,1,28,41,8
0,6,-12,-9,18,-19,1,4,7,5,28,5,28,5,28,1,28,41,8
0,6,-12,-9,18,-17,2,3,7,5,28,1,28,5,28,1,28,41,27
0,6,-12,-9,18,-16,1,3,7,1,28,5,28,5,28,1,28,41,41
0,6,-12,-9,18,-14,0,3,7,5,28,1,28,5,28,1,28,55,27
0,6,-12,-9,18,-13,1,4,7,5,28,5,28,5,28,1,28,41,8
0,6,-12,-9,18,-11,0,3,7,5,28,1,28,5,28,1,28,41,27
0,6,-12,-9,18,-10,1,3,7,1,28,5,28,5,28,1,28,41,41
0,6,-12,-9,18,-8,2,3,7,1,28,1,28,5,28,1,28,41,41
0,6,-12,-9,18,-7,1,4,7,5,28,1,28,5,28,1,28,41,27
0,6,-12,-9,18,-5,0,3,7,5,28,5,28,5,28,1,28,41,8
0,6,-12,-9,18,-4,1,3,7,1,28,1,28,5,28,1,28,41,41
0,6,-12,-9,18,-2,2,3,7,1,28,5,28,5,28,1,28,41,41
0,6,-12,-9,18,-1,0,3,7,5,28,5,28,5,28,1,28,41,8
0,6,-12,-8,16,-29,1,1,3,1,12,1,12,1,12,1,12,29,23
0,6,-12,-8,16,-27,1,2,6,1,12,1,4,1,12,1,12,29,23
0,6,-12,-8,16,-25,1,1,3,1,12,1,12,1,12,1,12,23,23
0,6,-12,-8,16,-23,0,1,3,1,12,1,12,1,12,1,12,29,23
0,6,-12,-8,16,-21,0,1,6,1,4,1,4,1,12,1,12,23,7
0,6,-12,-8,16,-19,0,1,3,1,12,1,12,1,12,1,12,23,23
0,6,-12,-8,16,-17,1,1,3,1,12,1,12,1,12,1,12,23,23
0,6,-12,-8,16,-15,1,4,6,1,12,1,4,1,12,1,12,23,23
0,6,-12,-8,16,-13,1,1,3,1,12,1,12,1,12,1,12,23,23
0,6,-12,-8,16,-11,0,1,3,1,12,1,12,1,12,1,12,23,23
0,6,-12,-8,16,-9,1,2,6,1,12,1,4,1,12,1,12,23,23
0,6,-12,-8,16,-7,1,0,3,1,12,1,12,1,12,1,12,23,23
0,6,-12,-8,16,-5,0,1,3,1,12,1,12,1,12,1,12,23,23
0,6,-12,-8,16,-3,1,5,6,1,4,1,4,1,12,1,12,7,23
0,6,-12,-8,16,-1,1,0,3,1,12,1,12,1,12,1,12,23,23
0,6,-12,-7,14,-30,1,3,7,5,28,5,28,5,28,1,28,16,13
0,6,-12,-7,14,-28,0,1,3,1,12,1,12,1,12,1,12,41,23
0,6,-12,-7,14,-27,1,5,9,7,36,1,12,1,12,1,12,20,17
0,6,-12,-7,14,-26,1,0,3,1,12,1,12,1,12,1,12,41,11
0,6,-12,-7,14,-25,0,1,3,1,12,1,12,1,12,1,12,41,17
0,6,-12,-7,14,-24,2,5,9,7,36,1,12,1,12,1,12,35,11
0,6,-12,-7,14,-23,0,1,3,1,12,1,12,1,12,1,12,29,29
0,6,-12,-7,14,-22,1,0,3,1,12,1,12,1,12,1,12,35,23
0,6,-12,-7,14,-21,1,7,9,7,36,1,12,1,12,1,12,17,17
0,6,-12,-7,14,-20,0,1,3,1,12,1,12,1,12,1,12,47,11
0,6,-12,-7,14,-19,0,1,3,1,12,1,12,1,12,1,12,41,11
0,6,-12,-7,14,-18,1,2,9,7,36,1,12,1,12,1,12,35,11
0,6,-12,-7,14,-17,0,1,3,1,12,1,12,1,12,1,12,23,23
0,6,-12,-7,14,-16,1,0,3,1,12,1,12,1,12,1,12,23,23
0,6,-12,-7,14,-15,1,3,7,1,28,5,28,5,28,1,28,69,13
0,6,-12,-7,14,-14,0,1,3,1,12,1,12,1,12,1,12,41,11
0,6,-12,-7,14,-13,1,0,3,1,12,1,12,1,12,1,12,41,11
0,6,-12,-7,14,-12,1,3,7,5,28,5,28,5,28,1,28,27,13
0,6,-12,-7,14,-11,0,1,3,1,12,1,12,1,12,1,12,23,17
0,6,-12,-7,14,-10,0,1,3,1,12,1,12,1,12,1,12,23,23
0,6,-12,-7,14,-9,1,3,7,5,28,5,28,5,28,1,28,27,13
0,6,-12,-7,14,-8,0,1,3,1,12,1,12,1,12,1,12,29,11
0,6,-12,-7,14,-7,0,1,3,1,12,1,12,1,12,1,12,41,11
0,6,-12,-7,14,-6,0,2,7,1,28,1,28,5,28,1,28,83,13
0,6,-12,-7,14,-5,1,0,3,1,12,1,12,1,12,1,12,23,11
0,6,-12,-7,14,-4,0,1,3,1,12,1,12,1,12,1,12,23,17
0,6,-12,-7,14,-3,2,1,9,7,36,1,12,1,12,1,12,17,23
0,6,-12,-7,14,-2,1,0,3,1,12,1,12,1,12,1,12,23,11
0,6,-12,-7,14,-1,0,1,3,1,12,1,12,1,12,1,12,29,11
0,6,-12,-7,14,0,3,2,9,7,36,1,12,1,12,1,12,35,11
0,6,-12,-6,12,-29,0,1,9,1,12,7,36,1,12,1,12,89,5
0,6,-12,-6,12,-25,1,5,7,5,28,5,28,5,28,1,28,83,2
0,6,-12,-6,12,-23,0,2,9,1,12,7,36,1,12,1,12,71,5
0,6,-12,-6,12,-19,1,5,7,1,28,1,28,5,28,1,28,139,13
0,6,-12,-6,12,-17,0,2,7,5,28,1,28,5,28,1,28,111,13
0,6,-12,-6,12,-13,2,2,7,1,28,5,28,5,28,1,28,97,13
0,6,-12,-6,12,-11,0,2,7,1,28,5,28,5,28,1,28,83,13
0,6,-12,-6,12,-7,1,2,7,1,28,1,28,5,28,1,28,83,13
0,6,-12,-6,12,-5,1,5,7,1,28,1,28,5,28,1,28,83,13
0,6,-12,-6,12,-1,2,2,7,1,28,5,28,5,28,1,28,83,13
0,6,-11,-12,22,-20,2,2,9,1,12,7,36,7,36,1,12,35,11
0,6,-11,-12,22,-2,1,2,5,3,20,3,20,3,20,3,20,36,6
0,6,-11,-6,11,-19,1,3,7,5,28,1,28,1,28,5,28,153,13
0,6,-11,-6,11,-13,1,3,5,3,20,3,20,3,20,3,20,36,3
0,6,-11,-6,11,-9,1,3,7,1,28,5,28,1,28,5,28,153,13
0,6,-11,-6,11,-7,1,3,5,3,20,3,20,3,20,3,20,36,3
0,6,-11,-6,11,-4,3,3,7,1,28,5,28,1,28,5,28,153,13
0,6,-11,-6,11,-3,1,3,5,3,20,3,20,3,20,3,20,36,3
0,6,-11,-6,11,-2,0,2,5,3,20,3,20,3,20,3,20,36,3
0,6,-11,-6,11,-1,2,3,7,1,28,1,28,1,28,5,28,153,13
0,6,-10,-12,20,-11,3,2,8,1,4,1,8,1,4,1,4,19,3
0,6,-10,-12,20,-9,3,6,8,1,4,1,8,1,4,1,4,19,3
0,6,-10,-12,20,-7,1,2,8,1,4,1,8,1,4,1,4,19,3
0,6,-10,-12,20,-3,0,3,7,5,28,5,28,1,28,5,28,139,5
0,6,-10,-12,20,-1,3,4,7,5,28,5,28,1,28,5,28,139,5
0,6,-10,-9,15,-14,2,3,6,1,4,1,12,1,4,1,4,23,11
0,6,-10,-9,15,-12,2,3,6,1,4,1,12,1,4,1,4,11,11
0,6,-10,-9,15,-8,2,3,6,1,4,1,12,1,4,1,4,11,11
0,6,-10,-9,15,-6,1,3,6,1,4,1,12,1,4,1,4,11,11
0,6,-10,-9,15,-4,1,3,6,1,4,1,12,1,4,1,4,9,11
0,6,-10,-9,15,-2,2,3,6,1,4,1,12,1,4,1,4,9,11
0,6,-10,-6,10,-17,1,4,7,1,28,5,28,1,28,5,28,139,13
0,6,-10,-6,10,-11,1,4,7,5,28,1,28,1,28,5,28,139,13
0,6,-10,-6,10,-9,1,3,7,1,28,5,28,1,28,5,28,139,13
0,6,-10,-6,10,-7,0,3,7,1,28,1,28,1,28,5,28,139,13
0,6,-10,-6,10,-3,1,4,7,1,28,5,28,1,28,5,28,139,13
0,6,-10,-6,10,-1,2,3,7,1,28,1,28,1,28,5,28,139,13
0,6,-9,-8,12,-20,0,1,6,1,12,1,12,1,4,1,12,23,23
0,6,-9,-8,12,-16,2,4,5,3,20,3,20,3,20,3,20,13,13
0,6,-9,-8,12,-15,1,2,6,1,4,1,4,1,4,1,12,7,11
0,6,-9,-8,12,-14,1,0,5,3,20,3,20,3,20,3,20,13,9
0,6,-9,-8,12,-12,1,3,5,3,20,3,20,3,20,3,20,13,9
0,6,-9,-8,12,-11,1,3,5,3,20,3,20,3,20,3,20,13,9
0,6,-9,-8,12,-10,1,3,6,1,12,1,12,1,4,1,12,23,11
0,6,-9,-8,12,-9,2,1,5,3,20,3,20,3,20,3,20,9,9
0,6,-9,-8,12,-8,1,2,5,3,20,3,20,3,20,3,20,13,9
0,6,-9,-8,12,-7,1,3,5,3,20,3,20,3,20,3,20,13,9
0,6,-9,-8,12,-6,1,4,5,3,20,3,20,3,20,3,20,13,9
0,6,-9,-8,12,-5,3,2,6,1,4,1,12,1,4,1,12,11,11
0,6,-9,-8,12,-4,1,2,5,3,20,3,20,3,20,3,20,13,9
0,6,-9,-8,12,-3,1,4,5,3,20,3,20,3,20,3,20,13,9
0,6,-9,-8,12,-2,0,1,5,3,20,3,20,3,20,3,20,9,9
0,6,-9,-8,12,-1,1,4,5,3,20,3,20,3,20,3,20,13,9
0,6,-9,-8,12,0,1,1,6,1,12,1,4,1,4,1,12,23,11
0,6,-9,-6,9,-17,1,3,5,3,20,3,20,3,20,3,20,29,3
0,6,-9,-6,9,-14,2,2,7,1,28,1,28,5,28,1,28,97,13
0,6,-9,-6,9,-13,1,3,5,3,20,3,20,3,20,3,20,29,3
0,6,-9,-6,9,-11,0,2,7,1,28,5,28,5,28,1,28,83,13
0,6,-9,-6,9,-10,2,2,5,3,20,3,20,3,20,3,20,29,3
0,6,-9,-6,9,-8,0,2,5,3,20,3,20,3,20,3,20,29,3
0,6,-9,-6,9,-7,1,3,5,3,20,3,20,3,20,3,20,29,3
0,6,-9,-6,9,-5,1,2,5,3,20,3,20,3,20,3,20,29,3
0,6,-9,-6,9,-4,0,2,7,5,28,5,28,5,28,1,28,83,2
0,6,-9,-6,9,-2,0,2,5,3,20,3,20,3,20,3,20,29,3
0,6,-9,-6,9,-1,2,2,7,1,28,5,28,5,28,1,28,83,13
0,6,-8,-12,16,-25,2,4,7,5,28,5,28,5,28,5,28,27,5
0,6,-8,-12,16,-19,0,3,7,1,28,5,28,5,28,5,28,41,27
0,6,-8,-12,16,-17,2,2,7,5,28,1,28,1,28,1,28,111,13
0,6,-8,-12,16,-13,1,5,7,5,28,5,28,1,28,1,28,111,5
0,6,-8,-12,16,-11,0,3,7,1,28,1,28,5,28,5,28,55,27
0,6,-8,-12,16,-9,0,3,7,5,28,1,28,5,28,5,28,55,13
0,6,-8,-12,16,-7,0,3,7,5,28,1,28,5,28,5,28,41,13
0,6,-8,-12,16,-5,0,2,7,1,28,5,28,1,28,1,28,111,27
0,6,-8,-12,16,-3,0,2,7,1,28,1,28,1,28,1,28,111,27
0,6,-8,-12,16,-1,2,5,7,1,28,1,28,1,28,1,28,111,27
0,6,-8,-9,12,-28,1,1,6,1,12,1,12,1,12,1,4,35,17
0,6,-8,-9,12,-22,2,1,6,1,12,1,12,1,12,1,4,35,17
0,6,-8,-9,12,-21,2,5,6,1,4,1,4,1,12,1,4,23,5
0,6,-8,-9,12,-20,0,1,6,1,12,1,12,1,12,1,4,23,17
0,6,-8,-9,12,-16,0,1,6,1,12,1,12,1,12,1,4,23,17
0,6,-8,-9,12,-15,0,1,6,1,4,1,4,1,12,1,4,23,5
0,6,-8,-9,12,-14,1,1,6,1,12,1,12,1,12,1,4,23,17
0,6,-8,-9,12,-13,0,1,6,1,12,1,4,1,12,1,4,23,17
0,6,-8,-9,12,-12,0,1,6,1,4,1,12,1,12,1,4,23,11
0,6,-8,-9,12,-10,0,1,6,1,12,1,12,1,12,1,4,23,17
0,6,-8,-9,12,-9,3,1,6,1,4,1,4,1,12,1,4,23,5
0,6,-8,-9,12,-8,1,5,6,1,12,1,12,1,12,1,4,23,17
0,6,-8,-9,12,-7,2,1,6,1,12,1,4,1,12,1,4,23,17
0,6,-8,-9,12,-6,1,1,6,1,4,1,12,1,12,1,4,23,11
0,6,-8,-9,12,-5,1,5,6,1,12,1,4,1,12,1,4,23,17
0,6,-8,-9,12,-4,2,1,6,1,12,1,12,1,12,1,4,23,17
0,6,-8,-9,12,-3,1,1,6,1,4,1,4,1,12,1,4,23,5
0,6,-8,-9,12,-2,1,1,6,1,12,1,12,1,12,1,4,23,17
0,6,-8,-9,12,-1,1,1,6,1,12,1,4,1,12,1,4,23,17
0,6,-8,-6,8,-25,1,5,7,5,28,5,28,1,28,1,28,111,2
0,6,-8,-6,8,-19,1,3,7,5,28,1,28,5,28,5,28,125,13
0,6,-8,-6,8,-17,0,2,7,5,28,1,28,1,28,1,28,111,13
0,6,-8,-6,8,-13,2,2,7,1,28,5,28,1,28,1,28,111,13
0,6,-8,-6,8,-11,0,2,7,1,28,5,28,1,28,1,28,111,13
0,6,-8,-6,8,-9,1,3,7,1,28,5,28,5,28,5,28,69,13
0,6,-8,-6,8,-7,0,3,7,1,28,1,28,5,28,5,28,55,13
0,6,-8,-6,8,-5,1,3,7,5,28,1,28,5,28,5,28,27,13
0,6,-8,-6,8,-3,0,2,7,5,28,1,28,1,28,1,28,111,13
0,6,-8,-6,8,-1,2,2,7,1,28,5,28,1,28,1,28,111,13
0,6,-7,-12,14,-16,1,7,9,1,12,7,36,7,36,1,12,35,11
0,6,-7,-12,14,-11,3,2,9,1,12,7,36,7,36,1,12,35,11
0,6,-7,-12,14,-10,4,2,9,1,12,7,36,7,36,1,12,35,11
0,6,-7,-12,14,-4,2,2,9,7,36,1,12,7,36,1,12,35,5
0,6,-7,-12,14,-3,3,7,9,7,36,7,36,7,36,1,12,35,5
0,6,-7,-12,14,-2,2,2,9,7,36,7,36,7,36,1,12,35,5
0,6,-7,-12,14,-1,3,7,9,7,36,1,12,7,36,1,12,35,5
0,6,-7,-6,7,-17,3,2,9,1,12,7,36,7,36,1,12,53,5
0,6,-7,-6,7,-11,0,1,10,3,20,1,4,1,20,3,20,69,3
0,6,-7,-6,7,-10,4,2,9,7,36,1,12,7,36,1,12,35,5
0,6,-7,-6,7,-9,2,2,9,1,12,1,12,7,36,1,12,35,5
0,6,-7,-6,7,-8,4,2,9,1,12,7,36,7,36,1,12,35,5
0,6,-7,-6,7,-5,0,2,9,1,12,7,36,7,36,1,12,35,5
0,6,-7,-6,7,-4,0,2,9,7,36,7,36,7,36,1,12,35,2
0,6,-7,-6,7,-3,1,7,9,1,12,1,12,7,36,1,12,35,5
0,6,-7,-6,7,-2,4,1,10,1,4,1,20,1,20,3,20,69,9
0,6,-7,-6,7,-1,3,2,9,1,12,7,36,7,36,1,12,35,5
0,7,-24,-7,24,-25,4,3,13,3,52,11,52,11,52,7,52,112,8
0,7,-22,-7,22,-2,0,1,3,1,12,1,12,1,12,1,12,131,5
0,7,-20,-7,20,-16,0,1,3,1,12,1,12,1,12,1,12,119,5
0,7,-20,-7,20,-8,0,1,3,1,12,1,12,1,12,1,12,119,5
0,7,-20,-7,20,-2,0,1,3,1,12,1,12,1,12,1,12,119,5
0,7,-18,-7,18,-17,1,8,10,1,20,1,20,3,20,3,20,89,9
0,7,-18,-7,18,-10,2,1,5,3,20,3,20,3,20,3,20,59,3
0,7,-18,-7,18,-5,0,1,5,3,20,3,20,3,20,3,20,59,3
0,7,-16,-7,16,-19,1,1,3,1,12,1,12,1,12,1,12,95,5
0,7,-16,-7,16,-12,1,1,3,1,12,1,12,1,12,1,12,95,5
0,7,-16,-7,16,-11,1,1,3,1,12,1,12,1,12,1,12,95,5
0,7,-16,-7,16,-10,0,1,3,1,12,1,12,1,12,1,12,95,5
0,7,-16,-7,16,-4,0,1,3,1,12,1,12,1,12,1,12,95,5
0,7,-15,-7,15,-17,3,2,9,1,12,7,36,1,12,7,36,89,5
0,7,-15,-7,15,-13,1,5,8,1,4,1,8,1,8,1,8,59,3
0,7,-15,-7,15,-1,3,2,9,1,12,7,36,1,12,7,36,89,5
0,7,-14,-10,20,-30,0,1,3,1,12,1,12,1,12,1,12,59,17
0,7,-14,-10,20,-28,0,1,3,1,12,1,12,1,12,1,12,41,23
0,7,-14,-10,20,-27,1,0,3,1,12,1,12,1,12,1,12,59,11
0,7,-14,-10,20,-26,1,0,3,1,12,1,12,1,12,1,12,35,23
0,7,-14,-10,20,-25,1,0,3,1,12,1,12,1,12,1,12,29,29
0,7,-14,-10,20,-24,0,1,3,1,12,1,12,1,12,1,12,47,11
0,7,-14,-10,20,-23,0,1,3,1,12,1,12,1,12,1,12,47,17
0,7,-14,-10,20,-22,1,2,3,1,12,1,12,1,12,1,12,35,23
0,7,-14,-10,20,-21,0,1,3,1,12,1,12,1,12,1,12,41,17
0,7,-14,-10,20,-20,1,1,3,1,12,1,12,1,12,1,12,59,11
0,7,-14,-10,20,-19,0,1,3,1,12,1,12,1,12,1,12,23,23
0,7,-14,-10,20,-18,0,1,3,1,12,1,12,1,12,1,12,29,23
0,7,-14,-10,20,-17,1,0,3,1,12,1,12,1,12,1,12,59,11
0,7,-14,-10,20,-16,1,1,3,1,12,1,12,1,12,1,12,35,17
0,7,-14,-10,20,-15,0,1,3,1,12,1,12,1,12,1,12,29,23
0,7,-14,-10,20,-14,1,1,3,1,12,1,12,1,12,1,12,41,11
0,7,-14,-10,20,-13,1,0,3,1,12,1,12,1,12,1,12,47,11
0,7,-14,-10,20,-12,0,1,3,1,12,1,12,1,12,1,12,23,23
0,7,-14,-10,20,-11,0,1,3,1,12,1,12,1,12,1,12,29,17
0,7,-14,-10,20,-10,1,2,3,1,12,1,12,1,12,1,12,59,11
0,7,-14,-10,20,-9,0,1,3,1,12,1,12,1,12,1,12,23,17
0,7,-14,-10,20,-8,1,0,3,1,12,1,12,1,12,1,12,23,23
0,7,-14,-10,20,-7,0,1,3,1,12,1,12,1,12,1,12,47,11
0,7,-14,-10,20,-6,1,0,3,1,12,1,12,1,12,1,12,35,11
0,7,-14,-10,20,-5,1,1,3,1,12,1,12,1,12,1,12,29,23
0,7,-14,-10,20,-4,1,0,3,1,12,1,12,1,12,1,12,35,11
0,7,-14,-10,20,-3,0,1,3,1,12,1,12,1,12,1,12,47,11
0,7,-14,-10,20,-2,1,0,3,1,12,1,12,1,12,1,12,23,23
0,7,-14,-10,20,-1,1,1,3,1,12,1,12,1,12,1,12,23,17
0,7,-14,-10,20,0,1,1,3,1,12,1,12,1,12,1,12,59,11
0,7,-14,-9,18,-29,0,1,3,1,12,1,12,1,12,1,12,41,23
0,7,-14,-9,18,-28,0,1,3,1,12,1,12,1,12,1,12,41,23
0,7,-14,-9,18,-27,2,3,6,1,4,1,4,1,12,1,12,23,11
0,7,-14,-9,18,-26,0,1,3,1,12,1,12,1,12,1,12,29,29
0,7,-14,-9,18,-25,0,1,3,1,12,1,12,1,12,1,12,59,11
0,7,-14,-9,18,-24,1,0,6,1,4,1,4,1,12,1,12,11,23
0,7,-14,-9,18,-23,0,1,3,1,12,1,12,1,12,1,12,47,11
0,7,-14,-9,18,-22,0,1,3,1,12,1,12,1,12,1,12,29,23
0,7,-14,-9,18,-21,2,3,6,1,4,1,4,1,12,1,12,23,11
0,7,-14,-9,18,-20,0,1,3,1,12,1,12,1,12,1,12,41,17
0,7,-14,-9,18,-19,0,1,3,1,12,1,12,1,12,1,12,29,23
0,7,-14,-9,18,-18,0,1,6,1,4,1,4,1,12,1,12,23,11
0,7,-14,-9,18,-17,0,1,3,1,12,1,12,1,12,1,12,29,23
0,7,-14,-9,18,-16,1,0,3,1,12,1,12,1,12,1,12,53,11
0,7,-14,-9,18,-15,1,4,6,1,4,1,4,1,12,1,12,11,23
0,7,-14,-9,18,-14,0,1,3,1,12,1,12,1,12,1,12,41,11
0,7,-14,-9,18,-13,0,1,3,1,12,1,12,1,12,1,12,29,17
0,7,-14,-9,18,-12,2,5,6,1,4,1,4,1,12,1,12,23,11
0,7,-14,-9,18,-11,1,0,3,1,12,1,12,1,12,1,12,41,11
0,7,-14,-9,18,-10,1,0,3,1,12,1,12,1,12,1,12,23,23
0,7,-14,-9,18,-9,3,1,6,1,4,1,4,1,12,1,12,17,11
0,7,-14,-9,18,-8,0,1,3,1,12,1,12,1,12,1,12,23,23
0,7,-14,-9,18,-7,0,1,3,1,12,1,12,1,12,1,12,41,11
0,7,-14,-9,18,-6,2,3,6,1,4,1,4,1,12,1,12,23,11
0,7,-14,-9,18,-5,1,0,3,1,12,1,12,1,12,1,12,35,11
0,7,-14,-9,18,-4,1,0,3,1,12,1,12,1,12,1,12,29,11
0,7,-14,-9,18,-3,0,1,6,1,4,1,4,1,12,1,12,23,11
0,7,-14,-9,18,-2,0,1,3,1,12,1,12,1,12,1,12,41,11
0,7,-14,-9,18,-1,1,0,3,1,12,1,12,1,12,1,12,23,23
0,7,-14,-9,18,0,2,3,6,1,4,1,4,1,12,1,12,17,11
0,7,-14,-8,16,-30,1,0,3,1,12,1,12,1,12,1,12,47,11
0,7,-14,-8,16,-28,1,1,3,1,12,1,12,1,12,1,12,41,23
0,7,-14,-8,16,-27,0,1,3,1,12,1,12,1,12,1,12,29,29
0,7,-14,-8,16,-26,1,0,3,1,12,1,12,1,12,1,12,35,29
0,7,-14,-8,16,-25,1,0,3,1,12,1,12,1,12,1,12,35,23
0,7,-14,-8,16,-24,0,1,3,1,12,1,12,1,12,1,12,47,17
0,7,-14,-8,16,-23,1,0,3,1,12,1,12,1,12,1,12,53,11
0,7,-14,-8,16,-22,1,0,3,1,12,1,12,1,12,1,12,47,11
0,7,-14,-8,16,-21,0,1,3,1,12,1,12,1,12,1,12,41,17
0,7,-14,-8,16,-20,1,0,3,1,12,1,12,1,12,1,12,29,23
0,7,-14,-8,16,-19,0,1,3,1,12,1,12,1,12,1,12,29,23
0,7,-14,-8,16,-18,0,1,3,1,12,1,12,1,12,1,12,23,23
0,7,-14,-8,16,-17,1,1,3,1,12,1,12,1,12,1,12,35,17
0,7,-14,-8,16,-16,1,1,3,1,12,1,12,1,12,1,12,47,11
0,7,-14,-8,16,-15,1,0,3,1,12,1,12,1,12,1,12,47,11
0,7,-14,-8,16,-14,0,1,3,1,12,1,12,1,12,1,12,41,11
0,7,-14,-8,16,-13,0,1,3,1,12,1,12,1,12,1,12,29,17
0,7,-14,-8,16,-12,1,0,3,1,12,1,12,1,12,1,12,23,23
0,7,-14,-8,16,-11,1,0,3,1,12,1,12,1,12,1,12,23,23
0,7,-14,-8,16,-10,0,1,3,1,12,1,12,1,12,1,12,23,17
0,7,-14,-8,16,-9,1,0,3,1,12,1,12,1,12,1,12,35,11
0,7,-14,-8,16,-8,1,2,3,1,12,1,12,1,12,1,12,47,11
0,7,-14,-8,16,-7,0,1,3,1,12,1,12,1,12,1,12,41,11
0,7,-14,-8,16,-6,0,1,3,1,12,1,12,1,12,1,12,29,11
0,7,-14,-8,16,-5,1,1,3,1,12,1,12,1,12,1,12,23,17
0,7,-14,-8,16,-4,1,1,3,1,12,1,12,1,12,1,12,23,23
0,7,-14,-8,16,-3,0,1,3,1,12,1,12,1,12,1,12,23,17
0,7,-14,-8,16,-2,1,0,3,1,12,1,12,1,12,1,12,23,11
0,7,-14,-8,16,-1,1,0,3,1,12,1,12,1,12,1,12,35,11
0,7,-14,-8,16,0,1,1,3,1,12,1,12,1,12,1,12,47,11
0,7,-14,-7,14,-29,1,1,3,1,12,1,12,1,12,1,12,89,5
0,7,-14,-7,14,-27,0,1,3,1,12,1,12,1,12,1,12,83,5
0,7,-14,-7,14,-26,0,1,3,1,12,1,12,1,12,1,12,83,5
0,7,-14,-7,14,-25,1,1,3,1,12,1,12,1,12,1,12,83,5
0,7,-14,-7,14,-24,1,1,3,1,12,1,12,1,12,1,12,83,5
0,7,-14,-7,14,-23,1,1,3,1,12,1,12,1,12,1,12,83,5
0,7,-14,-7,14,-22,0,1,3,1,12,1,12,1,12,1,12,83,5
0,7,-14,-7,14,-20,0,1,3,1,12,1,12,1,12,1,12,83,5
0,7,-14,-7,14,-19,1,1,3,1,12,1,12,1,12,1,12,83,5
0,7,-14,-7,14,-18,1,1,3,1,12,1,12,1,12,1,12,83,5
0,7,-14,-7,14,-17,1,1,3,1,12,1,12,1,12,1,12,83,5
0,7,-14,-7,14,-16,0,1,3,1,12,1,12,1,12,1,12,83,5
0,7,-14,-7,14,-15,0,1,3,1,12,1,12,1,12,1,12,83,5
0,7,-14,-7,14,-13,1,1,3,1,12,1,12,1,12,1,12,83,5
0,7,-14,-7,14,-12,1,1,3,1,12,1,12,1,12,1,12,83,5
0,7,-14,-7,14,-11,1,1,3,1,12,1,12,1,12,1,12,83,5
0,7,-14,-7,14,-10,0,1,3,1,12,1,12,1,12,1,12,83,5
0,7,-14,-7,14,-9,0,1,3,1,12,1,12,1,12,1,12,83,5
0,7,-14,-7,14,-8,0,1,3,1,12,1,12,1,12,1,12,83,5
0,7,-14,-7,14,-6,1,1,3,1,12,1,12,1,12,1,12,83,5
0,7,-14,-7,14,-5,1,1,3,1,12,1,12,1,12,1,12,83,5
0,7,-14,-7,14,-4,0,1,3,1,12,1,12,1,12,1,12,83,5
0,7,-14,-7,14,-3,0,1,3,1,12,1,12,1,12,1,12,83,5
0,7,-14,-7,14,-2,0,1,3,1,12,1,12,1,12,1,12,83,5
0,7,-14,-7,14,-1,1,1,3,1,12,1,12,1,12,1,12,83,5
0,7,-13,-7,13,-15,0,1,3,1,12,1,12,1,12,1,12,77,5
0,7,-13,-7,13,-11,1,1,3,1,12,1,12,1,12,1,12,77,5
0,7,-13,-7,13,-5,1,1,3,1,12,1,12,1,12,1,12,77,5
0,7,-13,-7,13,-1,1,1,3,1,12,1,12,1,12,1,12,77,5
0,7,-12,-14,24,-4,1,1,5,3,20,3,20,3,20,3,20,39,6
0,7,-12,-7,12,-16,0,1,5,3,20,3,20,3,20,3,20,39,3
0,7,-12,-7,12,-9,2,1,5,3,20,3,20,3,20,3,20,39,3
0,7,-12,-7,12,-8,0,3,8,1,4,1,4,1,4,1,8,27,1
0,7,-12,-7,12,-4,0,1,5,3,20,3,20,3,20,3,20,39,3
0,7,-12,-7,12,-3,1,5,8,1,8,1,4,1,4,1,8,27,3
0,7,-12,-7,12,-2,0,3,8,1,8,1,8,1,4,1,8,27,3
0,7,-12,-7,12,-1,2,1,5,3,20,3,20,3,20,3,20,39,3
0,7,-11,-7,11,-17,1,1,3,1,12,1,12,1,12,1,12,65,5
0,7,-11,-7,11,-5,1,1,3,1,12,1,12,1,12,1,12,65,5
0,7,-11,-7,11,-3,0,1,3,1,12,1,12,1,12,1,12,65,5
0,7,-11,-7,11,-1,1,1,3,1,12,1,12,1,12,1,12,65,5
0,7,-10,-14,20,-12,0,1,3,1,12,1,12,1,12,1,12,59,11
0,7,-10,-14,20,-9,0,1,3,1,12,1,12,1,12,1,12,59,11
0,7,-10,-14,20,-8,1,1,3,1,12,1,12,1,12,1,12,59,11
0,7,-10,-7,10,-19,1,1,3,1,12,1,12,1,12,1,12,59,5
0,7,-10,-7,10,-11,1,1,3,1,12,1,12,1,12,1,12,59,5
0,7,-10,-7,10,-9,0,1,3,1,12,1,12,1,12,1,12,59,5
0,7,-10,-7,10,-8,0,1,3,1,12,1,12,1,12,1,12,59,5
0,7,-10,-7,10,-6,1,1,3,1,12,1,12,1,12,1,12,59,5
0,7,-10,-7,10,-4,0,1,3,1,12,1,12,1,12,1,12,59,5
0,7,-10,-7,10,-2,0,1,3,1,12,1,12,1,12,1,12,59,5
0,7,-10,-7,10,-1,1,1,3,1,12,1,12,1,12,1,12,59,5
0,7,-9,-7,9,-19,1,5,8,1,8,1,4,1,8,1,8,39,3
0,7,-9,-7,9,-13,1,5,8,1,4,1,8,1,8,1,8,35,3
0,7,-9,-7,9,-11,2,3,8,1,4,1,8,1,8,1,8,35,3
0,7,-9,-7,9,-5,2,3,8,1,8,1,4,1,8,1,8,35,3
0,7,-9,-7,9,-3,1,5,8,1,8,1,4,1,8,1,8,35,3
0,7,-9,-7,9,-1,4,1,13,3,52,7,52,3,52,11,52,77,8
0,7,-8,-14,16,-18,0,1,3,1,12,1,12,1,12,1,12,47,11
0,7,-8,-14,16,-12,0,1,3,1,12,1,12,1,12,1,12,47,11
0,7,-8,-14,16,-4,1,2,3,1,12,1,12,1,12,1,12,47,11
0,7,-8,-14,16,-3,0,1,3,1,12,1,12,1,12,1,12,47,11
0,7,-8,-14,16,-2,1,1,3,1,12,1,12,1,12,1,12,47,11
0,7,-8,-7,8,-13,1,1,3,1,12,1,12,1,12,1,12,47,5
0,7,-8,-7,8,-12,1,1,3,1,12,1,12,1,12,1,12,47,5
0,7,-8,-7,8,-11,1,1,3,1,12,1,12,1,12,1,12,47,5
0,7,-8,-7,8,-10,0,1,3,1,12,1,12,1,12,1,12,47,5
0,7,-8,-7,8,-9,0,1,3,1,12,1,12,1,12,1,12,47,5
0,7,-8,-7,8,-6,1,1,3,1,12,1,12,1,12,1,12,47,5
0,7,-8,-7,8,-5,1,1,3,1,12,1,12,1,12,1,12,47,5
0,7,-8,-7,8,-4,0,1,3,1,12,1,12,1,12,1,12,47,5
0,7,-8,-7,8,-3,0,1,3,1,12,1,12,1,12,1,12,47,5
0,7,-8,-7,8,-2,0,1,3,1,12,1,12,1,12,1,12,47,5
0,8,-25,-8,25,-19,1,1,3,1,12,1,12,1,12,1,12,149,5
0,8,-22,-8,22,-17,1,1,3,1,12,1,12,1,12,1,12,131,5
0,8,-22,-8,22,-5,1,1,3,1,12,1,12,1,12,1,12,131,5
0,8,-21,-8,21,-6,0,1,6,1,4,1,4,1,4,1,12,47,1
0,8,-19,-8,19,-25,1,1,3,1,12,1,12,1,12,1,12,113,5
0,8,-19,-8,19,-17,1,1,3,1,12,1,12,1,12,1,12,113,5
0,8,-19,-8,19,-13,1,1,3,1,12,1,12,1,12,1,12,113,5
0,8,-18,-8,18,-11,2,1,5,3,20,3,20,3,20,3,20,59,3
0,8,-18,-8,18,-7,1,4,7,5,28,5,28,1,28,5,28,251,2
0,8,-17,-8,17,-19,1,1,3,1,12,1,12,1,12,1,12,101,5
0,8,-17,-8,17,-15,0,1,3,1,12,1,12,1,12,1,12,101,5
0,8,-17,-8,17,-11,1,1,3,1,12,1,12,1,12,1,12,101,5
0,8,-17,-8,17,-5,1,1,3,1,12,1,12,1,12,1,12,101,5
0,8,-16,-10,20,-29,0,1,3,1,12,1,12,1,12,1,12,29,29
0,8,-16,-10,20,-27,1,1,3,1,12,1,12,1,12,1,12,29,23
0,8,-16,-10,20,-25,1,2,3,1,12,1,12,1,12,1,12,29,29
0,8,-16,-10,20,-23,1,1,3,1,12,1,12,1,12,1,12,29,23
0,8,-16,-10,20,-21,1,0,3,1,12,1,12,1,12,1,12,29,23
0,8,-16,-10,20,-19,1,2,3,1,12,1,12,1,12,1,12,29,23
0,8,-16,-10,20,-17,1,2,3,1,12,1,12,1,12,1,12,29,23
0,8,-16,-10,20,-15,1,1,3,1,12,1,12,1,12,1,12,29,23
0,8,-16,-10,20,-13,1,0,3,1,12,1,12,1,12,1,12,29,23
0,8,-16,-10,20,-11,0,1,3,1,12,1,12,1,12,1,12,23,23
0,8,-16,-10,20,-9,1,0,3,1,12,1,12,1,12,1,12,29,23
0,8,-16,-10,20,-7,1,2,3,1,12,1,12,1,12,1,12,23,23
0,8,-16,-10,20,-5,1,1,3,1,12,1,12,1,12,1,12,29,23
0,8,-16,-10,20,-3,1,0,3,1,12,1,12,1,12,1,12,23,23
0,8,-16,-10,20,-1,1,0,3,1,12,1,12,1,12,1,12,29,23
0,8,-16,-9,18,-30,1,0,6,1,4,1,12,1,12,1,12,11,23
0,8,-16,-9,18,-28,1,0,3,1,12,1,12,1,12,1,12,41,23
0,8,-16,-9,18,-27,0,1,6,1,4,1,12,1,12,1,12,23,17
0,8,-16,-9,18,-26,1,0,3,1,12,1,12,1,12,1,12,59,11
0,8,-16,-9,18,-25,1,0,3,1,12,1,12,1,12,1,12,53,11
0,8,-16,-9,18,-24,0,1,6,1,4,1,12,1,12,1,12,47,11
0,8,-16,-9,18,-23,1,0,3,1,12,1,12,1,12,1,12,35,23
0,8,-16,-9,18,-22,0,1,3,1,12,1,12,1,12,1,12,23,29
0,8,-16,-9,18,-21,1,0,6,1,4,1,12,1,12,1,12,29,23
0,8,-16,-9,18,-20,1,0,3,1,12,1,12,1,12,1,12,29,23
0,8,-16,-9,18,-19,0,1,3,1,12,1,12,1,12,1,12,41,17
0,8,-16,-9,18,-18,0,1,6,1,4,1,12,1,12,1,12,23,11
0,8,-16,-9,18,-17,1,0,3,1,12,1,12,1,12,1,12,53,11
0,8,-16,-9,18,-16,0,1,3,1,12,1,12,1,12,1,12,47,11
0,8,-16,-9,18,-15,2,3,6,1,4,1,12,1,12,1,12,35,11
0,8,-16,-9,18,-14,0,1,3,1,12,1,12,1,12,1,12,23,23
0,8,-16,-9,18,-13,1,0,3,1,12,1,12,1,12,1,12,29,23
0,8,-16,-9,18,-12,1,4,6,1,4,1,12,1,12,1,12,23,23
0,8,-16,-9,18,-11,0,1,3,1,12,1,12,1,12,1,12,29,17
0,8,-16,-9,18,-10,1,0,3,1,12,1,12,1,12,1,12,35,11
0,8,-16,-9,18,-9,1,3,6,1,4,1,12,1,12,1,12,41,11
0,8,-16,-9,18,-8,0,1,3,1,12,1,12,1,12,1,12,47,11
0,8,-16,-9,18,-7,1,0,3,1,12,1,12,1,12,1,12,35,11
0,8,-16,-9,18,-6,0,1,6,1,4,1,12,1,12,1,12,23,11
0,8,-16,-9,18,-5,1,0,3,1,12,1,12,1,12,1,12,23,23
0,8,-16,-9,18,-4,0,1,3,1,12,1,12,1,12,1,12,23,23
0,8,-16,-9,18,-3,0,1,6,1,4,1,12,1,12,1,12,23,17
0,8,-16,-9,18,-2,1,0,3,1,12,1,12,1,12,1,12,35,11
0,8,-16,-9,18,-1,1,0,3,1,12,1,12,1,12,1,12,41,11
0,8,-16,-9,18,0,2,1,6,1,4,1,12,1,12,1,12,47,11
0,8,-16,-8,16,-29,1,1,3,1,12,1,12,1,12,1,12,95,5
0,8,-16,-8,16,-27,0,1,3,1,12,1,12,1,12,1,12,95,5
0,8,-16,-8,16,-25,1,1,3,1,12,1,12,1,12,1,12,95,5
0,8,-16,-8,16,-23,1,1,3,1,12,1,12,1,12,1,12,95,5
0,8,-16,-8,16,-21,0,1,3,1,12,1,12,1,12,1,12,95,5
0,8,-16,-8,16,-19,1,1,3,1,12,1,12,1,12,1,12,95,5
0,8,-16,-8,16,-17,1,1,3,1,12,1,12,1,12,1,12,95,5
0,8,-16,-8,16,-15,0,1,3,1,12,1,12,1,12,1,12,95,5
0,8,-16,-8,16,-13,1,1,3,1,12,1,12,1,12,1,12,95,5
0,8,-16,-8,16,-11,1,1,3,1,12,1,12,1,12,1,12,95,5
0,8,-16,-8,16,-9,0,1,3,1,12,1,12,1,12,1,12,95,5
0,8,-16,-8,16,-7,1,1,3,1,12,1,12,1,12,1,12,95,5
0,8,-16,-8,16,-5,1,1,3,1,12,1,12,1,12,1,12,95,5
0,8,-16,-8,16,-3,0,1,3,1,12,1,12,1,12,1,12,95,5
0,8,-16,-8,16,-1,1,1,3,1,12,1,12,1,12,1,12,95,5
0,8,-15,-8,15,-18,0,1,6,1,4,1,4,1,4,1,12,47,1
0,8,-15,-8,15,-17,0,1,6,1,4,1,12,1,4,1,12,47,5
0,8,-15,-8,15,-13,2,1,6,1,4,1,12,1,4,1,12,47,5
0,8,-15,-8,15,-12,2,1,6,1,12,1,12,1,4,1,12,47,5
0,8,-15,-8,15,-6,0,1,6,1,4,1,4,1,4,1,12,47,1
0,8,-15,-8,15,-2,3,1,6,1,12,1,12,1,4,1,12,47,5
0,8,-14,-8,14,-13,1,1,3,1,12,1,12,1,12,1,12,83,5
0,8,-14,-8,14,-9,0,1,3,1,12,1,12,1,12,1,12,83,5
0,8,-14,-8,14,-5,1,1,3,1,12,1,12,1,12,1,12,83,5
0,8,-14,-8,14,-1,1,1,3,1,12,1,12,1,12,1,12,83,5
0,8,-13,-8,13,-19,1,1,3,1,12,1,12,1,12,1,12,77,5
0,8,-13,-8,13,-15,0,1,3,1,12,1,12,1,12,1,12,77,5
0,8,-13,-8,13,-7,1,1,3,1,12,1,12,1,12,1,12,77,5
0,8,-13,-8,13,-6,1,1,3,1,12,1,12,1,12,1,12,77,5
0,8,-13,-8,13,-3,0,1,3,1,12,1,12,1,12,1,12,77,5
0,8,-13,-8,13,-2,0,1,3,1,12,1,12,1,12,1,12,77,5
0,8,-13,-8,13,-1,1,1,3,1,12,1,12,1,12,1,12,77,5
0,8,-12,-8,12,-17,0,2,7,5,28,1,28,5,28,1,28,111,13
0,8,-12,-8,12,-13,2,2,7,1,28,5,28,5,28,1,28,111,13
0,8,-12,-8,12,-11,2,1,5,3,20,3,20,3,20,3,20,39,3
0,8,-12,-8,12,-9,2,1,5,3,20,3,20,3,20,3,20,39,3
0,8,-12,-8,12,-7,1,2,7,1,28,1,28,5,28,1,28,111,13
0,8,-12,-8,12,-5,0,1,5,3,20,3,20,3,20,3,20,39,3
0,8,-12,-8,12,-3,0,2,7,5,28,1,28,5,28,1,28,111,13
0,8,-12,-8,12,-1,2,1,5,3,20,3,20,3,20,3,20,39,3
0,8,-11,-16,22,-12,0,1,3,1,12,1,12,1,12,1,12,65,11
0,8,-11,-16,22,-10,0,1,3,1,12,1,12,1,12,1,12,65,11
0,8,-11,-8,11,-17,1,1,3,1,12,1,12,1,12,1,12,65,5
0,8,-11,-8,11,-12,1,1,3,1,12,1,12,1,12,1,12,65,5
0,8,-11,-8,11,-10,0,1,3,1,12,1,12,1,12,1,12,65,5
0,8,-11,-8,11,-9,0,1,3,1,12,1,12,1,12,1,12,65,5
0,8,-11,-8,11,-7,1,1,3,1,12,1,12,1,12,1,12,65,5
0,8,-11,-8,11,-5,1,1,3,1,12,1,12,1,12,1,12,65,5
0,8,-11,-8,11,-2,0,1,3,1,12,1,12,1,12,1,12,65,5
0,8,-11,-8,11,-1,1,1,3,1,12,1,12,1,12,1,12,65,5
0,8,-10,-8,10,-11,1,1,3,1,12,1,12,1,12,1,12,59,5
0,8,-10,-8,10,-7,1,1,3,1,12,1,12,1,12,1,12,59,5
0,8,-10,-8,10,-3,0,1,3,1,12,1,12,1,12,1,12,59,5
0,8,-10,-8,10,-1,1,1,3,1,12,1,12,1,12,1,12,59,5
0,8,-9,-16,18,-14,2,5,6,1,12,1,12,1,4,1,12,47,11
0,8,-9,-16,18,-4,1,1,6,1,12,1,4,1,4,1,12,47,11
0,8,-9,-16,18,-3,2,5,6,1,4,1,4,1,4,1,12,47,3
0,8,-9,-8,9,-14,3,1,6,1,12,1,12,1,4,1,12,47,5
0,8,-9,-8,9,-12,2,1,6,1,12,1,12,1,4,1,12,47,5
0,8,-9,-8,9,-11,2,1,6,1,12,1,4,1,4,1,12,47,5
0,8,-9,-8,9,-10,3,1,6,1,12,1,12,1,4,1,12,47,5
0,8,-9,-8,9,-7,0,1,6,1,12,1,4,1,4,1,12,47,5
0,8,-9,-8,9,-6,0,1,6,1,4,1,4,1,4,1,12,47,1
0,8,-9,-8,9,-5,0,1,6,1,4,1,12,1,4,1,12,47,5
0,8,-9,-8,9,-4,0,1,6,1,12,1,12,1,4,1,12,47,5
0,8,-9,-8,9,-3,0,2,7,5,28,1,28,5,28,1,28,111,13
0,8,-9,-8,9,-2,3,1,6,1,12,1,12,1,4,1,12,47,5
0,9,-28,-9,28,-16,0,1,6,1,12,1,12,1,12,1,4,167,5
0,9,-22,-9,22,-10,3,1,6,1,12,1,12,1,12,1,4,131,5
0,9,-21,-12,28,-16,2,4,5,3,20,3,20,3,20,3,20,23,13
0,9,-21,-12,28,-12,2,4,5,3,20,3,20,3,20,3,20,23,13
0,9,-21,-12,28,-2,1,4,5,3,20,3,20,3,20,3,20,23,13
0,9,-21,-9,21,-19,0,1,6,1,12,1,4,1,4,1,4,59,5
0,9,-21,-9,21,-5,1,2,5,3,20,3,20,3,20,3,20,69,3
0,9,-20,-9,20,-24,2,1,6,1,12,1,12,1,12,1,4,119,5
0,9,-20,-9,20,-14,3,1,6,1,12,1,12,1,12,1,4,119,5
0,9,-20,-9,20,-8,0,1,6,1,12,1,12,1,12,1,4,119,5
0,9,-18,-10,20,-30,0,1,6,1,12,1,4,1,12,1,12,59,11
0,9,-18,-10,20,-28,0,1,3,1,12,1,12,1,12,1,12,59,11
0,9,-18,-10,20,-27,0,1,6,1,12,1,4,1,12,1,12,23,17
0,9,-18,-10,20,-26,0,1,3,1,12,1,12,1,12,1,12,41,23
0,9,-18,-10,20,-25,1,0,3,1,12,1,12,1,12,1,12,29,29
0,9,-18,-10,20,-24,1,0,6,1,12,1,4,1,12,1,12,35,23
0,9,-18,-10,20,-23,1,0,3,1,12,1,12,1,12,1,12,29,23
0,9,-18,-10,20,-22,1,0,3,1,12,1,12,1,12,1,12,35,23
0,9,-18,-10,20,-21,0,1,6,1,12,1,4,1,12,1,12,47,11
0,9,-18,-10,20,-20,0,1,3,1,12,1,12,1,12,1,12,59,11
0,9,-18,-10,20,-19,1,0,3,1,12,1,12,1,12,1,12,59,11
0,9,-18,-10,20,-18,2,3,6,1,12,1,4,1,12,1,12,35,11
0,9,-18,-10,20,-17,1,1,3,1,12,1,12,1,12,1,12,35,17
0,9,-18,-10,20,-16,0,1,3,1,12,1,12,1,12,1,12,29,23
0,9,-18,-10,20,-15,1,4,6,1,12,1,4,1,12,1,12,29,23
0,9,-18,-10,20,-14,0,1,3,1,12,1,12,1,12,1,12,29,23
0,9,-18,-10,20,-13,0,1,3,1,12,1,12,1,12,1,12,23,23
0,9,-18,-10,20,-12,1,3,6,1,12,1,4,1,12,1,12,35,11
0,9,-18,-10,20,-11,1,0,3,1,12,1,12,1,12,1,12,41,11
0,9,-18,-10,20,-10,0,1,3,1,12,1,12,1,12,1,12,59,11
0,9,-18,-10,20,-9,0,1,6,1,12,1,4,1,12,1,12,47,11
0,9,-18,-10,20,-8,1,0,3,1,12,1,12,1,12,1,12,35,11
0,9,-18,-10,20,-7,1,1,3,1,12,1,12,1,12,1,12,35,17
0,9,-18,-10,20,-6,0,1,6,1,12,1,4,1,12,1,12,23,23
0,9,-18,-10,20,-5,0,1,3,1,12,1,12,1,12,1,12,29,23
0,9,-18,-10,20,-4,0,1,3,1,12,1,12,1,12,1,12,23,23
0,9,-18,-10,20,-3,0,1,6,1,12,1,4,1,12,1,12,23,17
0,9,-18,-10,20,-2,1,0,3,1,12,1,12,1,12,1,12,35,11
0,9,-18,-10,20,-1,1,0,3,1,12,1,12,1,12,1,12,41,11
0,9,-18,-10,20,0,2,1,6,1,12,1,4,1,12,1,12,59,11
0,9,-18,-9,18,-29,3,1,7,5,28,5,28,5,28,1,28,125,2
0,9,-18,-9,18,-28,3,1,7,5,28,5,28,5,28,1,28,125,2
0,9,-18,-9,18,-26,4,3,10,1,20,1,4,3,20,1,20,129,9
0,9,-18,-9,18,-25,4,1,13,3,52,7,52,7,52,3,52,112,8
0,9,-18,-9,18,-23,0,3,10,3,20,1,20,3,20,1,20,109,9
0,9,-18,-9,18,-22,0,1,7,5,28,5,28,5,28,1,28,125,2
0,9,-18,-9,18,-20,0,1,7,5,28,5,28,5,28,1,28,125,2
0,9,-18,-9,18,-19,0,1,7,5,28,1,28,5,28,1,28,125,13
0,9,-18,-9,18,-17,3,1,7,1,28,1,28,5,28,1,28,125,13
0,9,-18,-9,18,-16,3,1,7,5,28,1,28,5,28,1,28,125,13
0,9,-18,-9,18,-14,2,1,7,1,28,1,28,5,28,1,28,125,13
0,9,-18,-9,18,-13,2,1,7,1,28,5,28,5,28,1,28,125,13
0,9,-18,-9,18,-11,3,1,7,1,28,1,28,5,28,1,28,125,13
0,9,-18,-9,18,-10,0,1,7,1,28,1,28,5,28,1,28,125,13
0,9,-18,-9,18,-8,0,1,7,5,28,5,28,5,28,1,28,125,2
0,9,-18,-9,18,-7,0,1,7,5,28,5,28,5,28,1,28,125,2
0,9,-18,-9,18,-5,0,1,7,5,28,1,28,5,28,1,28,125,13
0,9,-18,-9,18,-4,0,1,7,1,28,1,28,5,28,1,28,125,13
0,9,-18,-9,18,-2,3,1,7,5,28,1,28,5,28,1,28,125,13
0,9,-18,-9,18,-1,2,1,7,1,28,5,28,5,28,1,28,125,13
0,9,-16,-9,16,-12,0,2,5,3,20,3,20,3,20,3,20,53,3
0,9,-16,-9,16,-10,2,2,5,3,20,3,20,3,20,3,20,53,3
0,9,-16,-9,16,-5,1,2,5,3,20,3,20,3,20,3,20,53,3
0,9,-16,-9,16,-4,0,1,6,1,12,1,12,1,12,1,4,95,5
0,9,-16,-9,16,-3,1,3,5,3,20,3,20,3,20,3,20,53,3
0,9,-15,-12,20,-14,1,3,6,1,12,1,4,1,4,1,4,11,23
0,9,-15,-12,20,-12,2,3,6,1,12,1,4,1,4,1,4,9,23
0,9,-15,-12,20,-8,1,3,6,1,12,1,4,1,4,1,4,9,23
0,9,-15,-12,20,-6,1,3,6,1,12,1,4,1,4,1,4,11,23
0,9,-15,-12,20,-4,2,3,6,1,12,1,4,1,4,1,4,9,23
0,9,-15,-12,20,-2,2,3,6,1,12,1,4,1,4,1,4,11,23
0,9,-15,-9,15,-17,0,1,6,1,4,1,12,1,4,1,4,47,5
0,9,-15,-9,15,-11,2,1,6,1,12,1,4,1,4,1,4,35,5
0,9,-15,-9,15,-7,0,1,6,1,12,1,4,1,4,1,4,29,5
0,9,-15,-9,15,-1,2,1,6,1,12,1,4,1,4,1,4,29,5
0,9,-14,-9,14,-8,0,2,5,3,20,3,20,3,20,3,20,46,3
0,9,-14,-9,14,-6,0,1,6,1,4,1,4,1,12,1,4,83,1
0,9,-14,-9,14,-3,1,3,5,3,20,3,20,3,20,3,20,46,3
0,9,-14,-9,14,-2,0,2,5,3,20,3,20,3,20,3,20,46,3
0,9,-14,-9,14,-1,2,1,6,1,12,1,4,1,12,1,4,83,5
0,9,-13,-9,13,-25,1,5,7,5,28,5,28,1,28,5,28,181,2
0,9,-13,-9,13,-5,1,5,7,1,28,1,28,1,28,5,28,181,13
0,9,-13,-9,13,-3,0,2,7,5,28,1,28,1,28,5,28,181,13
0,9,-13,-9,13,-1,2,2,7,1,28,5,28,1,28,5,28,181,13
0,9,-12,-12,16,-28,0,1,6,1,12,1,12,1,12,1,4,23,23
0,9,-12,-12,16,-22,0,1,6,1,12,1,12,1,12,1,4,23,23
0,9,-12,-12,16,-21,0,1,6,1,4,1,4,1,12,1,4,23,7
0,9,-12,-12,16,-20,0,1,6,1,12,1,12,1,12,1,4,23,23
0,9,-12,-12,16,-16,2,1,6,1,12,1,12,1,12,1,4,23,23
0,9,-12,-12,16,-15,2,1,6,1,4,1,4,1,12,1,4,23,7
0,9,-12,-12,16,-14,0,1,6,1,12,1,12,1,12,1,4,23,23
0,9,-12,-12,16,-13,3,1,6,1,4,1,12,1,12,1,4,23,17
0,9,-12,-12,16,-12,2,1,6,1,12,1,4,1,12,1,4,23,23
0,9,-12,-12,16,-10,1,5,6,1,12,1,12,1,12,1,4,23,23
0,9,-12,-12,16,-9,3,1,6,1,4,1,4,1,12,1,4,23,7
0,9,-12,-12,16,-8,2,1,6,1,12,1,12,1,12,1,4,23,23
0,9,-12,-12,16,-7,1,5,6,1,4,1,12,1,12,1,4,23,17
0,9,-12,-12,16,-6,1,5,6,1,12,1,4,1,12,1,4,23,23
0,9,-12,-12,16,-5,2,1,6,1,4,1,12,1,12,1,4,23,17
0,9,-12,-12,16,-4,1,1,6,1,12,1,12,1,12,1,4,23,23
0,9,-12,-12,16,-3,1,5,6,1,4,1,4,1,12,1,4,23,7
0,9,-12,-12,16,-2,1,5,6,1,12,1,12,1,12,1,4,23,23
0,9,-12,-12,16,-1,1,5,6,1,4,1,12,1,12,1,4,23,17
0,9,-12,-12,16,0,1,1,6,1,12,1,4,1,12,1,4,23,23
0,9,-12,-9,12,-25,1,5,7,5,28,5,28,5,28,5,28,36,2
0,9,-12,-9,12,-19,1,5,7,1,28,1,28,5,28,5,28,139,13
0,9,-12,-9,12,-17,0,2,7,5,28,1,28,5,28,5,28,111,13
0,9,-12,-9,12,-16,0,2,7,1,28,1,28,5,28,5,28,111,13
0,9,-12,-9,12,-13,2,1,7,1,28,5,28,1,28,1,28,167,13
0,9,-12,-9,12,-11,0,2,7,1,28,5,28,5,28,5,28,83,13
0,9,-12,-9,12,-10,0,1,7,1,28,1,28,1,28,1,28,167,13
0,9,-12,-9,12,-8,0,1,7,5,28,5,28,1,28,1,28,167,2
0,9,-12,-9,12,-7,0,1,7,5,28,5,28,1,28,1,28,167,2
0,9,-12,-9,12,-5,0,1,7,5,28,1,28,1,28,1,28,167,13
0,9,-12,-9,12,-4,0,1,7,1,28,1,28,1,28,1,28,167,13
0,9,-12,-9,12,-2,0,2,7,1,28,1,28,5,28,5,28,33,13
0,9,-12,-9,12,-1,2,1,7,1,28,5,28,1,28,1,28,167,13
0,9,-11,-9,11,-17,1,3,5,3,20,3,20,3,20,3,20,36,3
0,9,-11,-9,11,-7,1,3,5,3,20,3,20,3,20,3,20,36,3
0,9,-11,-9,11,-5,1,2,5,3,20,3,20,3,20,3,20,36,3
0,9,-11,-9,11,-3,1,3,5,3,20,3,20,3,20,3,20,36,3
0,9,-10,-18,20,-4,1,1,6,1,12,1,4,1,12,1,4,59,11
0,9,-10,-18,20,-3,2,5,6,1,4,1,4,1,12,1,4,59,3
0,9,-10,-9,10,-13,2,1,6,1,4,1,12,1,12,1,4,59,5
0,9,-10,-9,10,-12,2,1,6,1,12,1,12,1,12,1,4,59,5
0,9,-10,-9,10,-8,0,1,6,1,12,1,12,1,12,1,4,59,5
0,9,-10,-9,10,-7,0,1,6,1,12,1,4,1,12,1,4,59,5
0,9,-10,-9,10,-6,0,1,6,1,4,1,4,1,12,1,4,59,1
0,9,-10,-9,10,-4,0,1,6,1,12,1,12,1,12,1,4,59,5
0,9,-10,-9,10,-3,3,1,7,1,28,1,28,5,28,1,28,125,13
0,9,-10,-9,10,-2,3,1,6,1,12,1,12,1,12,1,4,59,5
0,10,-21,-10,21,-18,0,1,6,1,4,1,4,1,4,1,12,59,1
0,10,-20,-10,20,-29,1,1,3,1,12,1,12,1,12,1,12,119,5
0,10,-20,-10,20,-27,0,1,3,1,12,1,12,1,12,1,12,119,5
0,10,-20,-10,20,-23,1,1,3,1,12,1,12,1,12,1,12,119,5
0,10,-20,-10,20,-21,0,1,3,1,12,1,12,1,12,1,12,119,5
0,10,-20,-10,20,-19,1,1,3,1,12,1,12,1,12,1,12,119,5
0,10,-20,-10,20,-17,1,1,3,1,12,1,12,1,12,1,12,119,5
0,10,-20,-10,20,-13,1,1,3,1,12,1,12,1,12,1,12,119,5
0,10,-20,-10,20,-11,1,1,3,1,12,1,12,1,12,1,12,119,5
0,10,-20,-10,20,-9,0,1,3,1,12,1,12,1,12,1,12,119,5
0,10,-20,-10,20,-7,1,1,3,1,12,1,12,1,12,1,12,119,5
0,10,-20,-10,20,-3,0,1,3,1,12,1,12,1,12,1,12,119,5
0,10,-20,-10,20,-1,1,1,3,1,12,1,12,1,12,1,12,119,5
0,10,-19,-10,19,-17,1,1,3,1,12,1,12,1,12,1,12,113,5
0,10,-19,-10,19,-7,1,1,3,1,12,1,12,1,12,1,12,113,5
0,10,-17,-10,17,-19,1,1,3,1,12,1,12,1,12,1,12,101,5
0,10,-17,-10,17,-11,1,1,3,1,12,1,12,1,12,1,12,101,5
0,10,-17,-10,17,-1,1,1,3,1,12,1,12,1,12,1,12,101,5
0,10,-16,-10,16,-17,1,1,3,1,12,1,12,1,12,1,12,95,5
0,10,-16,-10,16,-1,1,1,3,1,12,1,12,1,12,1,12,95,5
0,10,-14,-20,28,-1,1,2,3,1,12,1,12,1,12,1,12,83,11
0,10,-14,-15,21,-8,0,1,3,1,12,1,12,1,12,1,12,41,17
0,10,-14,-15,21,-6,1,3,6,1,4,1,12,1,4,1,4,13,11
0,10,-14,-10,14,-13,1,1,3,1,12,1,12,1,12,1,12,83,5
0,10,-14,-10,14,-1,1,1,3,1,12,1,12,1,12,1,12,83,5
0,10,-13,-10,13,-14,0,1,3,1,12,1,12,1,12,1,12,77,5
0,10,-13,-10,13,-11,1,1,3,1,12,1,12,1,12,1,12,77,5
0,10,-13,-10,13,-9,0,1,3,1,12,1,12,1,12,1,12,77,5
0,10,-13,-10,13,-4,0,1,3,1,12,1,12,1,12,1,12,77,5
0,10,-13,-10,13,-1,1,1,3,1,12,1,12,1,12,1,12,77,5
0,10,-12,-10,12,-19,1,7,11,9,44,5,44,5,44,5,44,52,4
0,10,-12,-10,12,-9,0,1,7,1,28,5,28,1,28,5,28,167,13
0,10,-12,-10,12,-7,0,1,7,5,28,5,28,1,28,5,28,167,2
0,10,-12,-10,12,-3,3,1,7,1,28,1,28,1,28,5,28,167,13
0,10,-11,-20,22,-4,1,2,3,1,12,1,12,1,12,1,12,65,11
0,10,-11,-10,11,-17,1,1,3,1,12,1,12,1,12,1,12,65,5
0,10,-11,-10,11,-13,1,1,3,1,12,1,12,1,12,1,12,65,5
0,10,-11,-10,11,-8,0,1,3,1,12,1,12,1,12,1,12,65,5
0,10,-11,-10,11,-7,1,1,3,1,12,1,12,1,12,1,12,65,5
0,10,-11,-10,11,-4,0,1,3,1,12,1,12,1,12,1,12,65,5
0,10,-11,-10,11,-3,0,1,3,1,12,1,12,1,12,1,12,65,5
0,11,-24,-11,24,-5,1,2,5,3,20,3,20,3,20,3,20,79,3
0,11,-20,-11,20,-16,0,1,3,1,12,1,12,1,12,1,12,119,5
0,11,-20,-11,20,-8,0,1,3,1,12,1,12,1,12,1,12,119,5
0,11,-18,-11,18,-13,2,1,7,1,28,5,28,5,28,5,28,97,13
0,11,-18,-11,18,-10,0,1,7,1,28,1,28,5,28,5,28,69,13
0,11,-18,-11,18,-1,2,1,7,1,28,5,28,5,28,5,28,50,13
0,11,-16,-11,16,-7,1,1,3,1,12,1,12,1,12,1,12,95,5
0,11,-16,-11,16,-4,0,1,3,1,12,1,12,1,12,1,12,95,5
0,11,-16,-11,16,-2,0,1,3,1,12,1,12,1,12,1,12,95,5
0,11,-16,-11,16,-1,1,1,3,1,12,1,12,1,12,1,12,95,5
0,11,-15,-11,15,-1,2,3,7,1,28,1,28,5,28,1,28,153,13
0,11,-14,-11,14,-15,0,1,3,1,12,1,12,1,12,1,12,83,5
0,11,-14,-11,14,-10,0,1,3,1,12,1,12,1,12,1,12,83,5
0,11,-14,-11,14,-5,1,1,3,1,12,1,12,1,12,1,12,83,5
0,11,-14,-11,14,-2,0,1,3,1,12,1,12,1,12,1,12,83,5
0,11,-13,-11,13,-19,1,1,3,1,12,1,12,1,12,1,12,77,5
0,11,-13,-11,13,-5,1,1,3,1,12,1,12,1,12,1,12,77,5
0,11,-12,-11,12,-14,2,1,7,1,28,1,28,1,28,5,28,167,13
0,11,-12,-11,12,-9,0,1,7,1,28,5,28,1,28,5,28,167,13
0,11,-12,-11,12,-8,0,1,7,5,28,5,28,1,28,5,28,167,2
0,11,-12,-11,12,-5,0,1,7,5,28,1,28,1,28,5,28,167,13
0,11,-12,-11,12,-4,0,1,7,1,28,1,28,1,28,5,28,167,13
0,11,-12,-11,12,-3,3,1,7,1,28,1,28,1,28,5,28,167,13
0,12,-25,-12,25,-9,2,2,9,1,12,1,12,7,36,1,12,71,5
0,12,-22,-12,22,-13,1,8,10,1,20,1,20,3,20,3,20,73,9
0,12,-22,-12,22,-9,2,1,5,3,20,3,20,3,20,3,20,73,3
0,12,-19,-12,19,-9,1,5,7,1,28,1,28,5,28,5,28,69,13
0,12,-19,-12,19,-3,0,2,7,5,28,1,28,5,28,5,28,53,13
0,12,-17,-12,17,-9,2,1,5,3,20,3,20,3,20,3,20,56,3
0,12,-17,-12,17,-3,3,1,7,1,28,1,28,5,28,1,28,167,13
0,12,-17,-12,17,-1,2,1,5,3,20,3,20,3,20,3,20,56,3
0,12,-16,-12,16,-25,1,5,7,5,28,5,28,5,28,5,28,44,2
0,12,-16,-12,16,-19,1,5,7,1,28,1,28,5,28,5,28,139,13
0,12,-16,-12,16,-17,0,2,7,5,28,1,28,5,28,5,28,111,13
0,12,-16,-12,16,-13,2,2,7,1,28,5,28,5,28,5,28,97,13
0,12,-16,-12,16,-11,0,2,7,1,28,5,28,5,28,5,28,83,13
0,12,-16,-12,16,-9,0,1,7,1,28,5,28,1,28,1,28,223,13
0,12,-16,-12,16,-7,0,1,7,5,28,5,28,1,28,1,28,223,2
0,12,-16,-12,16,-5,0,1,7,5,28,1,28,1,28,1,28,223,13
0,12,-16,-12,16,-3,0,2,7,5,28,1,28,5,28,5,28,44,13
0,12,-16,-12,16,-1,2,1,7,1,28,5,28,1,28,1,28,223,13
0,12,-14,-12,14,-17,3,1,9,1,12,7,36,7,36,1,12,71,5
0,12,-14,-12,14,-9,0,1,9,7,36,7,36,7,36,1,12,71,2
0,12,-14,-12,14,-5,3,5,11,5,44,5,44,5,44,9,44,61,4
0,12,-14,-12,14,-3,4,1,9,1,12,1,12,7,36,1,12,71,5
0,12,-13,-12,13,-16,0,1,5,3,20,3,20,3,20,3,20,43,3
0,12,-13,-12,13,-10,2,1,5,3,20,3,20,3,20,3,20,43,3
0,12,-13,-12,13,-9,2,1,5,3,20,3,20,3,20,3,20,43,3
0,12,-13,-12,13,-5,0,1,5,3,20,3,20,3,20,3,20,43,3
0,12,-13,-12,13,-4,0,1,5,3,20,3,20,3,20,3,20,43,3
0,12,-13,-12,13,-3,0,2,7,5,28,1,28,1,28,5,28,181,13
0,13,-28,-13,28,-8,0,1,3,1,12,1,12,1,12,1,12,167,5
0,13,-24,-13,24,-19,3,1,9,7,36,1,12,1,12,7,36,143,5
0,13,-22,-13,22,-10,0,1,3,1,12,1,12,1,12,1,12,131,5
0,13,-20,-13,20,-8,0,1,3,1,12,1,12,1,12,1,12,119,5
0,13,-20,-13,20,-2,0,1,3,1,12,1,12,1,12,1,12,119,5
0,13,-18,-13,18,-11,2,1,5,3,20,3,20,3,20,3,20,59,3
0,13,-18,-13,18,-2,0,3,7,5,28,5,28,1,28,5,28,251,2
0,13,-18,-13,18,-1,2,1,5,3,20,3,20,3,20,3,20,59,3
0,13,-16,-13,16,-25,1,1,3,1,12,1,12,1,12,1,12,95,5
0,13,-16,-13,16,-17,1,1,3,1,12,1,12,1,12,1,12,95,5
0,13,-16,-13,16,-12,1,1,3,1,12,1,12,1,12,1,12,95,5
0,13,-16,-13,16,-4,0,1,3,1,12,1,12,1,12,1,12,95,5
0,13,-15,-13,15,-7,0,3,7,1,28,1,28,5,28,5,28,55,13
0,13,-14,-13,14,-17,1,1,3,1,12,1,12,1,12,1,12,83,5
0,13,-14,-13,14,-10,0,1,3,1,12,1,12,1,12,1,12,83,5
0,13,-14,-13,14,-5,1,1,3,1,12,1,12,1,12,1,12,83,5
0,13,-14,-13,14,-4,0,1,3,1,12,1,12,1,12,1,12,83,5
0,14,-20,-14,20,-19,1,1,3,1,12,1,12,1,12,1,12,119,5
0,14,-20,-14,20,-1,1,1,3,1,12,1,12,1,12,1,12,119,5
0,14,-19,-14,19,-1,1,1,3,1,12,1,12,1,12,1,12,113,5
0,14,-17,-14,17,-13,1,1,3,1,12,1,12,1,12,1,12,101,5
0,14,-17,-14,17,-5,1,1,3,1,12,1,12,1,12,1,12,101,5
0,14,-16,-14,16,-11,1,1,3,1,12,1,12,1,12,1,12,95,5
0,14,-16,-14,16,-5,1,1,3,1,12,1,12,1,12,1,12,95,5
0,14,-15,-14,15,-18,0,1,6,1,4,1,4,1,4,1,12,83,1
0,14,-15,-14,15,-11,2,1,6,1,12,1,4,1,4,1,12,83,5
0,14,-15,-14,15,-6,0,1,6,1,4,1,4,1,4,1,12,83,1
0,14,-15,-14,15,-4,0,1,6,1,12,1,12,1,4,1,12,83,5
0,15,-28,-15,28,-8,0,1,6,1,12,1,12,1,12,1,4,167,5
0,15,-22,-15,22,-2,3,1,6,1,12,1,12,1,12,1,4,131,5
0,15,-21,-20,28,-8,1,1,3,1,12,1,12,1,12,1,12,41,23
0,15,-21,-20,28,-6,1,2,6,1,12,1,4,1,12,1,12,41,23
0,15,-21,-15,21,-13,2,1,6,1,4,1,12,1,4,1,4,41,5
0,15,-21,-15,21,-1,2,1,6,1,12,1,4,1,4,1,4,41,5
0,15,-16,-15,16,-19,0,1,6,1,12,1,4,1,12,1,4,95,5
0,15,-16,-15,16,-12,2,1,6,1,12,1,12,1,12,1,4,95,5
0,15,-16,-15,16,-6,0,1,6,1,4,1,4,1,12,1,4,95,1
0,15,-16,-15,16,-4,0,1,6,1,12,1,12,1,12,1,4,95,5
0,16,-25,-16,25,-13,1,1,3,1,12,1,12,1,12,1,12,149,5
0,16,-22,-16,22,-1,1,1,3,1,12,1,12,1,12,1,12,131,5
0,16,-21,-16,21,-12,0,2,5,3,20,3,20,3,20,3,20,69,3
0,16,-19,-16,19,-15,0,1,3,1,12,1,12,1,12,1,12,113,5
0,16,-19,-16,19,-7,1,1,3,1,12,1,12,1,12,1,12,113,5
0,16,-18,-16,18,-5,0,1,7,5,28,1,28,5,28,1,28,223,13
0,16,-17,-16,17,-13,1,1,3,1,12,1,12,1,12,1,12,101,5
0,16,-17,-16,17,-5,1,1,3,1,12,1,12,1,12,1,12,101,5
0,17,-24,-17,24,-1,3,1,7,5,28,5,28,5,28,5,28,67,2
0,17,-18,-17,18,-7,0,1,7,5,28,5,28,5,28,5,28,50,2
0,17,-18,-17,18,-5,0,1,5,3,20,3,20,3,20,3,20,59,3
0,18,-25,-18,25,-1,3,1,7,5,28,5,28,5,28,5,28,69,2
0,18,-20,-18,20,-13,0,1,12,1,6,1,4,1,12,1,4,119,2
0,18,-19,-18,19,-5,6,1,13,3,52,3,52,11,52,7,52,66,8
0,19,-24,-19,24,-13,1,3,5,3,20,3,20,3,20,3,20,79,3
0,20,-22,-20,22,-7,1,1,3,1,12,1,12,1,12,1,12,131,5
0,20,-21,-20,21,-6,0,1,6,1,4,1,4,1,4,1,12,119,1
0,21,-22,-21,22,-6,0,1,6,1,4,1,4,1,12,1,4,131,1
0,24,-25,-24,25,-7,0,1,7,5,28,5,28,5,28,5,28,69,2
1,-28,-24,-8,-7,4,1,0,3,1,12,1,12,1,12,1,12,35,23
1,-28,-20,-20,-14,-8,0,1,6,1,12,1,12,1,4,1,12,23,23
1,-28,-18,-8,-5,-4,1,1,3,1,12,1,12,1,12,1,12,35,17
1,-28,-16,-8,-5,12,1,0,3,1,12,1,12,1,12,1,12,29,23
1,-28,-12,-20,-8,-16,1,0,3,1,12,1,12,1,12,1,12,29,23
1,-28,-12,-8,-3,-12,0,1,3,1,12,1,12,1,12,1,12,29,23
1,-28,-10,-8,-3,4,1,1,3,1,12,1,12,1,12,1,12,35,17
1,-28,-8,-20,-6,8,0,1,3,1,12,1,12,1,12,1,12,23,23
1,-28,-8,-8,-3,20,0,1,3,1,12,1,12,1,12,1,12,23,23
1,-28,-6,-20,-4,-8,0,1,3,1,12,1,12,1,12,1,12,23,29
1,-28,-6,-8,-1,-20,1,1,3,1,12,1,12,1,12,1,12,29,35
1,-28,-4,-20,-2,-24,1,2,3,1,12,1,12,1,12,1,12,41,23
1,-28,-4,-8,-1,-4,1,3,6,1,12,1,12,1,4,1,12,41,23
1,-28,-2,-20,-2,16,1,3,6,1,12,1,12,1,4,1,12,65,11
1,-28,-2,-8,-1,12,1,2,3,1,12,1,12,1,12,1,12,65,11
1,-25,-21,-7,-6,3,1,0,3,1,12,1,12,1,12,1,12,35,23
1,-25,-19,-18,-14,8,1,2,3,1,12,1,12,1,12,1,12,35,23
1,-25,-17,-18,-12,-6,0,3,7,5,28,5,28,5,28,5,28,22,8
1,-25,-15,-7,-4,-5,1,0,3,1,12,1,12,1,12,1,12,29,29
1,-25,-13,-18,-10,16,1,0,3,1,12,1,12,1,12,1,12,53,11
1,-25,-13,-7,-4,9,1,0,3,1,12,1,12,1,12,1,12,59,11
1,-25,-11,-18,-8,2,1,1,3,1,12,1,12,1,12,1,12,41,17
1,-25,-9,-18,-6,-12,1,3,5,3,20,3,20,3,20,3,20,19,9
1,-25,-9,-7,-2,-13,1,1,3,1,12,1,12,1,12,1,12,41,17
1,-25,-7,-18,-6,24,2,4,9,1,12,7,36,1,12,7,36,35,10
1,-25,-7,-7,-2,1,1,4,10,1,4,3,20,1,20,1,20,39,29
1,-25,-5,-18,-4,10,1,2,3,1,12,1,12,1,12,1,12,29,29
1,-25,-5,-7,-2,15,1,2,3,1,12,1,12,1,12,1,12,29,29
1,-25,-3,-18,-2,-4,0,1,3,1,12,1,12,1,12,1,12,47,17
1,-24,-22,-7,-6,-10,0,1,3,1,12,1,12,1,12,1,12,47,11
1,-24,-20,-7,-6,4,0,1,3,1,12,1,12,1,12,1,12,29,23
1,-24,-18,-17,-13,6,0,2,5,3,20,3,20,3,20,3,20,19,13
1,-24,-16,-17,-11,-8,0,1,3,1,12,1,12,1,12,1,12,47,17
1,-24,-16,-7,-4,-16,0,1,3,1,12,1,12,1,12,1,12,47,17
1,-24,-14,-7,-4,-2,1,0,3,1,12,1,12,1,12,1,12,29,23
1,-24,-12,-17,-9,12,0,1,5,3,20,3,20,3,20,3,20,39,6
1,-24,-12,-7,-4,12,1,4,5,3,20,3,20,3,20,3,20,39,6
1,-24,-10,-17,-7,-2,0,1,3,1,12,1,12,1,12,1,12,29,23
1,-24,-10,-7,-2,-22,1,1,3,1,12,1,12,1,12,1,12,35,23
1,-24,-8,-17,-5,-16,1,2,3,1,12,1,12,1,12,1,12,47,17
1,-24,-8,-7,-2,-8,1,2,3,1,12,1,12,1,12,1,12,47,17
1,-24,-6,-17,-5,18,4,1,9,7,36,1,12,1,12,7,36,35,10
1,-24,-6,-7,-2,6,3,1,9,7,36,1,12,1,12,7,36,35,10
1,-24,-4,-17,-3,4,1,1,3,1,12,1,12,1,12,1,12,35,23
1,-24,-4,-7,-2,20,1,2,3,1,12,1,12,1,12,1,12,29,23
1,-24,-2,-17,-1,-10,1,1,3,1,12,1,12,1,12,1,12,65,11
1,-22,-20,-16,-14,-12,1,0,3,1,12,1,12,1,12,1,12,47,11
1,-22,-18,-6,-5,2,0,1,3,1,12,1,12,1,12,1,12,29,23
1,-22,-16,-16,-12,8,1,1,3,1,12,1,12,1,12,1,12,23,23
1,-22,-16,-6,-5,14,1,1,3,1,12,1,12,1,12,1,12,23,23
1,-22,-14,-16,-10,-4,1,0,5,3,20,3,20,3,20,3,20,16,9
1,-22,-12,-16,-8,-16,1,1,3,1,12,1,12,1,12,1,12,47,11
1,-22,-12,-6,-3,-6,1,4,5,3,20,3,20,3,20,3,20,19,6
1,-22,-10,-16,-8,16,1,4,6,1,12,1,12,1,4,1,12,47,11
1,-22,-10,-6,-3,6,2,1,6,1,4,1,12,1,12,1,4,35,11
1,-22,-8,-16,-6,4,0,1,3,1,12,1,12,1,12,1,12,29,17
1,-22,-8,-6,-3,18,1,3,6,1,4,1,12,1,12,1,4,35,11
1,-22,-6,-16,-4,-8,1,1,3,1,12,1,12,1,12,1,12,23,23
1,-22,-6,-6,-1,-14,1,0,3,1,12,1,12,1,12,1,12,23,23
1,-22,-4,-16,-2,-20,2,3,6,1,12,1,12,1,4,1,12,35,23
1,-22,-4,-6,-1,-2,0,1,3,1,12,1,12,1,12,1,12,29,23
1,-22,-2,-16,-2,12,1,2,3,1,12,1,12,1,12,1,12,47,11
1,-22,-2,-6,-1,10,1,2,3,1,12,1,12,1,12,1,12,47,11
1,-21,-19,-6,-5,-9,1,0,3,1,12,1,12,1,12,1,12,41,11
1,-21,-17,-6,-5,3,0,1,3,1,12,1,12,1,12,1,12,29,23
1,-21,-15,-15,-11,6,1,0,5,3,20,3,20,3,20,3,20,13,9
1,-21,-13,-15,-9,-6,1,0,5,3,20,3,20,3,20,3,20,16,9
1,-21,-13,-6,-3,-15,0,1,5,3,20,3,20,3,20,3,20,9,16
1,-21,-11,-6,-3,-3,0,1,6,1,4,1,4,1,12,1,4,17,5
1,-21,-9,-15,-7,12,2,5,6,1,4,1,4,1,12,1,4,11,5
1,-21,-9,-6,-3,9,2,1,6,1,4,1,4,1,12,1,4,11,5
1,-21,-7,-6,-1,-21,1,1,3,1,12,1,12,1,12,1,12,41,17
1,-21,-5,-15,-3,-12,2,5,6,1,4,1,4,1,12,1,4,9,7
1,-21,-5,-6,-1,-9,1,0,3,1,12,1,12,1,12,1,12,29,23
1,-21,-3,-15,-3,18,2,3,6,1,4,1,4,1,4,1,12,35,5
1,-21,-3,-6,-1,3,2,3,6,1,12,1,4,1,4,1,12,35,5
1,-21,-1,-15,-1,6,1,1,3,1,12,1,12,1,12,1,12,71,5
1,-20,-18,-8,-7,-4,1,0,3,1,12,1,12,1,12,1,12,41,11
1,-20,-18,-6,-5,-8,1,0,3,1,12,1,12,1,12,1,12,41,11
1,-20,-16,-16,-13,4,2,1,5,3,20,3,20,3,20,3,20,16,13
1,-20,-16,-14,-12,16,1,0,3,1,12,1,12,1,12,1,12,29,23
1,-20,-16,-12,-10,8,1,0,3,1,12,1,12,1,12,1,12,29,23
1,-20,-16,-6,-5,4,1,0,3,1,12,1,12,1,12,1,12,29,23
1,-20,-14,-16,-11,-4,0,1,6,1,12,1,12,1,4,1,12,23,17
1,-20,-14,-14,-10,4,1,0,5,3,20,3,20,3,20,3,20,13,9
1,-20,-14,-12,-8,-8,1,2,3,1,12,1,12,1,12,1,12,35,17
1,-20,-14,-8,-5,-12,1,2,3,1,12,1,12,1,12,1,12,35,17
1,-20,-12,-16,-9,-12,1,0,3,1,12,1,12,1,12,1,12,29,23
1,-20,-12,-14,-8,-8,1,0,3,1,12,1,12,1,12,1,12,29,23
1,-20,-12,-12,-8,16,0,1,3,1,12,1,12,1,12,1,12,23,23
1,-20,-12,-8,-5,4,1,0,3,1,12,1,12,1,12,1,12,23,23
1,-20,-12,-6,-3,-12,0,1,6,1,4,1,12,1,12,1,4,23,23
1,-20,-12,-4,-2,-8,1,2,3,1,12,1,12,1,12,1,12,23,23
1,-20,-10,-16,-7,-20,1,4,6,1,12,1,12,1,4,1,12,59,11
1,-20,-10,-14,-8,20,0,1,6,1,12,1,12,1,12,1,4,59,11
1,-20,-10,-8,-3,-20,1,1,3,1,12,1,12,1,12,1,12,59,11
1,-20,-8,-16,-7,12,1,0,3,1,12,1,12,1,12,1,12,29,23
1,-20,-8,-16,-5,-28,2,1,6,1,12,1,12,1,4,1,12,35,23
1,-20,-8,-14,-6,8,1,0,3,1,12,1,12,1,12,1,12,29,23
1,-20,-8,-12,-6,24,3,2,8,1,4,1,4,1,8,1,4,11,7
1,-20,-8,-12,-4,-16,0,1,3,1,12,1,12,1,12,1,12,23,23
1,-20,-8,-8,-3,-4,1,0,3,1,12,1,12,1,12,1,12,23,23
1,-20,-8,-6,-3,12,3,1,6,1,4,1,12,1,12,1,4,23,23
1,-20,-8,-4,-2,8,1,2,6,1,12,1,12,1,4,1,12,23,23
1,-20,-6,-16,-5,4,0,1,3,1,12,1,12,1,12,1,12,23,17
1,-20,-6,-14,-4,-4,0,1,3,1,12,1,12,1,12,1,12,23,17
1,-20,-6,-12,-4,8,0,1,3,1,12,1,12,1,12,1,12,23,17
1,-20,-6,-8,-3,12,1,1,3,1,12,1,12,1,12,1,12,35,17
1,-20,-6,-6,-1,-16,0,1,3,1,12,1,12,1,12,1,12,23,17
1,-20,-6,-4,-2,16,1,1,3,1,12,1,12,1,12,1,12,35,17
1,-20,-4,-16,-3,-4,1,1,3,1,12,1,12,1,12,1,12,29,23
1,-20,-4,-14,-4,24,0,1,3,1,12,1,12,1,12,1,12,23,23
1,-20,-4,-14,-2,-16,2,2,5,3,20,3,20,3,20,3,20,16,13
1,-20,-4,-12,-2,-8,1,1,3,1,12,1,12,1,12,1,12,29,23
1,-20,-4,-8,-1,-12,1,1,3,1,12,1,12,1,12,1,12,29,23
1,-20,-4,-6,-1,-4,1,1,3,1,12,1,12,1,12,1,12,29,23
1,-20,-4,-4,-2,24,0,1,3,1,12,1,12,1,12,1,12,23,23
1,-20,-2,-16,-1,-12,1,1,3,1,12,1,12,1,12,1,12,53,11
1,-20,-2,-14,-2,12,0,1,3,1,12,1,12,1,12,1,12,47,11
1,-20,-2,-12,-2,16,1,1,3,1,12,1,12,1,12,1,12,41,11
1,-20,-2,-8,-1,4,2,3,6,1,12,1,12,1,4,1,12,47,11
1,-20,-2,-6,-1,8,0,1,3,1,12,1,12,1,12,1,12,47,11
1,-19,-17,-14,-12,-10,1,0,3,1,12,1,12,1,12,1,12,41,11
1,-19,-17,-4,-4,8,3,6,7,5,28,5,28,5,28,5,28,19,5
1,-19,-15,-15,-12,3,1,1,6,1,4,1,4,1,4,1,12,29,7
1,-19,-15,-5,-4,1,1,0,3,1,12,1,12,1,12,1,12,23,23
1,-19,-15,-4,-4,16,1,1,3,1,12,1,12,1,12,1,12,23,23
1,-19,-13,-15,-10,-5,1,2,3,1,12,1,12,1,12,1,12,35,17
1,-19,-13,-14,-10,8,2,2,5,3,20,3,20,3,20,3,20,16,9
1,-19,-13,-5,-4,11,0,2,5,3,20,3,20,3,20,3,20,19,9
1,-19,-13,-4,-4,24,1,2,3,1,12,1,12,1,12,1,12,35,23
1,-19,-11,-15,-8,-13,1,2,3,1,12,1,12,1,12,1,12,29,17
1,-19,-11,-14,-8,-2,1,1,7,5,28,1,28,1,28,5,28,41,41
1,-19,-11,-4,-2,-6,1,1,3,1,12,1,12,1,12,1,12,29,17
1,-19,-9,-15,-6,-21,1,4,6,1,4,1,4,1,4,1,12,29,11
1,-19,-9,-14,-6,-12,0,1,3,1,12,1,12,1,12,1,12,41,11
1,-19,-9,-5,-2,-7,1,0,3,1,12,1,12,1,12,1,12,47,11
1,-19,-9,-4,-2,2,1,1,3,1,12,1,12,1,12,1,12,47,11
1,-19,-7,-15,-6,9,1,3,5,3,20,3,20,3,20,3,20,16,9
1,-19,-7,-14,-6,16,0,1,3,1,12,1,12,1,12,1,12,29,23
1,-19,-7,-5,-2,3,0,1,3,1,12,1,12,1,12,1,12,29,17
1,-19,-7,-4,-2,10,1,2,5,3,20,3,20,3,20,3,20,16,9
1,-19,-5,-14,-4,6,1,0,3,1,12,1,12,1,12,1,12,23,23
1,-19,-5,-5,-2,13,2,3,7,1,28,5,28,1,28,5,28,13,41
1,-19,-5,-4,-2,18,1,1,3,1,12,1,12,1,12,1,12,23,29
1,-19,-3,-15,-2,-7,1,1,3,1,12,1,12,1,12,1,12,35,17
1,-19,-3,-14,-2,-4,1,1,3,1,12,1,12,1,12,1,12,35,17
1,-18,-16,-14,-13,10,1,0,3,1,12,1,12,1,12,1,12,41,11
1,-18,-16,-13,-11,-10,1,0,3,1,12,1,12,1,12,1,12,35,11
1,-18,-16,-7,-6,-4,1,0,3,1,12,1,12,1,12,1,12,35,11
1,-18,-16,-5,-4,-8,1,0,3,1,12,1,12,1,12,1,12,35,11
1,-18,-16,-4,-4,8,1,2,3,1,12,1,12,1,12,1,12,35,11
1,-18,-14,-14,-11,2,1,2,3,1,12,1,12,1,12,1,12,23,23
1,-18,-14,-11,-9,8,1,0,3,1,12,1,12,1,12,1,12,23,23
1,-18,-14,-7,-6,10,1,0,3,1,12,1,12,1,12,1,12,23,23
1,-18,-14,-5,-4,2,1,0,3,1,12,1,12,1,12,1,12,23,23
1,-18,-14,-4,-4,16,1,1,3,1,12,1,12,1,12,1,12,23,23
1,-18,-12,-14,-9,-6,1,4,7,5,28,5,28,1,28,1,28,27,41
1,-18,-12,-13,-9,6,0,2,5,3,20,3,20,3,20,3,20,19,9
1,-18,-12,-11,-7,-6,2,2,5,3,20,3,20,3,20,3,20,19,9
1,-18,-12,-7,-4,-12,3,3,7,1,28,5,28,5,28,5,28,16,27
1,-18,-12,-5,-4,12,0,2,5,3,20,3,20,3,20,3,20,19,9
1,-18,-12,-4,-2,-12,1,3,7,1,28,5,28,1,28,1,28,27,41
1,-18,-10,-14,-7,-14,1,2,3,1,12,1,12,1,12,1,12,41,11
1,-18,-10,-13,-7,-4,1,0,3,1,12,1,12,1,12,1,12,29,11
1,-18,-10,-11,-7,16,1,1,3,1,12,1,12,1,12,1,12,35,17
1,-18,-10,-7,-4,2,1,0,3,1,12,1,12,1,12,1,12,29,11
1,-18,-10,-5,-2,-14,1,0,3,1,12,1,12,1,12,1,12,35,11
1,-18,-10,-4,-2,-4,1,2,3,1,12,1,12,1,12,1,12,35,11
1,-18,-8,-14,-7,14,0,1,3,1,12,1,12,1,12,1,12,41,11
1,-18,-8,-14,-5,-22,1,0,3,1,12,1,12,1,12,1,12,35,23
1,-18,-8,-13,-5,-14,0,1,3,1,12,1,12,1,12,1,12,29,17
1,-18,-8,-11,-5,2,1,0,3,1,12,1,12,1,12,1,12,29,11
1,-18,-8,-7,-4,16,1,0,3,1,12,1,12,1,12,1,12,35,11
1,-18,-8,-7,-2,-20,1,1,3,1,12,1,12,1,12,1,12,35,17
1,-18,-8,-5,-2,-4,1,0,3,1,12,1,12,1,12,1,12,29,11
1,-18,-8,-4,-2,4,0,1,3,1,12,1,12,1,12,1,12,29,11
1,-18,-6,-14,-5,6,1,3,5,3,20,3,20,3,20,3,20,19,9
1,-18,-6,-13,-5,12,1,3,7,5,28,5,28,1,28,5,28,16,13
1,-18,-6,-11,-5,24,1,3,5,3,20,3,20,3,20,3,20,19,13
1,-18,-6,-11,-3,-12,2,3,5,3,20,3,20,3,20,3,20,19,9
1,-18,-6,-7,-2,-6,2,3,5,3,20,3,20,3,20,3,20,19,9
1,-18,-6,-5,-2,6,2,4,7,5,28,5,28,1,28,5,28,16,13
1,-18,-6,-4,-2,12,1,2,5,3,20,3,20,3,20,3,20,19,9
1,-18,-4,-14,-3,-2,1,0,3,1,12,1,12,1,12,1,12,23,23
1,-18,-4,-13,-3,2,1,0,3,1,12,1,12,1,12,1,12,23,23
1,-18,-4,-11,-3,10,1,0,3,1,12,1,12,1,12,1,12,23,23
1,-18,-4,-7,-2,8,0,1,3,1,12,1,12,1,12,1,12,23,23
1,-18,-4,-5,-2,16,1,1,3,1,12,1,12,1,12,1,12,23,23
1,-18,-4,-4,-2,20,0,1,3,1,12,1,12,1,12,1,12,23,23
1,-18,-2,-14,-1,-10,1,1,3,1,12,1,12,1,12,1,12,47,11
1,-18,-2,-13,-1,-8,0,1,3,1,12,1,12,1,12,1,12,47,11
1,-18,-2,-11,-1,-4,1,1,3,1,12,1,12,1,12,1,12,47,11
1,-18,-2,-7,-2,22,1,1,3,1,12,1,12,1,12,1,12,35,11
1,-17,-15,-13,-12,9,1,0,3,1,12,1,12,1,12,1,12,41,11
1,-17,-15,-7,-6,-3,1,0,3,1,12,1,12,1,12,1,12,35,11
1,-17,-15,-5,-4,-7,1,0,3,1,12,1,12,1,12,1,12,35,11
1,-17,-15,-4,-4,8,1,2,3,1,12,1,12,1,12,1,12,35,11
1,-17,-13,-13,-10,1,0,3,7,5,28,5,28,1,28,1,28,55,13
1,-17,-13,-12,-10,14,1,0,3,1,12,1,12,1,12,1,12,23,23
1,-17,-13,-10,-8,6,1,0,3,1,12,1,12,1,12,1,12,23,23
1,-17,-13,-5,-4,3,1,0,3,1,12,1,12,1,12,1,12,23,23
1,-17,-13,-4,-4,16,0,3,7,1,28,5,28,1,28,1,28,55,13
1,-17,-11,-13,-8,-7,2,2,7,5,28,1,28,1,28,1,28,69,41
1,-17,-11,-12,-8,4,0,1,3,1,12,1,12,1,12,1,12,29,17
1,-17,-11,-10,-6,-8,0,1,3,1,12,1,12,1,12,1,12,29,17
1,-17,-11,-7,-4,-9,0,1,3,1,12,1,12,1,12,1,12,29,17
1,-17,-11,-4,-2,-10,1,1,7,1,28,5,28,5,28,1,28,27,41
1,-17,-9,-13,-6,-15,0,1,3,1,12,1,12,1,12,1,12,47,11
1,-17,-9,-12,-6,-6,2,4,7,5,28,1,28,5,28,1,28,97,27
1,-17,-9,-10,-6,12,1,0,3,1,12,1,12,1,12,1,12,41,11
1,-17,-9,-7,-4,5,1,0,3,1,12,1,12,1,12,1,12,41,11
1,-17,-9,-5,-2,-11,1,0,3,1,12,1,12,1,12,1,12,47,11
1,-17,-9,-4,-2,-2,1,2,3,1,12,1,12,1,12,1,12,41,11
1,-17,-7,-13,-6,11,0,1,3,1,12,1,12,1,12,1,12,29,17
1,-17,-7,-12,-6,18,1,4,9,1,12,7,36,7,36,7,36,35,7
1,-17,-7,-10,-4,-2,1,1,5,3,20,3,20,3,20,3,20,16,9
1,-17,-7,-7,-2,-15,1,1,3,1,12,1,12,1,12,1,12,23,17
1,-17,-7,-5,-2,-1,1,5,9,1,12,7,36,7,36,7,36,10,7
1,-17,-7,-4,-2,6,1,1,3,1,12,1,12,1,12,1,12,23,17
1,-17,-5,-13,-4,3,1,2,3,1,12,1,12,1,12,1,12,23,17
1,-17,-5,-12,-4,8,1,1,3,1,12,1,12,1,12,1,12,23,17
1,-17,-5,-10,-4,18,1,2,3,1,12,1,12,1,12,1,12,29,17
1,-17,-5,-10,-2,-16,1,5,9,7,36,7,36,1,12,7,36,10,10
1,-17,-5,-5,-2,9,1,2,3,1,12,1,12,1,12,1,12,29,17
1,-17,-5,-4,-2,14,2,3,7,5,28,5,28,1,28,1,28,13,41
1,-17,-3,-13,-2,-5,1,2,3,1,12,1,12,1,12,1,12,35,17
1,-17,-3,-12,-2,-2,0,1,3,1,12,1,12,1,12,1,12,29,17
1,-17,-3,-10,-2,4,1,2,3,1,12,1,12,1,12,1,12,29,17
1,-17,-3,-7,-2,13,1,2,3,1,12,1,12,1,12,1,12,29,17
1,-16,-16,-13,-12,-16,0,1,3,1,12,1,12,1,12,1,12,95,5
1,-16,-16,-5,-4,-16,1,5,6,1,12,1,12,1,12,1,4,95,5
1,-16,-15,-4,-4,4,1,2,3,1,12,1,12,1,12,1,12,59,5
1,-16,-14,-13,-10,-22,2,5,6,1,12,1,12,1,12,1,4,35,17
1,-16,-14,-12,-11,8,1,0,3,1,12,1,12,1,12,1,12,35,11
1,-16,-14,-12,-10,-8,1,0,3,1,12,1,12,1,12,1,12,35,11
1,-16,-14,-10,-8,-12,1,0,3,1,12,1,12,1,12,1,12,35,11
1,-16,-14,-6,-5,-4,1,0,3,1,12,1,12,1,12,1,12,35,11
1,-16,-14,-5,-4,-6,1,0,3,1,12,1,12,1,12,1,12,35,11
1,-16,-14,-4,-4,8,2,5,6,1,12,1,12,1,4,1,12,35,11
1,-16,-14,-3,-3,6,2,5,6,1,4,1,12,1,4,1,12,35,11
1,-16,-13,-12,-10,4,0,1,3,1,12,1,12,1,12,1,12,29,17
1,-16,-13,-4,-4,12,1,1,3,1,12,1,12,1,12,1,12,23,17
1,-16,-12,-13,-10,4,1,2,3,1,12,1,12,1,12,1,12,23,23
1,-16,-12,-13,-8,-28,0,1,3,1,12,1,12,1,12,1,12,29,23
1,-16,-12,-12,-8,-16,0,1,3,1,12,1,12,1,12,1,12,23,23
1,-16,-12,-11,-9,12,1,0,3,1,12,1,12,1,12,1,12,23,23
1,-16,-12,-10,-8,8,1,0,3,1,12,1,12,1,12,1,12,23,23
1,-16,-12,-6,-5,8,1,0,3,1,12,1,12,1,12,1,12,23,23
1,-16,-12,-5,-4,4,1,0,3,1,12,1,12,1,12,1,12,23,23
1,-16,-12,-4,-2,-16,1,0,3,1,12,1,12,1,12,1,12,23,23
1,-16,-12,-3,-3,12,1,5,6,1,4,1,12,1,12,1,4,17,23
1,-16,-11,-12,-8,-4,0,1,3,1,12,1,12,1,12,1,12,29,17
1,-16,-11,-4,-4,20,1,1,6,1,12,1,12,1,4,1,12,23,29
1,-16,-10,-13,-8,-2,1,0,5,3,20,3,20,3,20,3,20,13,9
1,-16,-10,-12,-8,8,0,1,3,1,12,1,12,1,12,1,12,23,17
1,-16,-10,-12,-7,-8,1,0,3,1,12,1,12,1,12,1,12,17,23
1,-16,-10,-11,-7,2,2,2,5,3,20,3,20,3,20,3,20,13,9
1,-16,-10,-10,-6,-4,0,1,3,1,12,1,12,1,12,1,12,23,17
1,-16,-10,-6,-3,-12,0,1,5,3,20,3,20,3,20,3,20,9,13
1,-16,-10,-5,-2,-18,1,0,3,1,12,1,12,1,12,1,12,23,23
1,-16,-10,-4,-3,8,0,1,3,1,12,1,12,1,12,1,12,23,17
1,-16,-10,-4,-2,-8,1,0,5,3,20,3,20,3,20,3,20,13,9
1,-16,-10,-3,-3,18,1,0,5,3,20,3,20,3,20,3,20,13,9
1,-16,-9,-12,-6,-12,2,4,7,5,28,1,28,5,28,1,28,69,27
1,-16,-9,-4,-4,28,1,0,3,1,12,1,12,1,12,1,12,41,23
1,-16,-9,-4,-2,-4,1,2,3,1,12,1,12,1,12,1,12,29,11
1,-16,-8,-13,-6,-8,1,2,3,1,12,1,12,1,12,1,12,47,11
1,-16,-8,-12,-7,16,1,1,3,1,12,1,12,1,12,1,12,47,11
1,-16,-8,-12,-5,-16,1,2,3,1,12,1,12,1,12,1,12,47,11
1,-16,-8,-11,-5,-8,2,4,5,3,20,3,20,3,20,3,20,26,6
1,-16,-8,-10,-6,16,1,1,3,1,12,1,12,1,12,1,12,47,11
1,-16,-8,-10,-4,-16,2,4,5,3,20,3,20,3,20,3,20,26,6
1,-16,-8,-5,-2,-8,2,1,6,1,12,1,12,1,12,1,4,47,5
1,-16,-8,-4,-3,16,0,1,3,1,12,1,12,1,12,1,12,47,11
1,-16,-8,-3,-3,24,1,1,5,3,20,3,20,3,20,3,20,26,9
1,-16,-8,-3,-1,-8,1,1,3,1,12,1,12,1,12,1,12,47,11
1,-16,-7,-12,-6,12,1,2,5,3,20,3,20,3,20,3,20,19,6
1,-16,-7,-12,-4,-20,1,0,3,1,12,1,12,1,12,1,12,29,23
1,-16,-7,-4,-2,4,1,2,6,1,12,1,12,1,4,1,12,29,11
1,-16,-6,-13,-4,-14,0,1,3,1,12,1,12,1,12,1,12,29,17
1,-16,-6,-12,-5,8,0,1,3,1,12,1,12,1,12,1,12,23,17
1,-16,-6,-12,-4,-8,0,1,3,1,12,1,12,1,12,1,12,23,17
1,-16,-6,-11,-5,14,1,0,3,1,12,1,12,1,12,1,12,23,23
1,-16,-6,-10,-4,4,0,1,3,1,12,1,12,1,12,1,12,23,17
1,-16,-6,-6,-3,12,3,1,6,1,4,1,12,1,12,1,4,11,23
1,-16,-6,-5,-2,2,0,1,3,1,12,1,12,1,12,1,12,23,17
1,-16,-6,-4,-2,8,1,1,3,1,12,1,12,1,12,1,12,23,17
1,-16,-6,-4,-1,-8,0,1,3,1,12,1,12,1,12,1,12,23,17
1,-16,-6,-3,-1,-2,0,1,3,1,12,1,12,1,12,1,12,23,17
1,-16,-5,-12,-4,4,1,1,3,1,12,1,12,1,12,1,12,29,17
1,-16,-5,-12,-2,-28,1,2,3,1,12,1,12,1,12,1,12,35,29
1,-16,-5,-4,-2,12,1,1,3,1,12,1,12,1,12,1,12,29,17
1,-16,-4,-13,-4,12,1,2,3,1,12,1,12,1,12,1,12,23,23
1,-16,-4,-13,-2,-20,1,4,6,1,12,1,12,1,12,1,4,29,23
1,-16,-4,-12,-2,-16,1,2,3,1,12,1,12,1,12,1,12,23,23
1,-16,-4,-11,-3,4,1,1,3,1,12,1,12,1,12,1,12,23,23
1,-16,-4,-10,-4,24,1,2,3,1,12,1,12,1,12,1,12,23,23
1,-16,-4,-10,-2,-8,1,4,6,1,12,1,12,1,12,1,4,11,23
1,-16,-4,-6,-1,-8,1,2,3,1,12,1,12,1,12,1,12,23,23
1,-16,-4,-5,-2,12,1,1,3,1,12,1,12,1,12,1,12,23,23
1,-16,-4,-4,-2,16,1,3,6,1,12,1,12,1,4,1,12,23,23
1,-16,-4,-3,-1,4,1,1,3,1,12,1,12,1,12,1,12,23,23
1,-16,-3,-12,-2,-4,0,1,3,1,12,1,12,1,12,1,12,29,17
1,-16,-3,-4,-2,20,0,1,3,1,12,1,12,1,12,1,12,23,17
1,-16,-2,-13,-2,6,1,2,3,1,12,1,12,1,12,1,12,35,11
1,-16,-2,-12,-2,8,1,1,3,1,12,1,12,1,12,1,12,35,11
1,-16,-2,-12,-1,-8,0,1,3,1,12,1,12,1,12,1,12,41,11
1,-16,-2,-11,-1,-6,0,1,3,1,12,1,12,1,12,1,12,41,11
1,-16,-2,-10,-2,12,1,1,3,1,12,1,12,1,12,1,12,35,11
1,-16,-2,-6,-1,4,1,1,3,1,12,1,12,1,12,1,12,35,11
1,-16,-2,-4,-1,8,2,3,6,1,12,1,12,1,4,1,12,35,11
1,-16,-2,-3,-1,10,1,1,3,1,12,1,12,1,12,1,12,35,11
1,-15,-15,-12,-11,-15,0,1,6,1,12,1,4,1,4,1,12,47,5
1,-15,-14,-4,-4,4,0,1,3,1,12,1,12,1,12,1,12,59,5
1,-15,-13,-12,-9,-21,1,5,6,1,4,1,4,1,12,1,4,17,5
1,-15,-13,-11,-10,7,1,0,3,1,12,1,12,1,12,1,12,35,11
1,-15,-13,-11,-9,-8,0,1,3,1,12,1,12,1,12,1,12,29,11
1,-15,-13,-8,-7,1,1,0,3,1,12,1,12,1,12,1,12,35,11
1,-15,-13,-6,-5,-3,0,1,3,1,12,1,12,1,12,1,12,29,11
1,-15,-13,-4,-4,8,0,1,3,1,12,1,12,1,12,1,12,29,11
1,-15,-13,-4,-3,-7,0,1,3,1,12,1,12,1,12,1,12,29,11
1,-15,-13,-3,-3,6,2,5,6,1,4,1,4,1,12,1,4,23,5
1,-15,-12,-11,-9,3,1,1,6,1,4,1,4,1,4,1,12,29,5
1,-15,-12,-4,-4,12,0,1,6,1,12,1,4,1,4,1,12,23,5
1,-15,-11,-12,-9,3,1,1,5,3,20,3,20,3,20,3,20,13,13
1,-15,-11,-11,-8,-1,1,2,3,1,12,1,12,1,12,1,12,23,17
1,-15,-11,-9,-7,6,1,0,3,1,12,1,12,1,12,1,12,23,23
1,-15,-11,-7,-5,-2,1,0,3,1,12,1,12,1,12,1,12,17,23
1,-15,-11,-6,-5,9,1,0,3,1,12,1,12,1,12,1,12,23,23
1,-15,-11,-4,-3,1,1,0,3,1,12,1,12,1,12,1,12,17,23
1,-15,-11,-4,-2,-14,1,0,3,1,12,1,12,1,12,1,12,17,23
1,-15,-11,-3,-3,12,0,1,5,3,20,3,20,3,20,3,20,9,13
1,-15,-10,-13,-9,5,0,1,3,1,12,1,12,1,12,1,12,29,17
1,-15,-10,-11,-7,-5,1,1,3,1,12,1,12,1,12,1,12,29,17
1,-15,-10,-4,-4,20,1,2,3,1,12,1,12,1,12,1,12,23,29
1,-15,-10,-4,-2,-10,1,2,3,1,12,1,12,1,12,1,12,29,17
1,-15,-9,-12,-7,-3,0,1,5,3,20,3,20,3,20,3,20,9,9
1,-15,-9,-11,-7,6,2,2,5,3,20,3,20,3,20,3,20,9,9
1,-15,-9,-11,-6,-9,0,1,6,1,12,1,4,1,12,1,4,23,5
1,-15,-9,-9,-5,-6,0,1,5,3,20,3,20,3,20,3,20,9,9
1,-15,-9,-8,-5,3,1,2,6,1,12,1,4,1,4,1,12,17,11
1,-15,-9,-6,-3,-9,0,1,5,3,20,3,20,3,20,3,20,9,9
1,-15,-9,-4,-3,9,2,3,5,3,20,3,20,3,20,3,20,9,9
1,-15,-9,-4,-2,-6,0,1,5,3,20,3,20,3,20,3,20,9,9
1,-15,-9,-3,-3,18,0,1,5,3,20,3,20,3,20,3,20,9,9
1,-15,-8,-11,-5,-13,1,0,3,1,12,1,12,1,12,1,12,41,11
1,-15,-8,-4,-4,28,1,0,3,1,12,1,12,1,12,1,12,41,23
1,-15,-8,-4,-2,-2,1,2,3,1,12,1,12,1,12,1,12,35,11
1,-15,-7,-12,-5,-9,0,1,3,1,12,1,12,1,12,1,12,29,11
1,-15,-7,-11,-6,13,1,0,3,1,12,1,12,1,12,1,12,41,11
1,-15,-7,-11,-5,-2,1,0,3,1,12,1,12,1,12,1,12,35,11
1,-15,-7,-9,-5,12,1,0,3,1,12,1,12,1,12,1,12,41,11
1,-15,-7,-7,-3,-4,1,0,3,1,12,1,12,1,12,1,12,35,11
1,-15,-7,-6,-3,3,3,1,6,1,4,1,4,1,12,1,4,11,5
1,-15,-7,-4,-2,2,1,1,3,1,12,1,12,1,12,1,12,35,11
1,-15,-7,-4,-1,-13,1,0,3,1,12,1,12,1,12,1,12,35,11
1,-15,-7,-3,-1,-6,1,0,3,1,12,1,12,1,12,1,12,35,11
1,-15,-6,-13,-5,-3,1,3,7,5,28,1,28,1,28,5,28,41,41
1,-15,-6,-11,-5,9,1,3,5,3,20,3,20,3,20,3,20,13,9
1,-15,-6,-11,-3,-21,1,2,5,3,20,3,20,3,20,3,20,16,9
1,-15,-6,-4,-2,6,2,1,5,3,20,3,20,3,20,3,20,9,9
1,-15,-5,-12,-3,-15,2,3,6,1,4,1,4,1,12,1,4,9,5
1,-15,-5,-11,-4,5,1,2,3,1,12,1,12,1,12,1,12,29,17
1,-15,-5,-11,-3,-10,1,1,3,1,12,1,12,1,12,1,12,29,17
1,-15,-5,-8,-3,5,0,1,3,1,12,1,12,1,12,1,12,29,17
1,-15,-5,-7,-3,10,0,1,3,1,12,1,12,1,12,1,12,29,17
1,-15,-5,-6,-3,15,1,3,6,1,4,1,4,1,12,1,4,9,5
1,-15,-5,-6,-1,-15,1,1,3,1,12,1,12,1,12,1,12,29,17
1,-15,-5,-4,-2,10,1,1,3,1,12,1,12,1,12,1,12,29,17
1,-15,-5,-4,-1,-5,1,1,3,1,12,1,12,1,12,1,12,29,17
1,-15,-4,-13,-3,-7,1,0,3,1,12,1,12,1,12,1,12,23,23
1,-15,-4,-4,-2,14,1,1,3,1,12,1,12,1,12,1,12,17,23
1,-15,-3,-12,-3,9,1,2,6,1,4,1,4,1,12,1,4,7,5
1,-15,-3,-11,-3,12,2,3,6,1,4,1,4,1,4,1,12,23,5
1,-15,-3,-11,-2,-3,1,2,6,1,12,1,4,1,12,1,4,9,11
1,-15,-3,-9,-3,18,1,2,6,1,4,1,4,1,12,1,4,7,5
1,-15,-3,-9,-1,-12,1,2,6,1,4,1,4,1,12,1,4,9,5
1,-15,-3,-8,-1,-9,1,3,6,1,12,1,4,1,4,1,12,29,5
1,-15,-3,-7,-1,-6,1,2,7,1,28,5,28,1,28,1,28,69,13
1,-15,-3,-6,-1,-3,1,2,6,1,4,1,4,1,12,1,4,9,5
1,-15,-3,-4,-1,3,2,3,6,1,12,1,4,1,4,1,12,23,5
1,-15,-3,-3,-1,6,1,2,6,1,4,1,4,1,12,1,4,7,5
1,-15,-2,-13,-1,-11,1,2,3,1,12,1,12,1,12,1,12,41,11
1,-15,-2,-11,-1,-7,0,1,3,1,12,1,12,1,12,1,12,41,11
1,-15,-2,-4,-2,22,0,1,3,1,12,1,12,1,12,1,12,41,11
1,-15,-1,-12,-1,3,1,1,3,1,12,1,12,1,12,1,12,53,5
1,-15,-1,-11,-1,4,1,2,3,1,12,1,12,1,12,1,12,53,5
1,-15,-1,-9,-1,6,0,1,3,1,12,1,12,1,12,1,12,47,5
1,-15,-1,-8,-1,7,1,2,3,1,12,1,12,1,12,1,12,47,5
1,-14,-14,-11,-10,-14,1,1,6,1,12,1,12,1,12,1,4,83,5
1,-14,-14,-6,-5,-14,0,1,3,1,12,1,12,1,12,1,12,83,5
1,-14,-13,-10,-10,10,1,5,6,1,12,1,12,1,4,1,12,59,5
1,-14,-13,-4,-4,4,1,5,6,1,12,1,12,1,4,1,12,53,5
1,-14,-12,-11,-10,8,1,0,3,1,12,1,12,1,12,1,12,35,11
1,-14,-12,-11,-8,-20,1,1,3,1,12,1,12,1,12,1,12,35,17
1,-14,-12,-10,-9,6,1,0,3,1,12,1,12,1,12,1,12,35,11
1,-14,-12,-10,-8,-8,1,0,3,1,12,1,12,1,12,1,12,29,11
1,-14,-12,-9,-7,-10,0,1,3,1,12,1,12,1,12,1,12,29,11
1,-14,-12,-8,-8,16,0,1,3,1,12,1,12,1,12,1,12,47,11
1,-14,-12,-6,-5,-2,0,1,3,1,12,1,12,1,12,1,12,29,11
1,-14,-12,-5,-4,-4,1,0,3,1,12,1,12,1,12,1,12,29,11
1,-14,-12,-4,-3,-6,0,1,3,1,12,1,12,1,12,1,12,29,11
1,-14,-12,-4,-2,-20,1,0,3,1,12,1,12,1,12,1,12,35,11
1,-14,-12,-3,-3,6,2,4,5,3,20,3,20,3,20,3,20,16,6
1,-14,-11,-10,-8,2,0,1,6,1,12,1,12,1,4,1,12,23,17
1,-14,-11,-4,-4,12,1,1,3,1,12,1,12,1,12,1,12,23,17
1,-14,-10,-11,-8,2,1,0,5,3,20,3,20,3,20,3,20,13,9
1,-14,-10,-10,-8,12,1,0,3,1,12,1,12,1,12,1,12,23,23
1,-14,-10,-10,-7,-2,1,5,6,1,12,1,12,1,4,1,12,23,17
1,-14,-10,-9,-7,8,1,0,3,1,12,1,12,1,12,1,12,17,23
1,-14,-10,-8,-6,4,0,1,3,1,12,1,12,1,12,1,12,23,17
1,-14,-10,-6,-3,-18,1,0,5,3,20,3,20,3,20,3,20,13,9
1,-14,-10,-5,-4,6,1,0,3,1,12,1,12,1,12,1,12,17,23
1,-14,-10,-4,-3,2,0,1,3,1,12,1,12,1,12,1,12,23,17
1,-14,-10,-4,-2,-12,0,1,3,1,12,1,12,1,12,1,12,23,17
1,-14,-10,-3,-3,12,0,1,5,3,20,3,20,3,20,3,20,9,13
1,-14,-9,-12,-8,4,0,1,3,1,12,1,12,1,12,1,12,23,17
1,-14,-9,-10,-6,-6,0,1,3,1,12,1,12,1,12,1,12,23,17
1,-14,-9,-4,-4,20,1,2,3,1,12,1,12,1,12,1,12,23,29
1,-14,-9,-4,-2,-8,1,2,3,1,12,1,12,1,12,1,12,23,17
1,-14,-8,-11,-6,-4,1,0,3,1,12,1,12,1,12,1,12,23,11
1,-14,-8,-10,-7,18,1,0,3,1,12,1,12,1,12,1,12,23,23
1,-14,-8,-10,-6,4,1,0,3,1,12,1,12,1,12,1,12,23,11
1,-14,-8,-10,-5,-10,1,4,6,1,12,1,12,1,4,1,12,29,11
1,-14,-8,-9,-5,-2,1,0,3,1,12,1,12,1,12,1,12,23,11
1,-14,-8,-8,-6,20,1,0,3,1,12,1,12,1,12,1,12,23,23
1,-14,-8,-8,-4,-8,2,3,5,3,20,3,20,3,20,3,20,13,6
1,-14,-8,-6,-3,-6,0,1,6,1,4,1,12,1,12,1,4,23,11
1,-14,-8,-5,-4,16,2,3,5,3,20,3,20,3,20,3,20,13,9
1,-14,-8,-5,-2,-12,1,0,3,1,12,1,12,1,12,1,12,23,11
1,-14,-8,-4,-3,10,1,0,3,1,12,1,12,1,12,1,12,23,11
1,-14,-8,-4,-2,-4,0,1,6,1,12,1,12,1,12,1,4,23,11
1,-14,-8,-3,-3,18,0,1,6,1,4,1,12,1,12,1,4,23,11
1,-14,-8,-3,-1,-10,1,0,3,1,12,1,12,1,12,1,12,23,11
1,-14,-7,-10,-6,14,1,1,3,1,12,1,12,1,12,1,12,41,11
1,-14,-7,-10,-4,-14,2,4,5,3,20,3,20,3,20,3,20,23,6
1,-14,-6,-11,-4,-10,1,2,3,1,12,1,12,1,12,1,12,23,17
1,-14,-6,-10,-5,10,1,1,3,1,12,1,12,1,12,1,12,29,11
1,-14,-6,-10,-4,-4,1,0,3,1,12,1,12,1,12,1,12,23,11
1,-14,-6,-9,-5,16,1,0,3,1,12,1,12,1,12,1,12,35,11
1,-14,-6,-9,-3,-12,3,1,6,1,4,1,12,1,12,1,4,23,11
1,-14,-6,-8,-4,8,1,1,3,1,12,1,12,1,12,1,12,23,11
1,-14,-6,-6,-3,6,3,1,6,1,4,1,12,1,12,1,4,23,11
1,-14,-6,-5,-2,-2,1,0,3,1,12,1,12,1,12,1,12,23,11
1,-14,-6,-4,-2,4,1,1,3,1,12,1,12,1,12,1,12,23,11
1,-14,-6,-4,-1,-10,1,0,3,1,12,1,12,1,12,1,12,23,11
1,-14,-6,-3,-1,-4,1,0,3,1,12,1,12,1,12,1,12,23,11
1,-14,-5,-12,-4,-4,0,1,3,1,12,1,12,1,12,1,12,23,17
1,-14,-5,-10,-4,6,0,1,3,1,12,1,12,1,12,1,12,23,17
1,-14,-5,-10,-2,-22,3,1,6,1,12,1,12,1,4,1,12,29,23
1,-14,-5,-4,-2,8,1,2,5,3,20,3,20,3,20,3,20,13,9
1,-14,-4,-11,-4,12,1,1,3,1,12,1,12,1,12,1,12,23,17
1,-14,-4,-11,-2,-16,1,4,6,1,12,1,12,1,12,1,4,17,23
1,-14,-4,-10,-4,16,2,3,6,1,12,1,12,1,12,1,4,23,11
1,-14,-4,-10,-3,2,0,1,3,1,12,1,12,1,12,1,12,23,17
1,-14,-4,-10,-2,-12,0,1,3,1,12,1,12,1,12,1,12,23,23
1,-14,-4,-9,-3,6,2,3,6,1,4,1,12,1,12,1,4,23,11
1,-14,-4,-8,-4,24,1,1,3,1,12,1,12,1,12,1,12,23,23
1,-14,-4,-8,-2,-4,1,3,6,1,12,1,12,1,12,1,4,11,11
1,-14,-4,-6,-1,-10,1,2,3,1,12,1,12,1,12,1,12,17,23
1,-14,-4,-5,-2,8,2,3,6,1,12,1,12,1,12,1,4,23,11
1,-14,-4,-4,-2,12,1,1,3,1,12,1,12,1,12,1,12,23,17
1,-14,-4,-4,-1,-2,3,1,6,1,12,1,12,1,4,1,12,23,17
1,-14,-4,-3,-1,2,1,1,3,1,12,1,12,1,12,1,12,23,17
1,-14,-3,-12,-2,-8,0,1,3,1,12,1,12,1,12,1,12,29,17
1,-14,-3,-10,-2,-2,0,1,3,1,12,1,12,1,12,1,12,23,17
1,-14,-3,-4,-2,16,0,1,3,1,12,1,12,1,12,1,12,23,17
1,-14,-2,-11,-2,6,1,2,3,1,12,1,12,1,12,1,12,35,11
1,-14,-2,-10,-2,8,1,3,6,1,12,1,12,1,4,1,12,29,11
1,-14,-2,-10,-1,-6,1,1,3,1,12,1,12,1,12,1,12,35,11
1,-14,-2,-9,-1,-4,1,1,3,1,12,1,12,1,12,1,12,35,11
1,-14,-2,-8,-2,12,0,1,3,1,12,1,12,1,12,1,12,29,11
1,-14,-2,-6,-1,2,1,2,3,1,12,1,12,1,12,1,12,35,11
1,-14,-2,-5,-2,18,1,1,3,1,12,1,12,1,12,1,12,35,11
1,-14,-2,-4,-1,6,0,1,3,1,12,1,12,1,12,1,12,29,11
1,-14,-2,-3,-1,8,0,1,3,1,12,1,12,1,12,1,12,29,11
1,-13,-13,-10,-9,-13,1,2,3,1,12,1,12,1,12,1,12,77,5
1,-13,-13,-4,-3,-13,0,1,3,1,12,1,12,1,12,1,12,77,5
1,-13,-12,-10,-8,-16,1,0,3,1,12,1,12,1,12,1,12,47,11
1,-13,-12,-9,-9,9,1,5,6,1,4,1,4,1,4,1,12,29,5
1,-13,-12,-4,-4,4,0,1,3,1,12,1,12,1,12,1,12,47,5
1,-13,-12,-3,-3,3,1,5,6,1,4,1,4,1,4,1,12,29,5
1,-13,-11,-10,-9,7,1,0,3,1,12,1,12,1,12,1,12,29,11
1,-13,-11,-10,-8,-6,1,0,3,1,12,1,12,1,12,1,12,29,11
1,-13,-11,-9,-8,5,1,0,3,1,12,1,12,1,12,1,12,29,11
1,-13,-11,-8,-6,-10,1,0,3,1,12,1,12,1,12,1,12,29,11
1,-13,-11,-7,-6,1,1,0,3,1,12,1,12,1,12,1,12,29,11
1,-13,-11,-6,-5,-1,1,0,3,1,12,1,12,1,12,1,12,29,11
1,-13,-11,-5,-4,-3,1,0,3,1,12,1,12,1,12,1,12,29,11
1,-13,-11,-4,-3,-5,1,0,3,1,12,1,12,1,12,1,12,29,11
1,-13,-11,-4,-2,-18,1,0,3,1,12,1,12,1,12,1,12,29,11
1,-13,-11,-3,-3,6,2,4,5,3,20,3,20,3,20,3,20,16,6
1,-13,-10,-11,-9,7,1,2,3,1,12,1,12,1,12,1,12,23,17
1,-13,-10,-10,-8,4,1,1,6,1,12,1,12,1,12,1,4,17,17
1,-13,-10,-10,-6,-22,1,2,3,1,12,1,12,1,12,1,12,23,23
1,-13,-10,-9,-7,1,1,2,3,1,12,1,12,1,12,1,12,23,17
1,-13,-10,-4,-4,12,1,1,3,1,12,1,12,1,12,1,12,23,17
1,-13,-10,-4,-2,-14,0,1,6,1,12,1,12,1,12,1,4,23,17
1,-13,-10,-3,-3,9,1,5,6,1,4,1,12,1,12,1,4,17,17
1,-13,-9,-11,-8,5,1,1,3,1,12,1,12,1,12,1,12,23,17
1,-13,-9,-10,-6,-12,0,1,3,1,12,1,12,1,12,1,12,23,17
1,-13,-9,-9,-7,10,1,0,3,1,12,1,12,1,12,1,12,17,23
1,-13,-9,-9,-6,-3,1,1,6,1,4,1,4,1,4,1,12,7,17
1,-13,-9,-8,-6,6,0,1,3,1,12,1,12,1,12,1,12,23,17
1,-13,-9,-7,-5,2,0,1,3,1,12,1,12,1,12,1,12,23,17
1,-13,-9,-6,-4,-2,0,1,3,1,12,1,12,1,12,1,12,23,17
1,-13,-9,-5,-4,7,0,1,3,1,12,1,12,1,12,1,12,23,17
1,-13,-9,-4,-3,3,0,1,3,1,12,1,12,1,12,1,12,23,17
1,-13,-9,-4,-2,-10,0,1,3,1,12,1,12,1,12,1,12,23,17
1,-13,-9,-3,-3,12,1,1,6,1,4,1,4,1,4,1,12,17,7
1,-13,-9,-3,-2,-1,0,1,3,1,12,1,12,1,12,1,12,23,17
1,-13,-8,-11,-7,3,1,1,3,1,12,1,12,1,12,1,12,17,17
1,-13,-8,-10,-6,-2,1,1,3,1,12,1,12,1,12,1,12,17,17
1,-13,-8,-10,-4,-28,1,1,5,3,20,3,20,3,20,3,20,19,9
1,-13,-8,-9,-5,-7,1,1,3,1,12,1,12,1,12,1,12,17,17
1,-13,-8,-4,-4,20,1,1,6,1,12,1,12,1,12,1,4,23,29
1,-13,-8,-4,-2,-6,1,2,3,1,12,1,12,1,12,1,12,17,17
1,-13,-8,-3,-3,15,0,1,5,3,20,3,20,3,20,3,20,9,9
1,-13,-7,-10,-6,8,1,0,3,1,12,1,12,1,12,1,12,29,11
1,-13,-7,-10,-5,-5,0,1,7,1,28,1,28,1,28,5,28,69,13
1,-13,-7,-9,-6,15,1,1,7,5,28,5,28,5,28,1,28,41,27
1,-13,-7,-9,-5,2,1,0,3,1,12,1,12,1,12,1,12,29,11
1,-13,-7,-8,-4,-4,2,3,5,3,20,3,20,3,20,3,20,16,6
1,-13,-7,-7,-4,3,1,0,3,1,12,1,12,1,12,1,12,29,11
1,-13,-7,-7,-3,-10,1,0,3,1,12,1,12,1,12,1,12,35,11
1,-13,-7,-6,-3,-3,0,1,7,5,28,1,28,1,28,5,28,69,13
1,-13,-7,-5,-2,-9,1,0,3,1,12,1,12,1,12,1,12,35,11
1,-13,-7,-4,-2,-2,0,1,7,1,28,1,28,1,28,5,28,69,13
1,-13,-7,-3,-2,5,1,0,3,1,12,1,12,1,12,1,12,29,11
1,-13,-7,-3,-1,-8,1,0,3,1,12,1,12,1,12,1,12,35,11
1,-13,-6,-10,-4,-8,1,0,3,1,12,1,12,1,12,1,12,29,11
1,-13,-6,-9,-5,11,1,0,3,1,12,1,12,1,12,1,12,35,11
1,-13,-6,-9,-3,-15,1,2,6,1,4,1,4,1,4,1,12,17,11
1,-13,-6,-4,-2,2,1,1,3,1,12,1,12,1,12,1,12,29,11
1,-13,-6,-3,-3,21,2,4,5,3,20,3,20,3,20,3,20,19,9
1,-13,-6,-3,-1,-5,1,0,3,1,12,1,12,1,12,1,12,29,11
1,-13,-5,-11,-4,-3,1,2,3,1,12,1,12,1,12,1,12,17,17
1,-13,-5,-10,-4,2,1,4,7,5,28,5,28,5,28,5,28,8,8
1,-13,-5,-10,-3,-11,1,1,3,1,12,1,12,1,12,1,12,23,17
1,-13,-5,-9,-4,7,1,2,3,1,12,1,12,1,12,1,12,17,17
1,-13,-5,-9,-3,-6,1,4,7,1,28,5,28,1,28,5,28,41,13
1,-13,-5,-8,-4,12,1,1,3,1,12,1,12,1,12,1,12,23,17
1,-13,-5,-8,-2,-14,1,4,7,5,28,5,28,1,28,5,28,13,13
1,-13,-5,-7,-3,4,1,2,3,1,12,1,12,1,12,1,12,17,17
1,-13,-5,-7,-2,-9,1,1,3,1,12,1,12,1,12,1,12,17,17
1,-13,-5,-6,-3,9,1,3,7,1,28,5,28,5,28,5,28,41,8
1,-13,-5,-6,-2,-4,1,1,3,1,12,1,12,1,12,1,12,17,17
1,-13,-5,-5,-2,1,1,4,7,1,28,5,28,5,28,5,28,13,13
1,-13,-5,-4,-2,6,1,1,3,1,12,1,12,1,12,1,12,17,17
1,-13,-5,-4,-1,-7,1,4,7,1,28,5,28,1,28,5,28,27,13
1,-13,-5,-3,-2,11,1,1,3,1,12,1,12,1,12,1,12,17,17
1,-13,-5,-3,-1,-2,1,1,3,1,12,1,12,1,12,1,12,17,17
1,-13,-4,-11,-3,-5,1,1,3,1,12,1,12,1,12,1,12,23,17
1,-13,-4,-10,-4,12,1,2,3,1,12,1,12,1,12,1,12,23,17
1,-13,-4,-10,-2,-14,3,2,6,1,12,1,12,1,12,1,4,23,23
1,-13,-4,-9,-3,3,2,1,5,3,20,3,20,3,20,3,20,13,9
1,-13,-4,-4,-2,10,2,3,6,1,12,1,12,1,12,1,4,23,11
1,-13,-4,-3,-1,1,1,2,3,1,12,1,12,1,12,1,12,23,17
1,-13,-3,-11,-2,-7,1,2,3,1,12,1,12,1,12,1,12,23,17
1,-13,-3,-10,-3,9,0,1,3,1,12,1,12,1,12,1,12,23,17
1,-13,-3,-10,-2,-4,0,1,3,1,12,1,12,1,12,1,12,23,17
1,-13,-3,-9,-3,12,1,3,6,1,4,1,4,1,4,1,12,17,5
1,-13,-3,-8,-2,2,1,1,3,1,12,1,12,1,12,1,12,23,17
1,-13,-3,-7,-2,5,0,1,3,1,12,1,12,1,12,1,12,23,17
1,-13,-3,-7,-1,-8,1,2,3,1,12,1,12,1,12,1,12,23,17
1,-13,-3,-6,-2,8,0,1,3,1,12,1,12,1,12,1,12,23,17
1,-13,-3,-6,-1,-5,0,1,3,1,12,1,12,1,12,1,12,23,17
1,-13,-3,-5,-2,11,1,1,3,1,12,1,12,1,12,1,12,23,17
1,-13,-3,-3,-1,4,0,1,3,1,12,1,12,1,12,1,12,23,17
1,-13,-2,-11,-1,-9,1,2,3,1,12,1,12,1,12,1,12,35,11
1,-13,-2,-10,-2,6,1,2,3,1,12,1,12,1,12,1,12,29,11
1,-13,-2,-9,-1,-5,1,2,3,1,12,1,12,1,12,1,12,35,11
1,-13,-2,-4,-2,18,0,1,3,1,12,1,12,1,12,1,12,29,11
1,-13,-2,-3,-1,7,1,2,3,1,12,1,12,1,12,1,12,29,11
1,-13,-1,-10,-1,3,0,1,3,1,12,1,12,1,12,1,12,47,5
1,-13,-1,-9,-1,4,1,2,3,1,12,1,12,1,12,1,12,41,5
1,-13,-1,-7,-1,6,1,1,3,1,12,1,12,1,12,1,12,41,5
1,-12,-12,-10,-9,-12,1,1,5,3,20,3,20,3,20,3,20,39,3
1,-12,-12,-9,-8,-12,1,6,7,1,28,1,28,5,28,5,28,167,13
1,-12,-12,-5,-4,-12,1,4,5,3,20,3,20,3,20,3,20,39,3
1,-12,-12,-4,-3,-12,0,2,7,5,28,5,28,1,28,5,28,33,13
1,-12,-12,-4,-2,-24,1,1,5,3,20,3,20,3,20,3,20,39,6
1,-12,-11,-9,-7,-15,1,0,3,1,12,1,12,1,12,1,12,47,11
1,-12,-11,-8,-8,8,1,1,3,1,12,1,12,1,12,1,12,47,5
1,-12,-11,-4,-4,4,1,1,3,1,12,1,12,1,12,1,12,47,5
1,-12,-11,-3,-3,3,0,1,6,1,4,1,12,1,4,1,12,47,5
1,-12,-10,-10,-7,-16,1,1,3,1,12,1,12,1,12,1,12,23,17
1,-12,-10,-9,-8,6,0,1,3,1,12,1,12,1,12,1,12,29,11
1,-12,-10,-9,-7,-6,1,0,3,1,12,1,12,1,12,1,12,23,11
1,-12,-10,-8,-8,16,1,1,3,1,12,1,12,1,12,1,12,47,11
1,-12,-10,-8,-7,4,1,0,3,1,12,1,12,1,12,1,12,29,11
1,-12,-10,-8,-6,-8,1,0,3,1,12,1,12,1,12,1,12,23,11
1,-12,-10,-7,-7,14,1,1,3,1,12,1,12,1,12,1,12,41,11
1,-12,-10,-5,-4,-2,1,0,3,1,12,1,12,1,12,1,12,23,11
1,-12,-10,-4,-4,8,1,1,3,1,12,1,12,1,12,1,12,23,11
1,-12,-10,-4,-3,-4,1,0,3,1,12,1,12,1,12,1,12,23,11
1,-12,-10,-4,-2,-16,1,0,3,1,12,1,12,1,12,1,12,35,11
1,-12,-10,-3,-3,6,0,1,6,1,4,1,12,1,4,1,12,23,11
1,-12,-10,-3,-2,-6,1,0,3,1,12,1,12,1,12,1,12,23,11
1,-12,-10,-2,-2,4,1,1,3,1,12,1,12,1,12,1,12,23,11
1,-12,-9,-10,-8,6,1,1,6,1,12,1,4,1,12,1,4,17,11
1,-12,-9,-9,-7,3,1,1,5,3,20,3,20,3,20,3,20,13,9
1,-12,-9,-9,-5,-21,0,1,5,3,20,3,20,3,20,3,20,9,13
1,-12,-9,-4,-4,12,0,1,6,1,12,1,4,1,12,1,4,23,5
1,-12,-9,-4,-2,-12,0,1,5,3,20,3,20,3,20,3,20,9,9
1,-12,-9,-3,-3,9,0,1,5,3,20,3,20,3,20,3,20,9,9
1,-12,-8,-10,-7,4,1,1,3,1,12,1,12,1,12,1,12,23,17
1,-12,-8,-10,-5,-20,1,2,3,1,12,1,12,1,12,1,12,29,23
1,-12,-8,-9,-5,-12,1,0,3,1,12,1,12,1,12,1,12,17,23
1,-12,-8,-8,-7,20,1,0,3,1,12,1,12,1,12,1,12,29,23
1,-12,-8,-8,-6,8,0,1,3,1,12,1,12,1,12,1,12,23,17
1,-12,-8,-8,-5,-4,0,1,3,1,12,1,12,1,12,1,12,23,17
1,-12,-8,-8,-4,-16,1,2,3,1,12,1,12,1,12,1,12,23,23
1,-12,-8,-7,-5,4,0,1,3,1,12,1,12,1,12,1,12,23,17
1,-12,-8,-5,-4,8,0,1,3,1,12,1,12,1,12,1,12,23,17
1,-12,-8,-5,-2,-16,1,0,3,1,12,1,12,1,12,1,12,23,23
1,-12,-8,-4,-4,16,1,2,3,1,12,1,12,1,12,1,12,23,23
1,-12,-8,-4,-3,4,0,1,3,1,12,1,12,1,12,1,12,23,17
1,-12,-8,-4,-2,-8,1,2,3,1,12,1,12,1,12,1,12,23,17
1,-12,-8,-3,-3,12,1,1,6,1,4,1,12,1,4,1,12,17,23
1,-12,-8,-3,-1,-12,1,0,3,1,12,1,12,1,12,1,12,17,23
1,-12,-8,-2,-2,8,1,2,3,1,12,1,12,1,12,1,12,23,17
1,-12,-7,-10,-6,2,1,0,3,1,12,1,12,1,12,1,12,17,11
1,-12,-7,-9,-5,-3,1,0,3,1,12,1,12,1,12,1,12,17,11
1,-12,-7,-8,-6,16,1,0,3,1,12,1,12,1,12,1,12,17,23
1,-12,-7,-8,-4,-8,1,2,3,1,12,1,12,1,12,1,12,23,11
1,-12,-7,-4,-2,-4,1,2,3,1,12,1,12,1,12,1,12,17,11
1,-12,-7,-3,-3,15,1,1,5,3,20,3,20,3,20,3,20,16,9
1,-12,-7,-3,-1,-9,1,0,3,1,12,1,12,1,12,1,12,17,11
1,-12,-6,-9,-5,6,0,2,5,3,20,3,20,3,20,3,20,19,6
1,-12,-6,-9,-4,-6,2,2,7,5,28,1,28,1,28,1,28,83,27
1,-12,-6,-8,-5,12,0,3,7,1,28,5,28,5,28,5,28,41,27
1,-12,-6,-8,-3,-12,2,2,7,5,28,1,28,1,28,1,28,83,27
1,-12,-6,-7,-5,18,1,4,7,5,28,5,28,5,28,1,28,16,27
1,-12,-6,-7,-3,-6,2,2,5,3,20,3,20,3,20,3,20,19,6
1,-12,-6,-5,-2,-6,3,3,7,1,28,5,28,5,28,5,28,27,13
1,-12,-6,-4,-4,24,1,3,7,5,28,5,28,5,28,1,28,16,27
1,-12,-6,-4,-3,12,0,2,5,3,20,3,20,3,20,3,20,19,6
1,-12,-6,-4,-1,-12,3,3,7,1,28,5,28,5,28,5,28,16,27
1,-12,-6,-3,-2,6,0,2,5,3,20,3,20,3,20,3,20,19,6
1,-12,-6,-3,-1,-6,2,2,7,5,28,1,28,1,28,1,28,83,27
1,-12,-6,-2,-2,12,1,2,7,1,28,1,28,5,28,5,28,83,27
1,-12,-5,-10,-4,-2,1,0,3,1,12,1,12,1,12,1,12,17,11
1,-12,-5,-9,-3,-9,1,2,6,1,4,1,12,1,4,1,12,17,11
1,-12,-5,-8,-4,8,1,1,3,1,12,1,12,1,12,1,12,23,11
1,-12,-5,-8,-2,-16,0,1,3,1,12,1,12,1,12,1,12,23,17
1,-12,-5,-4,-2,4,1,1,3,1,12,1,12,1,12,1,12,17,11
1,-12,-5,-3,-3,21,2,5,6,1,4,1,4,1,12,1,4,9,5
1,-12,-5,-3,-1,-3,1,0,3,1,12,1,12,1,12,1,12,17,11
1,-12,-4,-10,-3,-4,1,1,3,1,12,1,12,1,12,1,12,23,17
1,-12,-4,-9,-4,12,0,1,3,1,12,1,12,1,12,1,12,23,17
1,-12,-4,-9,-2,-12,1,1,3,1,12,1,12,1,12,1,12,23,17
1,-12,-4,-8,-4,16,1,1,3,1,12,1,12,1,12,1,12,23,23
1,-12,-4,-8,-3,4,0,1,3,1,12,1,12,1,12,1,12,23,17
1,-12,-4,-8,-2,-8,1,1,3,1,12,1,12,1,12,1,12,23,17
1,-12,-4,-7,-3,8,0,1,3,1,12,1,12,1,12,1,12,23,17
1,-12,-4,-5,-2,4,1,2,3,1,12,1,12,1,12,1,12,23,17
1,-12,-4,-4,-2,8,1,1,3,1,12,1,12,1,12,1,12,23,17
1,-12,-4,-4,-1,-4,1,1,3,1,12,1,12,1,12,1,12,23,17
1,-12,-4,-3,-2,12,1,1,3,1,12,1,12,1,12,1,12,23,17
1,-12,-4,-2,-2,16,0,1,3,1,12,1,12,1,12,1,12,23,23
1,-12,-3,-10,-2,-6,1,4,6,1,12,1,4,1,12,1,4,11,11
1,-12,-3,-9,-3,9,2,1,5,3,20,3,20,3,20,3,20,9,9
1,-12,-3,-4,-2,12,3,2,6,1,12,1,4,1,12,1,4,11,11
1,-12,-3,-3,-1,3,1,2,6,1,4,1,4,1,12,1,4,7,5
1,-12,-2,-10,-1,-8,1,1,3,1,12,1,12,1,12,1,12,35,11
1,-12,-2,-9,-2,6,0,1,3,1,12,1,12,1,12,1,12,29,11
1,-12,-2,-9,-1,-6,1,1,3,1,12,1,12,1,12,1,12,35,11
1,-12,-2,-8,-3,20,1,1,3,1,12,1,12,1,12,1,12,35,17
1,-12,-2,-8,-2,8,1,1,3,1,12,1,12,1,12,1,12,23,11
1,-12,-2,-8,-1,-4,1,1,3,1,12,1,12,1,12,1,12,29,11
1,-12,-2,-7,-1,-2,0,1,3,1,12,1,12,1,12,1,12,29,11
1,-12,-2,-5,-2,14,1,1,3,1,12,1,12,1,12,1,12,23,11
1,-12,-2,-4,-2,16,0,1,3,1,12,1,12,1,12,1,12,23,11
1,-12,-2,-4,-1,4,0,1,3,1,12,1,12,1,12,1,12,29,11
1,-12,-2,-3,-1,6,0,1,3,1,12,1,12,1,12,1,12,29,11
1,-12,-1,-9,-1,3,0,1,3,1,12,1,12,1,12,1,12,41,5
1,-11,-11,-9,-8,-11,1,1,3,1,12,1,12,1,12,1,12,65,5
1,-11,-11,-5,-4,-11,1,3,7,5,28,1,28,1,28,1,28,153,13
1,-11,-10,-9,-9,9,1,5,6,1,4,1,12,1,12,1,4,41,5
1,-11,-10,-8,-8,8,1,4,5,3,20,3,20,3,20,3,20,26,3
1,-11,-10,-8,-6,-14,1,0,3,1,12,1,12,1,12,1,12,41,11
1,-11,-10,-7,-7,7,1,4,5,3,20,3,20,3,20,3,20,23,3
1,-11,-10,-4,-4,4,1,5,6,1,12,1,12,1,12,1,4,41,5
1,-11,-10,-4,-2,-18,1,0,3,1,12,1,12,1,12,1,12,47,11
1,-11,-10,-3,-3,3,1,4,5,3,20,3,20,3,20,3,20,23,3
1,-11,-9,-9,-8,7,0,1,3,1,12,1,12,1,12,1,12,29,11
1,-11,-9,-9,-6,-15,1,1,6,1,4,1,4,1,4,1,12,17,5
1,-11,-9,-8,-7,5,1,0,3,1,12,1,12,1,12,1,12,23,11
1,-11,-9,-8,-6,-6,1,0,3,1,12,1,12,1,12,1,12,23,11
1,-11,-9,-7,-6,3,1,0,3,1,12,1,12,1,12,1,12,23,11
1,-11,-9,-7,-5,-8,1,0,3,1,12,1,12,1,12,1,12,23,11
1,-11,-9,-6,-6,12,0,3,7,5,28,1,28,1,28,1,28,55,27
1,-11,-9,-6,-5,1,1,0,3,1,12,1,12,1,12,1,12,23,11
1,-11,-9,-5,-5,10,1,1,3,1,12,1,12,1,12,1,12,29,11
1,-11,-9,-5,-4,-1,1,0,3,1,12,1,12,1,12,1,12,23,11
1,-11,-9,-4,-4,8,1,1,3,1,12,1,12,1,12,1,12,23,11
1,-11,-9,-4,-3,-3,1,0,3,1,12,1,12,1,12,1,12,23,11
1,-11,-9,-3,-3,6,0,1,6,1,4,1,4,1,4,1,12,23,5
1,-11,-9,-3,-2,-5,1,0,3,1,12,1,12,1,12,1,12,23,11
1,-11,-9,-2,-2,4,1,1,3,1,12,1,12,1,12,1,12,23,11
1,-11,-8,-9,-7,5,1,1,3,1,12,1,12,1,12,1,12,17,17
1,-11,-8,-8,-6,2,1,1,3,1,12,1,12,1,12,1,12,17,17
1,-11,-8,-8,-4,-20,1,1,6,1,12,1,12,1,12,1,4,29,23
1,-11,-8,-7,-5,-1,2,6,7,5,28,5,28,5,28,1,28,41,13
1,-11,-8,-4,-4,12,1,2,3,1,12,1,12,1,12,1,12,23,17
1,-11,-8,-4,-2,-10,0,1,5,3,20,3,20,3,20,3,20,9,9
1,-11,-8,-3,-3,9,0,1,5,3,20,3,20,3,20,3,20,9,9
1,-11,-7,-9,-6,3,1,1,7,5,28,1,28,5,28,1,28,41,41
1,-11,-7,-8,-6,10,0,1,3,1,12,1,12,1,12,1,12,23,17
1,-11,-7,-7,-5,6,0,1,3,1,12,1,12,1,12,1,12,23,17
1,-11,-7,-7,-4,-5,1,2,7,1,28,1,28,5,28,5,28,27,41
1,-11,-7,-6,-4,2,1,2,3,1,12,1,12,1,12,1,12,17,17
1,-11,-7,-6,-3,-9,1,1,7,5,28,1,28,5,28,1,28,41,41
1,-11,-7,-5,-4,9,0,1,3,1,12,1,12,1,12,1,12,23,17
1,-11,-7,-5,-3,-2,1,1,3,1,12,1,12,1,12,1,12,17,17
1,-11,-7,-5,-2,-13,1,4,9,7,36,7,36,7,36,1,12,10,11
1,-11,-7,-4,-4,16,1,1,7,5,28,1,28,5,28,5,28,13,55
1,-11,-7,-4,-3,5,1,2,3,1,12,1,12,1,12,1,12,17,17
1,-11,-7,-4,-2,-6,1,2,3,1,12,1,12,1,12,1,12,17,17
1,-11,-7,-3,-2,1,1,2,3,1,12,1,12,1,12,1,12,17,17
1,-11,-7,-3,-1,-10,0,1,3,1,12,1,12,1,12,1,12,23,17
1,-11,-7,-2,-2,8,1,1,7,5,28,1,28,5,28,1,28,41,41
1,-11,-6,-8,-4,-4,0,1,3,1,12,1,12,1,12,1,12,29,11
1,-11,-6,-7,-5,13,1,2,3,1,12,1,12,1,12,1,12,23,17
1,-11,-6,-7,-3,-9,0,1,3,1,12,1,12,1,12,1,12,29,11
1,-11,-6,-4,-2,-2,0,1,3,1,12,1,12,1,12,1,12,29,11
1,-11,-6,-3,-3,15,1,1,6,1,4,1,12,1,12,1,4,29,5
1,-11,-6,-3,-1,-7,0,1,3,1,12,1,12,1,12,1,12,29,11
1,-11,-5,-8,-4,4,1,2,5,3,20,3,20,3,20,3,20,13,6
1,-11,-5,-8,-3,-7,1,0,3,1,12,1,12,1,12,1,12,23,11
1,-11,-5,-7,-4,9,1,0,3,1,12,1,12,1,12,1,12,29,11
1,-11,-5,-7,-3,-2,1,0,3,1,12,1,12,1,12,1,12,23,11
1,-11,-5,-7,-2,-13,2,1,5,3,20,3,20,3,20,3,20,13,9
1,-11,-5,-6,-4,14,1,0,3,1,12,1,12,1,12,1,12,29,11
1,-11,-5,-6,-3,3,2,1,5,3,20,3,20,3,20,3,20,13,6
1,-11,-5,-6,-2,-8,1,0,3,1,12,1,12,1,12,1,12,23,11
1,-11,-5,-5,-3,8,1,0,3,1,12,1,12,1,12,1,12,29,11
1,-11,-5,-5,-2,-3,1,0,3,1,12,1,12,1,12,1,12,23,11
1,-11,-5,-4,-4,24,1,0,3,1,12,1,12,1,12,1,12,35,23
1,-11,-5,-4,-3,13,1,0,3,1,12,1,12,1,12,1,12,29,11
1,-11,-5,-4,-2,2,2,1,5,3,20,3,20,3,20,3,20,13,6
1,-11,-5,-4,-1,-9,1,0,3,1,12,1,12,1,12,1,12,23,11
1,-11,-5,-3,-2,7,1,0,3,1,12,1,12,1,12,1,12,29,11
1,-11,-5,-3,-1,-4,1,0,3,1,12,1,12,1,12,1,12,23,11
1,-11,-5,-2,-2,12,1,0,3,1,12,1,12,1,12,1,12,29,11
1,-11,-4,-9,-3,-3,1,3,6,1,4,1,12,1,12,1,4,17,5
1,-11,-4,-8,-4,12,1,1,3,1,12,1,12,1,12,1,12,23,17
1,-11,-4,-8,-2,-10,2,3,6,1,12,1,12,1,12,1,4,23,11
1,-11,-4,-7,-3,5,1,2,3,1,12,1,12,1,12,1,12,17,17
1,-11,-4,-4,-2,6,1,1,3,1,12,1,12,1,12,1,12,17,17
1,-11,-4,-3,-1,-1,1,1,3,1,12,1,12,1,12,1,12,17,17
1,-11,-3,-9,-2,-5,0,1,3,1,12,1,12,1,12,1,12,23,17
1,-11,-3,-8,-3,9,1,1,3,1,12,1,12,1,12,1,12,17,17
1,-11,-3,-8,-2,-2,1,2,3,1,12,1,12,1,12,1,12,23,17
1,-11,-3,-7,-3,12,1,1,3,1,12,1,12,1,12,1,12,17,17
1,-11,-3,-7,-1,-10,1,2,3,1,12,1,12,1,12,1,12,23,17
1,-11,-3,-6,-2,4,1,1,3,1,12,1,12,1,12,1,12,17,17
1,-11,-3,-6,-1,-7,0,1,3,1,12,1,12,1,12,1,12,23,17
1,-11,-3,-5,-2,7,1,2,3,1,12,1,12,1,12,1,12,17,17
1,-11,-3,-5,-1,-4,1,2,3,1,12,1,12,1,12,1,12,17,17
1,-11,-3,-4,-2,10,1,1,3,1,12,1,12,1,12,1,12,17,17
1,-11,-3,-3,-1,2,1,1,3,1,12,1,12,1,12,1,12,17,17
1,-11,-2,-9,-3,15,1,3,5,3,20,3,20,3,20,3,20,13,9
1,-11,-2,-9,-1,-7,0,1,3,1,12,1,12,1,12,1,12,29,11
1,-11,-2,-8,-2,6,1,1,3,1,12,1,12,1,12,1,12,23,11
1,-11,-2,-7,-1,-3,0,1,3,1,12,1,12,1,12,1,12,29,11
1,-11,-2,-4,-2,14,3,2,6,1,12,1,12,1,12,1,4,29,11
1,-11,-2,-3,-1,5,1,1,3,1,12,1,12,1,12,1,12,23,11
1,-11,-1,-8,-1,3,1,2,3,1,12,1,12,1,12,1,12,35,5
1,-11,-1,-7,-1,4,0,2,7,1,28,5,28,1,28,1,28,83,13
1,-11,-1,-6,-1,5,1,1,3,1,12,1,12,1,12,1,12,35,5
1,-10,-10,-8,-7,-10,1,5,6,1,12,1,12,1,4,1,12,59,5
1,-10,-10,-7,-6,-10,1,1,3,1,12,1,12,1,12,1,12,59,5
1,-10,-10,-4,-3,-10,0,1,3,1,12,1,12,1,12,1,12,59,5
1,-10,-10,-3,-2,-10,1,2,3,1,12,1,12,1,12,1,12,59,5
1,-10,-9,-9,-7,-11,1,0,3,1,12,1,12,1,12,1,12,35,11
1,-10,-9,-8,-8,8,1,1,3,1,12,1,12,1,12,1,12,47,5
1,-10,-9,-8,-6,-12,1,0,3,1,12,1,12,1,12,1,12,35,11
1,-10,-9,-7,-7,7,1,1,3,1,12,1,12,1,12,1,12,41,5
1,-10,-9,-7,-5,-13,1,0,3,1,12,1,12,1,12,1,12,35,11
1,-10,-9,-6,-6,6,0,3,7,5,28,5,28,1,28,1,28,55,13
1,-10,-9,-4,-4,4,1,1,3,1,12,1,12,1,12,1,12,35,5
1,-10,-9,-4,-2,-16,1,0,3,1,12,1,12,1,12,1,12,41,11
1,-10,-9,-3,-3,3,1,4,5,3,20,3,20,3,20,3,20,19,3
1,-10,-9,-2,-4,22,1,0,3,1,12,1,12,1,12,1,12,53,11
1,-10,-9,-2,-2,2,1,1,3,1,12,1,12,1,12,1,12,35,5
1,-10,-8,-8,-7,6,1,0,3,1,12,1,12,1,12,1,12,23,11
1,-10,-8,-8,-6,-4,1,0,3,1,12,1,12,1,12,1,12,23,11
1,-10,-8,-8,-5,-14,1,1,6,1,12,1,12,1,4,1,12,23,17
1,-10,-8,-7,-6,4,1,0,3,1,12,1,12,1,12,1,12,23,11
1,-10,-8,-7,-5,-6,1,0,3,1,12,1,12,1,12,1,12,23,11
1,-10,-8,-7,-4,-16,0,1,6,1,12,1,12,1,12,1,4,23,17
1,-10,-8,-6,-6,12,3,2,7,1,28,1,28,1,28,5,28,83,27
1,-10,-8,-6,-5,2,1,0,3,1,12,1,12,1,12,1,12,23,11
1,-10,-8,-6,-4,-8,1,0,3,1,12,1,12,1,12,1,12,23,11
1,-10,-8,-4,-4,8,0,1,6,1,12,1,12,1,4,1,12,23,11
1,-10,-8,-4,-3,-2,1,0,3,1,12,1,12,1,12,1,12,23,11
1,-10,-8,-4,-2,-12,1,0,3,1,12,1,12,1,12,1,12,23,11
1,-10,-8,-3,-4,16,1,0,3,1,12,1,12,1,12,1,12,35,11
1,-10,-8,-3,-3,6,0,1,6,1,4,1,12,1,4,1,12,23,11
1,-10,-8,-3,-2,-4,1,0,3,1,12,1,12,1,12,1,12,23,11
1,-10,-8,-2,-3,14,1,0,3,1,12,1,12,1,12,1,12,29,11
1,-10,-8,-2,-2,4,0,1,6,1,12,1,12,1,4,1,12,23,11
1,-10,-7,-9,-5,-13,1,0,3,1,12,1,12,1,12,1,12,17,23
1,-10,-7,-8,-6,4,1,1,3,1,12,1,12,1,12,1,12,17,17
1,-10,-7,-8,-4,-16,1,2,6,1,12,1,12,1,4,1,12,23,23
1,-10,-7,-7,-5,1,1,2,7,5,28,1,28,5,28,1,28,41,41
1,-10,-7,-6,-6,18,1,5,7,1,28,1,28,5,28,1,28,83,41
1,-10,-7,-6,-4,-2,1,2,3,1,12,1,12,1,12,1,12,17,17
1,-10,-7,-4,-2,-8,1,1,6,1,12,1,12,1,4,1,12,17,17
1,-10,-7,-3,-3,9,1,1,6,1,4,1,12,1,4,1,12,17,17
1,-10,-7,-2,-2,6,1,2,3,1,12,1,12,1,12,1,12,17,17
1,-10,-6,-8,-5,2,1,0,3,1,12,1,12,1,12,1,12,17,11
1,-10,-6,-8,-4,-8,1,2,3,1,12,1,12,1,12,1,12,23,11
1,-10,-6,-7,-5,8,1,2,3,1,12,1,12,1,12,1,12,17,17
1,-10,-6,-7,-4,-2,1,0,3,1,12,1,12,1,12,1,12,17,11
1,-10,-6,-7,-3,-12,0,1,3,1,12,1,12,1,12,1,12,23,11
1,-10,-6,-7,-2,-22,1,1,3,1,12,1,12,1,12,1,12,35,17
1,-10,-6,-6,-5,14,0,1,3,1,12,1,12,1,12,1,12,23,23
1,-10,-6,-6,-4,4,1,0,3,1,12,1,12,1,12,1,12,17,11
1,-10,-6,-6,-3,-6,0,1,5,3,20,3,20,3,20,3,20,9,6
1,-10,-6,-4,-4,16,0,1,3,1,12,1,12,1,12,1,12,23,23
1,-10,-6,-4,-3,6,1,0,3,1,12,1,12,1,12,1,12,17,11
1,-10,-6,-4,-2,-4,1,2,3,1,12,1,12,1,12,1,12,17,11
1,-10,-6,-3,-3,12,1,1,5,3,20,3,20,3,20,3,20,13,9
1,-10,-6,-3,-2,2,1,0,3,1,12,1,12,1,12,1,12,17,11
1,-10,-6,-3,-1,-8,0,1,3,1,12,1,12,1,12,1,12,23,11
1,-10,-6,-2,-2,8,1,0,3,1,12,1,12,1,12,1,12,23,11
1,-10,-6,-2,-1,-2,1,2,3,1,12,1,12,1,12,1,12,17,11
1,-10,-5,-9,-3,-15,1,2,6,1,4,1,12,1,4,1,12,29,11
1,-10,-5,-8,-2,-20,3,2,6,1,12,1,12,1,4,1,12,29,23
1,-10,-5,-7,-3,-5,1,1,3,1,12,1,12,1,12,1,12,29,11
1,-10,-5,-6,-4,10,0,1,3,1,12,1,12,1,12,1,12,29,11
1,-10,-5,-6,-2,-10,1,1,3,1,12,1,12,1,12,1,12,29,11
1,-10,-5,-3,-3,15,1,2,6,1,4,1,12,1,4,1,12,29,11
1,-10,-5,-3,-1,-5,1,1,3,1,12,1,12,1,12,1,12,29,11
1,-10,-5,-2,-2,10,1,2,6,1,12,1,12,1,4,1,12,29,11
1,-10,-4,-8,-3,-2,1,0,3,1,12,1,12,1,12,1,12,17,11
1,-10,-4,-8,-2,-12,1,1,3,1,12,1,12,1,12,1,12,23,17
1,-10,-4,-7,-4,12,1,0,3,1,12,1,12,1,12,1,12,23,11
1,-10,-4,-7,-3,2,1,0,3,1,12,1,12,1,12,1,12,17,11
1,-10,-4,-7,-2,-8,1,2,5,3,20,3,20,3,20,3,20,9,9
1,-10,-4,-6,-4,16,1,0,3,1,12,1,12,1,12,1,12,23,11
1,-10,-4,-6,-3,6,2,1,5,3,20,3,20,3,20,3,20,9,6
1,-10,-4,-6,-2,-4,1,0,3,1,12,1,12,1,12,1,12,17,11
1,-10,-4,-4,-4,24,1,0,3,1,12,1,12,1,12,1,12,23,23
1,-10,-4,-4,-2,4,2,1,5,3,20,3,20,3,20,3,20,9,6
1,-10,-4,-4,-1,-6,1,0,3,1,12,1,12,1,12,1,12,17,11
1,-10,-4,-3,-3,18,2,4,5,3,20,3,20,3,20,3,20,13,9
1,-10,-4,-3,-2,8,1,0,3,1,12,1,12,1,12,1,12,23,11
1,-10,-4,-3,-1,-2,1,0,3,1,12,1,12,1,12,1,12,17,11
1,-10,-4,-2,-2,12,1,0,3,1,12,1,12,1,12,1,12,23,11
1,-10,-4,-2,-1,2,1,2,5,3,20,3,20,3,20,3,20,9,6
1,-10,-3,-8,-2,-4,1,1,3,1,12,1,12,1,12,1,12,17,17
1,-10,-3,-7,-3,9,1,1,3,1,12,1,12,1,12,1,12,17,17
1,-10,-3,-6,-2,2,1,1,3,1,12,1,12,1,12,1,12,17,17
1,-10,-3,-4,-2,8,1,1,3,1,12,1,12,1,12,1,12,17,17
1,-10,-3,-3,-1,1,1,1,3,1,12,1,12,1,12,1,12,17,17
1,-10,-3,-2,-2,14,0,1,3,1,12,1,12,1,12,1,12,23,17
1,-10,-2,-8,-2,4,1,2,6,1,12,1,12,1,12,1,4,11,11
1,-10,-2,-8,-1,-6,1,1,3,1,12,1,12,1,12,1,12,29,11
1,-10,-2,-7,-2,6,0,1,3,1,12,1,12,1,12,1,12,23,11
1,-10,-2,-7,-1,-4,1,2,7,1,28,1,28,1,28,1,28,69,27
1,-10,-2,-6,-3,18,3,2,6,1,4,1,12,1,12,1,4,23,11
1,-10,-2,-6,-2,8,0,1,3,1,12,1,12,1,12,1,12,23,11
1,-10,-2,-6,-1,-2,0,1,3,1,12,1,12,1,12,1,12,23,11
1,-10,-2,-4,-2,12,1,1,3,1,12,1,12,1,12,1,12,23,11
1,-10,-2,-4,-1,2,2,3,6,1,12,1,12,1,4,1,12,23,11
1,-10,-2,-3,-3,24,1,4,6,1,4,1,12,1,12,1,4,35,11
1,-10,-2,-3,-2,14,1,1,3,1,12,1,12,1,12,1,12,23,11
1,-10,-2,-3,-1,4,0,1,3,1,12,1,12,1,12,1,12,23,11
1,-10,-2,-2,-1,6,0,1,3,1,12,1,12,1,12,1,12,23,11
1,-10,-1,-7,-1,3,1,1,3,1,12,1,12,1,12,1,12,35,5
1,-9,-9,-8,-7,-9,1,5,6,1,12,1,4,1,4,1,12,29,5
1,-9,-9,-7,-6,-9,0,1,6,1,12,1,4,1,12,1,4,23,5
1,-9,-9,-6,-5,-9,1,5,6,1,4,1,4,1,12,1,4,17,5
1,-9,-9,-5,-4,-9,1,5,6,1,12,1,4,1,12,1,4,17,5
1,-9,-9,-4,-3,-9,0,2,7,5,28,5,28,1,28,5,28,25,13
1,-9,-9,-3,-2,-9,2,5,7,1,28,5,28,1,28,5,28,27,13
1,-9,-8,-8,-6,-10,1,0,3,1,12,1,12,1,12,1,12,29,11
1,-9,-8,-7,-7,7,1,2,3,1,12,1,12,1,12,1,12,41,5
1,-9,-8,-7,-5,-11,1,0,3,1,12,1,12,1,12,1,12,35,11
1,-9,-8,-6,-6,6,1,6,8,1,4,1,8,1,8,1,8,23,3
1,-9,-8,-6,-4,-12,1,0,3,1,12,1,12,1,12,1,12,35,11
1,-9,-8,-5,-5,5,1,2,3,1,12,1,12,1,12,1,12,35,5
1,-9,-8,-4,-4,4,1,2,3,1,12,1,12,1,12,1,12,35,5
1,-9,-8,-4,-2,-14,1,0,3,1,12,1,12,1,12,1,12,35,11
1,-9,-8,-3,-3,3,1,1,7,5,28,1,28,5,28,5,28,83,13
1,-9,-8,-2,-4,20,1,0,3,1,12,1,12,1,12,1,12,47,11
1,-9,-8,-2,-2,2,1,2,3,1,12,1,12,1,12,1,12,35,5
1,-9,-7,-8,-5,-11,1,2,3,1,12,1,12,1,12,1,12,17,17
1,-9,-7,-7,-6,5,1,0,3,1,12,1,12,1,12,1,12,23,11
1,-9,-7,-7,-5,-4,1,0,3,1,12,1,12,1,12,1,12,17,11
1,-9,-7,-6,-6,12,2,5,7,1,28,5,28,1,28,5,28,83,13
1,-9,-7,-6,-5,3,1,0,3,1,12,1,12,1,12,1,12,23,11
1,-9,-7,-6,-4,-6,1,0,3,1,12,1,12,1,12,1,12,17,11
1,-9,-7,-6,-3,-15,1,1,5,3,20,3,20,3,20,3,20,16,9
1,-9,-7,-5,-5,10,1,2,3,1,12,1,12,1,12,1,12,29,11
1,-9,-7,-5,-4,1,1,0,3,1,12,1,12,1,12,1,12,17,11
1,-9,-7,-5,-3,-8,1,0,3,1,12,1,12,1,12,1,12,17,11
1,-9,-7,-4,-4,8,1,2,3,1,12,1,12,1,12,1,12,23,11
1,-9,-7,-4,-3,-1,1,0,3,1,12,1,12,1,12,1,12,17,11
1,-9,-7,-4,-2,-10,1,0,3,1,12,1,12,1,12,1,12,17,11
1,-9,-7,-3,-3,6,0,1,5,3,20,3,20,3,20,3,20,9,6
1,-9,-7,-3,-2,-3,1,0,3,1,12,1,12,1,12,1,12,17,11
1,-9,-7,-2,-2,4,1,2,3,1,12,1,12,1,12,1,12,17,11
1,-9,-7,-2,-1,-5,1,0,3,1,12,1,12,1,12,1,12,17,11
1,-9,-6,-8,-4,-12,1,2,6,1,12,1,4,1,4,1,12,23,11
1,-9,-6,-7,-5,3,2,1,7,5,28,5,28,5,28,1,28,13,41
1,-9,-6,-7,-3,-15,1,2,6,1,4,1,4,1,4,1,12,7,11
1,-9,-6,-5,-5,15,1,1,7,1,28,5,28,5,28,5,28,69,8
1,-9,-6,-5,-3,-3,2,1,6,1,4,1,4,1,4,1,12,11,17
1,-9,-6,-4,-2,-6,1,2,6,1,12,1,4,1,4,1,12,11,11
1,-9,-6,-3,-3,9,1,1,6,1,4,1,4,1,4,1,12,17,5
1,-9,-6,-3,-1,-9,1,2,7,5,28,5,28,5,28,1,28,27,13
1,-9,-6,-2,-2,6,1,1,6,1,12,1,4,1,4,1,12,17,5
1,-9,-5,-8,-3,-13,1,0,3,1,12,1,12,1,12,1,12,29,11
1,-9,-5,-7,-3,-8,0,1,3,1,12,1,12,1,12,1,12,23,11
1,-9,-5,-6,-4,6,1,0,3,1,12,1,12,1,12,1,12,17,11
1,-9,-5,-6,-3,-3,1,1,5,3,20,3,20,3,20,3,20,13,6
1,-9,-5,-6,-2,-12,1,0,3,1,12,1,12,1,12,1,12,29,11
1,-9,-5,-5,-4,11,0,1,3,1,12,1,12,1,12,1,12,23,17
1,-9,-5,-5,-3,2,0,1,3,1,12,1,12,1,12,1,12,23,11
1,-9,-5,-5,-2,-7,1,0,3,1,12,1,12,1,12,1,12,23,11
1,-9,-5,-4,-4,16,0,1,3,1,12,1,12,1,12,1,12,23,23
1,-9,-5,-4,-3,7,0,1,3,1,12,1,12,1,12,1,12,23,11
1,-9,-5,-4,-2,-2,0,1,3,1,12,1,12,1,12,1,12,23,11
1,-9,-5,-3,-3,12,1,1,5,3,20,3,20,3,20,3,20,13,9
1,-9,-5,-3,-2,3,0,1,3,1,12,1,12,1,12,1,12,23,11
1,-9,-5,-3,-1,-6,0,1,3,1,12,1,12,1,12,1,12,23,11
1,-9,-5,-2,-2,8,1,0,3,1,12,1,12,1,12,1,12,23,11
1,-9,-5,-2,-1,-1,0,1,3,1,12,1,12,1,12,1,12,23,11
1,-9,-4,-6,-4,12,0,1,3,1,12,1,12,1,12,1,12,29,11
1,-9,-4,-6,-2,-6,1,0,3,1,12,1,12,1,12,1,12,17,11
1,-9,-4,-5,-3,7,1,0,3,1,12,1,12,1,12,1,12,23,11
1,-9,-4,-4,-2,2,1,2,3,1,12,1,12,1,12,1,12,23,11
1,-9,-4,-3,-1,-3,1,0,3,1,12,1,12,1,12,1,12,23,11
1,-9,-4,-2,-2,10,1,0,3,1,12,1,12,1,12,1,12,23,11
1,-9,-3,-7,-4,15,2,5,6,1,12,1,4,1,12,1,4,23,5
1,-9,-3,-7,-3,6,2,4,5,3,20,3,20,3,20,3,20,9,9
1,-9,-3,-7,-2,-3,2,3,6,1,12,1,4,1,12,1,4,11,5
1,-9,-3,-6,-3,9,3,1,6,1,4,1,4,1,12,1,4,5,5
1,-9,-3,-6,-1,-9,1,3,6,1,12,1,4,1,4,1,12,17,5
1,-9,-3,-5,-3,12,3,2,6,1,4,1,4,1,4,1,12,5,11
1,-9,-3,-5,-2,3,2,3,6,1,12,1,4,1,12,1,4,11,5
1,-9,-3,-5,-1,-6,1,3,5,3,20,3,20,3,20,3,20,9,9
1,-9,-3,-4,-2,6,1,2,6,1,12,1,4,1,4,1,12,17,11
1,-9,-3,-4,-1,-3,1,3,6,1,12,1,4,1,4,1,12,17,5
1,-9,-3,-3,-3,18,1,4,6,1,4,1,4,1,12,1,4,5,5
1,-9,-3,-3,-2,9,2,3,5,3,20,3,20,3,20,3,20,9,9
1,-9,-3,-2,-1,3,1,2,5,3,20,3,20,3,20,3,20,9,9
1,-9,-2,-7,-3,13,1,1,3,1,12,1,12,1,12,1,12,17,17
1,-9,-2,-7,-1,-5,1,2,3,1,12,1,12,1,12,1,12,23,11
1,-9,-2,-6,-2,6,1,1,3,1,12,1,12,1,12,1,12,17,11
1,-9,-2,-4,-2,10,1,1,3,1,12,1,12,1,12,1,12,17,11
1,-9,-2,-3,-1,3,0,1,3,1,12,1,12,1,12,1,12,23,11
1,-9,-2,-2,-2,14,0,1,3,1,12,1,12,1,12,1,12,29,11
1,-9,-1,-7,-1,2,0,1,3,1,12,1,12,1,12,1,12,29,5
1,-9,-1,-6,-1,3,0,1,3,1,12,1,12,1,12,1,12,29,5
1,-9,-1,-5,-1,4,1,2,3,1,12,1,12,1,12,1,12,29,5
1,-8,-8,-7,-6,-8,1,1,3,1,12,1,12,1,12,1,12,47,5
1,-8,-8,-6,-5,-8,0,1,3,1,12,1,12,1,12,1,12,47,5
1,-8,-8,-6,-4,-16,0,1,3,1,12,1,12,1,12,1,12,47,11
1,-8,-8,-5,-4,-8,1,4,5,3,20,3,20,3,20,3,20,26,3
1,-8,-8,-4,-3,-8,0,1,3,1,12,1,12,1,12,1,12,47,5
1,-8,-8,-4,-2,-16,1,1,5,3,20,3,20,3,20,3,20,26,6
1,-8,-8,-3,-2,-8,1,2,3,1,12,1,12,1,12,1,12,47,5
1,-8,-7,-7,-5,-9,1,0,3,1,12,1,12,1,12,1,12,29,11
1,-8,-7,-6,-6,6,1,5,7,1,28,5,28,5,28,1,28,83,13
1,-8,-7,-6,-4,-10,1,0,3,1,12,1,12,1,12,1,12,29,11
1,-8,-7,-5,-5,5,0,1,7,1,28,1,28,1,28,5,28,69,13
1,-8,-7,-4,-6,20,1,0,3,1,12,1,12,1,12,1,12,47,11
1,-8,-7,-4,-4,4,1,1,6,1,12,1,12,1,4,1,12,29,5
1,-8,-7,-4,-2,-12,1,0,3,1,12,1,12,1,12,1,12,35,11
1,-8,-7,-3,-3,3,1,1,6,1,4,1,12,1,4,1,12,29,5
1,-8,-7,-2,-2,2,1,1,6,1,12,1,12,1,4,1,12,29,5
1,-8,-6,-7,-4,-10,1,2,3,1,12,1,12,1,12,1,12,17,17
1,-8,-6,-6,-5,4,1,0,3,1,12,1,12,1,12,1,12,17,11
1,-8,-6,-6,-4,-4,1,0,3,1,12,1,12,1,12,1,12,17,11
1,-8,-6,-6,-3,-12,1,1,5,3,20,3,20,3,20,3,20,13,9
1,-8,-6,-5,-5,10,1,2,3,1,12,1,12,1,12,1,12,29,11
1,-8,-6,-5,-4,2,1,0,3,1,12,1,12,1,12,1,12,17,11
1,-8,-6,-5,-3,-6,1,0,3,1,12,1,12,1,12,1,12,17,11
1,-8,-6,-5,-2,-14,0,1,3,1,12,1,12,1,12,1,12,23,17
1,-8,-6,-4,-5,16,1,0,3,1,12,1,12,1,12,1,12,35,11
1,-8,-6,-4,-4,8,1,2,3,1,12,1,12,1,12,1,12,23,11
1,-8,-6,-4,-2,-8,1,0,3,1,12,1,12,1,12,1,12,17,11
1,-8,-6,-3,-3,6,0,1,5,3,20,3,20,3,20,3,20,9,6
1,-8,-6,-3,-2,-2,1,0,3,1,12,1,12,1,12,1,12,17,11
1,-8,-6,-2,-4,20,1,0,3,1,12,1,12,1,12,1,12,35,11
1,-8,-6,-2,-3,12,0,1,3,1,12,1,12,1,12,1,12,23,11
1,-8,-6,-2,-2,4,1,2,3,1,12,1,12,1,12,1,12,17,11
1,-8,-6,-2,-1,-4,1,0,3,1,12,1,12,1,12,1,12,17,11
1,-8,-5,-7,-3,-11,1,0,3,1,12,1,12,1,12,1,12,23,11
1,-8,-5,-6,-4,2,1,0,3,1,12,1,12,1,12,1,12,17,11
1,-8,-5,-6,-2,-14,1,0,3,1,12,1,12,1,12,1,12,23,11
1,-8,-5,-5,-3,-1,1,0,3,1,12,1,12,1,12,1,12,17,11
1,-8,-5,-4,-4,12,0,1,3,1,12,1,12,1,12,1,12,23,17
1,-8,-5,-4,-2,-4,1,2,6,1,12,1,12,1,4,1,12,17,11
1,-8,-5,-3,-3,9,2,1,6,1,4,1,12,1,4,1,12,11,17
1,-8,-5,-3,-1,-7,1,0,3,1,12,1,12,1,12,1,12,17,11
1,-8,-5,-2,-2,6,0,1,3,1,12,1,12,1,12,1,12,11,17
1,-8,-4,-7,-2,-12,1,1,3,1,12,1,12,1,12,1,12,23,17
1,-8,-4,-6,-4,8,0,1,3,1,12,1,12,1,12,1,12,23,11
1,-8,-4,-6,-2,-8,1,1,3,1,12,1,12,1,12,1,12,23,11
1,-8,-4,-5,-4,12,0,1,3,1,12,1,12,1,12,1,12,23,17
1,-8,-4,-5,-3,4,0,1,3,1,12,1,12,1,12,1,12,23,11
1,-8,-4,-5,-2,-4,2,1,6,1,12,1,12,1,12,1,4,23,5
1,-8,-4,-4,-4,16,1,1,6,1,12,1,12,1,12,1,4,23,23
1,-8,-4,-4,-3,8,0,1,3,1,12,1,12,1,12,1,12,23,11
1,-8,-4,-4,-1,-8,3,2,6,1,12,1,12,1,4,1,12,23,11
1,-8,-4,-3,-3,12,1,1,6,1,4,1,12,1,12,1,4,23,5
1,-8,-4,-3,-2,4,0,1,3,1,12,1,12,1,12,1,12,23,11
1,-8,-4,-3,-1,-4,1,1,3,1,12,1,12,1,12,1,12,23,11
1,-8,-4,-2,-4,24,1,0,3,1,12,1,12,1,12,1,12,23,23
1,-8,-4,-2,-2,8,1,1,6,1,12,1,12,1,12,1,4,23,11
1,-8,-3,-6,-2,-2,0,1,3,1,12,1,12,1,12,1,12,11,17
1,-8,-3,-5,-3,9,1,0,3,1,12,1,12,1,12,1,12,17,11
1,-8,-3,-5,-1,-7,1,2,3,1,12,1,12,1,12,1,12,17,17
1,-8,-3,-4,-4,20,1,0,3,1,12,1,12,1,12,1,12,23,23
1,-8,-3,-4,-2,4,1,2,3,1,12,1,12,1,12,1,12,17,11
1,-8,-3,-3,-1,-1,1,0,3,1,12,1,12,1,12,1,12,17,11
1,-8,-3,-2,-2,10,1,0,3,1,12,1,12,1,12,1,12,17,11
1,-8,-2,-6,-3,12,1,4,6,1,4,1,12,1,12,1,4,23,11
1,-8,-2,-6,-2,4,1,2,3,1,12,1,12,1,12,1,12,17,11
1,-8,-2,-6,-1,-4,1,2,3,1,12,1,12,1,12,1,12,23,11
1,-8,-2,-5,-2,6,1,2,3,1,12,1,12,1,12,1,12,17,11
1,-8,-2,-5,-1,-2,1,2,5,3,20,3,20,3,20,3,20,13,6
1,-8,-2,-4,-3,16,0,1,3,1,12,1,12,1,12,1,12,23,17
1,-8,-2,-4,-2,8,1,3,6,1,12,1,12,1,4,1,12,17,11
1,-8,-2,-3,-3,18,1,4,6,1,4,1,12,1,12,1,4,23,11
1,-8,-2,-3,-2,10,0,1,3,1,12,1,12,1,12,1,12,23,11
1,-8,-2,-3,-1,2,1,2,3,1,12,1,12,1,12,1,12,17,11
1,-8,-2,-2,-2,12,0,1,3,1,12,1,12,1,12,1,12,23,11
1,-8,-2,-2,-1,4,1,2,5,3,20,3,20,3,20,3,20,9,6
1,-8,-1,-5,-1,3,0,1,3,1,12,1,12,1,12,1,12,23,5
1,-7,-7,-6,-5,-7,0,1,3,1,12,1,12,1,12,1,12,41,5
1,-7,-7,-5,-4,-7,1,4,5,3,20,3,20,3,20,3,20,23,3
1,-7,-7,-4,-3,-7,0,1,3,1,12,1,12,1,12,1,12,41,5
1,-7,-7,-4,-2,-14,1,1,5,3,20,3,20,3,20,3,20,23,6
1,-7,-7,-3,-2,-7,1,2,3,1,12,1,12,1,12,1,12,41,5
1,-7,-7,-2,-1,-7,4,1,10,1,4,1,20,3,20,1,20,69,9
1,-7,-6,-6,-4,-8,1,0,3,1,12,1,12,1,12,1,12,23,11
1,-7,-6,-5,-5,5,1,2,3,1,12,1,12,1,12,1,12,29,5
1,-7,-6,-5,-3,-9,1,0,3,1,12,1,12,1,12,1,12,23,11
1,-7,-6,-4,-4,4,1,2,3,1,12,1,12,1,12,1,12,23,5
1,-7,-6,-4,-2,-10,1,0,3,1,12,1,12,1,12,1,12,29,11
1,-7,-6,-3,-3,3,0,1,6,1,4,1,12,1,12,1,4,23,5
1,-7,-6,-2,-2,2,1,2,3,1,12,1,12,1,12,1,12,23,5
1,-7,-5,-6,-4,-2,1,0,3,1,12,1,12,1,12,1,12,17,11
1,-7,-5,-6,-3,-9,1,3,7,1,28,5,28,5,28,1,28,41,27
1,-7,-5,-5,-4,3,1,0,3,1,12,1,12,1,12,1,12,17,11
1,-7,-5,-5,-3,-4,1,0,3,1,12,1,12,1,12,1,12,17,11
1,-7,-5,-5,-2,-11,1,2,7,1,28,5,28,5,28,1,28,27,41
1,-7,-5,-4,-4,8,2,1,7,5,28,5,28,5,28,1,28,41,13
1,-7,-5,-4,-3,1,1,0,3,1,12,1,12,1,12,1,12,17,11
1,-7,-5,-4,-2,-6,1,0,3,1,12,1,12,1,12,1,12,17,11
1,-7,-5,-3,-4,13,1,0,3,1,12,1,12,1,12,1,12,29,11
1,-7,-5,-3,-3,6,2,1,7,5,28,5,28,5,28,1,28,41,13
1,-7,-5,-3,-2,-1,1,0,3,1,12,1,12,1,12,1,12,17,11
1,-7,-5,-2,-4,18,1,0,3,1,12,1,12,1,12,1,12,29,11
1,-7,-5,-2,-3,11,1,0,3,1,12,1,12,1,12,1,12,23,11
1,-7,-5,-2,-2,4,1,5,7,5,28,5,28,5,28,1,28,41,13
1,-7,-5,-2,-1,-3,1,0,3,1,12,1,12,1,12,1,12,17,11
1,-7,-4,-6,-2,-10,1,0,3,1,12,1,12,1,12,1,12,23,11
1,-7,-4,-5,-5,15,0,1,3,1,12,1,12,1,12,1,12,29,17
1,-7,-4,-4,-4,12,0,1,3,1,12,1,12,1,12,1,12,23,17
1,-7,-4,-4,-2,-2,1,1,5,3,20,3,20,3,20,3,20,9,6
1,-7,-4,-3,-3,9,1,1,5,3,20,3,20,3,20,3,20,9,9
1,-7,-4,-3,-1,-5,1,0,3,1,12,1,12,1,12,1,12,17,11
1,-7,-4,-2,-2,6,1,0,3,1,12,1,12,1,12,1,12,17,11
1,-7,-3,-6,-2,-4,1,0,3,1,12,1,12,1,12,1,12,17,11
1,-7,-3,-5,-4,13,0,1,3,1,12,1,12,1,12,1,12,23,17
1,-7,-3,-5,-3,6,1,0,3,1,12,1,12,1,12,1,12,17,11
1,-7,-3,-4,-3,9,1,0,3,1,12,1,12,1,12,1,12,17,11
1,-7,-3,-4,-2,2,1,2,3,1,12,1,12,1,12,1,12,17,11
1,-7,-3,-4,-1,-5,1,0,3,1,12,1,12,1,12,1,12,17,11
1,-7,-3,-3,-3,12,1,2,6,1,4,1,4,1,4,1,12,7,11
1,-7,-3,-3,-2,5,1,0,3,1,12,1,12,1,12,1,12,17,11
1,-7,-3,-3,-1,-2,1,0,3,1,12,1,12,1,12,1,12,17,11
1,-7,-3,-2,-2,8,1,0,3,1,12,1,12,1,12,1,12,17,11
1,-7,-3,-2,-1,1,1,2,3,1,12,1,12,1,12,1,12,17,11
1,-7,-2,-5,-3,11,1,2,3,1,12,1,12,1,12,1,12,17,17
1,-7,-2,-5,-1,-3,1,2,3,1,12,1,12,1,12,1,12,17,11
1,-7,-2,-4,-4,20,1,2,6,1,12,1,12,1,12,1,4,29,23
1,-7,-2,-4,-2,6,1,2,3,1,12,1,12,1,12,1,12,17,11
1,-7,-2,-4,2,-22,1,2,6,1,12,1,12,1,12,1,4,35,11
1,-7,-2,-3,-3,15,1,3,5,3,20,3,20,3,20,3,20,9,9
1,-7,-2,-2,-2,10,1,3,5,3,20,3,20,3,20,3,20,9,6
1,-7,-1,-5,-1,2,1,2,5,3,20,3,20,3,20,3,20,13,3
1,-7,-1,-4,-1,3,1,1,3,1,12,1,12,1,12,1,12,23,5
1,-6,-6,-5,-4,-6,1,3,7,5,28,5,28,1,28,1,28,27,13
1,-6,-6,-5,-3,-12,0,2,7,1,28,1,28,1,28,5,28,83,27
1,-6,-6,-5,-2,-18,3,6,8,1,8,1,4,1,8,1,8,11,11
1,-6,-6,-4,-3,-6,0,2,7,5,28,1,28,1,28,5,28,83,13
1,-6,-6,-4,-2,-12,1,2,7,1,28,1,28,5,28,1,28,83,27
1,-6,-6,-3,-2,-6,2,4,7,5,28,5,28,1,28,1,28,16,13
1,-6,-6,-2,-1,-6,4,1,9,7,36,1,12,7,36,1,12,35,5
1,-6,-5,-5,-3,-7,0,1,3,1,12,1,12,1,12,1,12,23,11
1,-6,-5,-4,-4,4,0,1,3,1,12,1,12,1,12,1,12,23,5
1,-6,-5,-4,-2,-8,1,0,3,1,12,1,12,1,12,1,12,23,11
1,-6,-5,-3,-3,3,1,1,5,3,20,3,20,3,20,3,20,13,3
1,-6,-5,-2,-4,14,1,0,3,1,12,1,12,1,12,1,12,35,11
1,-6,-5,-2,-2,2,0,1,3,1,12,1,12,1,12,1,12,23,5
1,-6,-4,-5,-3,-2,0,1,3,1,12,1,12,1,12,1,12,11,11
1,-6,-4,-5,-2,-8,1,0,3,1,12,1,12,1,12,1,12,17,11
1,-6,-4,-4,-4,8,0,1,3,1,12,1,12,1,12,1,12,23,11
1,-6,-4,-4,-3,2,0,1,3,1,12,1,12,1,12,1,12,11,11
1,-6,-4,-4,-2,-4,0,1,3,1,12,1,12,1,12,1,12,11,11
1,-6,-4,-3,-4,12,1,0,3,1,12,1,12,1,12,1,12,23,11
1,-6,-4,-3,-3,6,2,1,6,1,4,1,12,1,4,1,12,11,11
1,-6,-4,-3,-1,-6,0,1,3,1,12,1,12,1,12,1,12,11,11
1,-6,-4,-2,-4,16,1,0,3,1,12,1,12,1,12,1,12,23,11
1,-6,-4,-2,-3,10,0,1,3,1,12,1,12,1,12,1,12,23,11
1,-6,-4,-2,-2,4,0,1,3,1,12,1,12,1,12,1,12,11,11
1,-6,-4,-2,-1,-2,1,0,3,1,12,1,12,1,12,1,12,11,11
1,-6,-3,-5,-5,15,1,1,7,1,28,5,28,1,28,5,28,69,13
1,-6,-3,-4,-4,12,1,1,6,1,12,1,4,1,12,1,4,23,5
1,-6,-3,-3,-3,9,1,1,5,3,20,3,20,3,20,3,20,9,9
1,-6,-3,-3,-1,-3,2,1,5,3,20,3,20,3,20,3,20,9,6
1,-6,-3,-2,-4,18,2,1,5,3,20,3,20,3,20,3,20,13,9
1,-6,-3,-2,-2,6,1,1,5,3,20,3,20,3,20,3,20,9,6
1,-6,-2,-5,-1,-4,1,2,3,1,12,1,12,1,12,1,12,17,11
1,-6,-2,-4,-3,10,1,0,3,1,12,1,12,1,12,1,12,17,11
1,-6,-2,-4,-2,4,1,2,3,1,12,1,12,1,12,1,12,11,11
1,-6,-2,-4,-1,-2,1,1,3,1,12,1,12,1,12,1,12,17,11
1,-6,-2,-3,-3,12,2,3,6,1,4,1,12,1,4,1,12,11,11
1,-6,-2,-3,-2,6,0,1,3,1,12,1,12,1,12,1,12,11,11
1,-6,-2,-2,-3,14,0,1,3,1,12,1,12,1,12,1,12,23,17
1,-6,-2,-2,-2,8,0,1,3,1,12,1,12,1,12,1,12,11,11
1,-6,-2,-2,-1,2,1,2,3,1,12,1,12,1,12,1,12,11,11
1,-6,-1,-3,-1,3,1,1,3,1,12,1,12,1,12,1,12,17,5
1,-5,-5,-4,-3,-5,0,1,3,1,12,1,12,1,12,1,12,29,5
1,-5,-5,-4,-2,-10,1,1,7,1,28,1,28,1,28,5,28,69,27
1,-5,-5,-3,-2,-5,1,2,3,1,12,1,12,1,12,1,12,29,5
1,-5,-5,-2,-1,-5,3,1,7,5,28,1,28,5,28,1,28,69,13
1,-5,-4,-4,-2,-6,1,0,3,1,12,1,12,1,12,1,12,17,11
1,-5,-4,-3,-5,13,1,0,3,1,12,1,12,1,12,1,12,29,11
1,-5,-4,-3,-3,3,1,1,5,3,20,3,20,3,20,3,20,9,3
1,-5,-4,-2,-4,12,1,0,3,1,12,1,12,1,12,1,12,29,11
1,-5,-4,-2,-2,2,1,1,5,3,20,3,20,3,20,3,20,9,3
1,-5,-3,-4,-2,-2,0,1,3,1,12,1,12,1,12,1,12,11,11
1,-5,-3,-3,-4,11,1,0,3,1,12,1,12,1,12,1,12,23,11
1,-5,-3,-3,-3,6,2,1,6,1,4,1,4,1,4,1,12,11,5
1,-5,-3,-3,-2,1,0,1,3,1,12,1,12,1,12,1,12,11,11
1,-5,-3,-3,-1,-4,0,1,3,1,12,1,12,1,12,1,12,11,11
1,-5,-3,-2,-3,9,1,0,3,1,12,1,12,1,12,1,12,17,11
1,-5,-3,-2,-2,4,0,1,3,1,12,1,12,1,12,1,12,11,11
1,-5,-3,-2,-1,-1,0,1,3,1,12,1,12,1,12,1,12,11,11
1,-5,-2,-4,-4,12,1,1,3,1,12,1,12,1,12,1,12,23,17
1,-5,-2,-4,2,-18,1,2,3,1,12,1,12,1,12,1,12,29,11
1,-5,-2,-3,-3,9,2,1,6,1,4,1,12,1,12,1,4,11,17
1,-5,-2,-2,-4,16,2,1,6,1,12,1,12,1,12,1,4,23,17
1,-5,-2,-2,-2,6,0,1,3,1,12,1,12,1,12,1,12,11,11
1,-5,-2,-2,2,-14,1,2,6,1,12,1,12,1,12,1,4,23,11
1,-5,-1,-3,-1,2,1,1,3,1,12,1,12,1,12,1,12,17,5
1,-4,-4,-4,-2,-8,1,1,6,1,12,1,12,1,12,1,4,23,11
1,-4,-4,-4,2,-24,1,2,3,1,12,1,12,1,12,1,12,23,23
1,-4,-4,-3,-2,-4,1,2,3,1,12,1,12,1,12,1,12,23,5
1,-4,-4,-3,3,-24,2,3,6,1,4,1,12,1,12,1,4,23,23
1,-4,-4,-2,-1,-4,3,1,6,1,12,1,12,1,4,1,12,23,5
1,-4,-4,-2,2,-16,2,1,6,1,12,1,12,1,4,1,12,23,23
1,-4,-3,-2,-4,10,1,0,3,1,12,1,12,1,12,1,12,23,11
1,-4,-3,-2,-2,2,0,1,3,1,12,1,12,1,12,1,12,11,5
1,-4,-2,-4,2,-16,2,3,6,1,12,1,12,1,4,1,12,23,11
1,-4,-2,-3,-3,6,1,1,5,3,20,3,20,3,20,3,20,9,6
1,-4,-2,-3,-1,-2,1,1,3,1,12,1,12,1,12,1,12,11,11
1,-4,-2,-3,2,-14,1,1,3,1,12,1,12,1,12,1,12,23,11
1,-4,-2,-3,3,-18,2,3,6,1,4,1,12,1,4,1,12,23,11
1,-4,-2,-2,-4,12,1,0,3,1,12,1,12,1,12,1,12,23,11
1,-4,-2,-2,-3,8,1,0,3,1,12,1,12,1,12,1,12,17,11
1,-4,-2,-2,-2,4,1,1,5,3,20,3,20,3,20,3,20,6,6
1,-4,-2,-2,2,-12,1,1,3,1,12,1,12,1,12,1,12,23,11
1,-4,-2,-2,4,-20,2,3,6,1,12,1,12,1,12,1,4,23,23
1,-3,-3,-3,3,-18,2,3,6,1,4,1,4,1,12,1,4,5,5
1,-3,-3,-2,-1,-3,3,1,6,1,12,1,4,1,4,1,12,5,5
1,-3,-3,-2,2,-12,2,3,6,1,12,1,4,1,12,1,4,11,11
1,-3,-2,-2,2,-10,1,1,3,1,12,1,12,1,12,1,12,17,11
1,-2,-2,-2,2,-8,2,3,6,1,12,1,12,1,12,1,4,11,11
2,-28,-17,-16,-10,4,1,1,6,1,12,1,12,1,4,1,12,35,17
2,-28,-15,-12,-7,8,1,0,3,1,12,1,12,1,12,1,12,65,11
2,-28,-13,-12,-5,-8,1,0,3,1,12,1,12,1,12,1,12,65,11
2,-28,-11,-16,-6,-4,1,1,3,1,12,1,12,1,12,1,12,35,17
2,-28,-9,-16,-6,12,1,0,3,1,12,1,12,1,12,1,12,35,29
2,-28,-9,-12,-5,16,0,1,3,1,12,1,12,1,12,1,12,23,29
2,-28,-5,-16,-2,-12,1,1,3,1,12,1,12,1,12,1,12,35,29
2,-28,-3,-16,-2,4,1,1,3,1,12,1,12,1,12,1,12,35,17
2,-28,-3,-12,-3,24,2,3,6,1,4,1,4,1,4,1,12,35,11
2,-25,-24,-11,-10,-7,1,0,3,1,12,1,12,1,12,1,12,59,11
2,-25,-22,-14,-12,-4,0,1,3,1,12,1,12,1,12,1,12,29,17
2,-25,-20,-14,-12,10,1,0,3,1,12,1,12,1,12,1,12,29,29
2,-25,-16,-14,-8,-12,0,1,3,1,12,1,12,1,12,1,12,41,17
2,-25,-16,-11,-6,-13,0,1,3,1,12,1,12,1,12,1,12,41,17
2,-25,-14,-14,-8,2,0,1,6,1,12,1,4,1,12,1,12,23,17
2,-25,-12,-14,-8,16,1,0,3,1,12,1,12,1,12,1,12,35,23
2,-25,-12,-11,-6,9,1,0,3,1,12,1,12,1,12,1,12,35,23
2,-25,-10,-14,-4,-20,2,1,6,1,12,1,12,1,12,1,4,23,29
2,-25,-10,-11,-4,-5,2,1,7,1,28,5,28,1,28,5,28,27,27
2,-25,-8,-14,-4,-6,1,1,3,1,12,1,12,1,12,1,12,35,23
2,-25,-8,-11,-2,-19,2,4,5,3,20,3,20,3,20,3,20,19,13
2,-25,-6,-14,-4,8,1,1,3,1,12,1,12,1,12,1,12,41,17
2,-25,-6,-11,-4,17,1,1,3,1,12,1,12,1,12,1,12,41,17
2,-25,-4,-14,-4,22,1,5,6,1,12,1,4,1,12,1,12,53,11
2,-25,-4,-11,-2,3,0,1,3,1,12,1,12,1,12,1,12,59,11
2,-24,-21,-14,-12,-3,1,0,5,3,20,3,20,3,20,3,20,19,9
2,-24,-20,-20,-17,4,1,1,3,1,12,1,12,1,12,1,12,23,23
2,-24,-20,-4,-3,-4,1,0,3,1,12,1,12,1,12,1,12,23,23
2,-24,-19,-10,-9,13,1,0,3,1,12,1,12,1,12,1,12,23,29
2,-24,-16,-20,-13,-4,1,2,3,1,12,1,12,1,12,1,12,35,23
2,-24,-16,-4,-3,4,1,0,3,1,12,1,12,1,12,1,12,23,23
2,-24,-15,-14,-8,-9,2,3,6,1,12,1,4,1,12,1,12,35,11
2,-24,-13,-14,-8,5,1,0,3,1,12,1,12,1,12,1,12,53,11
2,-24,-13,-10,-7,19,1,0,3,1,12,1,12,1,12,1,12,59,11
2,-24,-12,-20,-11,12,2,2,7,5,28,5,28,5,28,5,28,33,5
2,-24,-12,-20,-9,-12,4,1,8,1,4,1,4,1,8,1,4,23,3
2,-24,-12,-4,-3,12,2,5,7,1,28,5,28,5,28,5,28,33,13
2,-24,-11,-10,-5,5,0,1,3,1,12,1,12,1,12,1,12,59,11
2,-24,-9,-14,-4,-15,2,3,5,3,20,3,20,3,20,3,20,19,9
2,-24,-9,-10,-3,-9,2,3,5,3,20,3,20,3,20,3,20,19,9
2,-24,-8,-20,-7,4,1,1,3,1,12,1,12,1,12,1,12,35,23
2,-24,-8,-20,-5,-20,0,1,3,1,12,1,12,1,12,1,12,29,23
2,-24,-8,-4,-3,20,0,1,3,1,12,1,12,1,12,1,12,23,23
2,-24,-7,-10,-5,25,0,1,3,1,12,1,12,1,12,1,12,29,29
2,-24,-5,-14,-4,13,1,0,3,1,12,1,12,1,12,1,12,29,23
2,-24,-5,-10,-3,11,1,0,3,1,12,1,12,1,12,1,12,29,23
2,-24,-4,-20,-5,20,1,2,3,1,12,1,12,1,12,1,12,29,23
2,-24,-4,-20,-3,-4,1,1,3,1,12,1,12,1,12,1,12,35,23
2,-24,-4,-4,-3,28,0,1,3,1,12,1,12,1,12,1,12,23,23
2,-22,-21,-10,-9,-6,1,0,3,1,12,1,12,1,12,1,12,53,11
2,-22,-19,-12,-10,-4,1,1,3,1,12,1,12,1,12,1,12,29,17
2,-22,-18,-18,-15,3,0,1,6,1,4,1,4,1,4,1,12,23,11
2,-22,-18,-15,-13,8,1,0,3,1,12,1,12,1,12,1,12,53,11
2,-22,-18,-7,-5,-8,1,0,3,1,12,1,12,1,12,1,12,47,11
2,-22,-18,-4,-3,-3,1,0,3,1,12,1,12,1,12,1,12,23,23
2,-22,-17,-12,-10,8,0,1,3,1,12,1,12,1,12,1,12,29,23
2,-22,-15,-10,-7,2,1,0,3,1,12,1,12,1,12,1,12,23,23
2,-22,-14,-18,-11,-5,1,2,3,1,12,1,12,1,12,1,12,35,17
2,-22,-14,-15,-11,16,1,0,3,1,12,1,12,1,12,1,12,29,23
2,-22,-14,-15,-9,-6,1,3,6,1,4,1,12,1,12,1,12,29,23
2,-22,-14,-7,-5,6,1,0,3,1,12,1,12,1,12,1,12,29,23
2,-22,-14,-7,-3,-16,1,0,3,1,12,1,12,1,12,1,12,29,23
2,-22,-14,-4,-3,5,1,2,3,1,12,1,12,1,12,1,12,29,17
2,-22,-13,-12,-6,-12,2,5,7,1,28,5,28,5,28,5,28,83,5
2,-22,-13,-10,-5,-10,3,2,6,1,12,1,12,1,4,1,12,41,11
2,-22,-10,-18,-9,9,0,2,5,3,20,3,20,3,20,3,20,29,6
2,-22,-10,-18,-7,-13,1,0,3,1,12,1,12,1,12,1,12,47,11
2,-22,-10,-15,-9,24,1,0,6,1,4,1,12,1,12,1,12,35,23
2,-22,-10,-7,-3,-2,1,0,3,1,12,1,12,1,12,1,12,23,23
2,-22,-10,-4,-3,13,1,0,3,1,12,1,12,1,12,1,12,59,11
2,-22,-9,-12,-6,12,4,1,9,1,12,1,12,1,12,7,36,35,11
2,-22,-9,-10,-5,10,1,2,3,1,12,1,12,1,12,1,12,35,11
2,-22,-7,-12,-2,-20,0,1,3,1,12,1,12,1,12,1,12,23,23
2,-22,-6,-18,-3,-21,2,3,6,1,4,1,12,1,12,1,12,35,23
2,-22,-6,-15,-5,10,1,1,3,1,12,1,12,1,12,1,12,35,17
2,-22,-6,-15,-3,-12,1,1,5,3,20,3,20,3,20,3,20,16,9
2,-22,-6,-7,-3,12,1,1,3,1,12,1,12,1,12,1,12,35,17
2,-22,-6,-4,-3,21,0,1,3,1,12,1,12,1,12,1,12,23,29
2,-22,-5,-12,-2,-8,1,0,3,1,12,1,12,1,12,1,12,29,23
2,-22,-3,-12,-2,4,1,1,3,1,12,1,12,1,12,1,12,35,17
2,-22,-3,-10,-3,18,0,1,3,1,12,1,12,1,12,1,12,29,17
2,-22,-2,-18,-3,15,1,2,6,1,4,1,12,1,12,1,12,35,11
2,-21,-20,-9,-8,-6,1,0,3,1,12,1,12,1,12,1,12,53,11
2,-21,-18,-12,-10,-3,1,0,5,3,20,3,20,3,20,3,20,16,9
2,-21,-16,-12,-10,9,0,1,3,1,12,1,12,1,12,1,12,29,17
2,-21,-16,-9,-8,12,0,1,3,1,12,1,12,1,12,1,12,29,17
2,-21,-12,-12,-6,-9,0,1,5,3,20,3,20,3,20,3,20,9,13
2,-21,-12,-9,-4,-12,0,1,5,3,20,3,20,3,20,3,20,9,13
2,-21,-10,-12,-6,3,2,1,6,1,4,1,4,1,12,1,4,9,11
2,-21,-10,-9,-6,18,2,1,6,1,4,1,4,1,12,1,4,9,11
2,-21,-8,-12,-6,15,2,5,6,1,4,1,4,1,12,1,4,11,7
2,-21,-8,-9,-4,6,0,1,3,1,12,1,12,1,12,1,12,29,23
2,-21,-6,-12,-2,-15,1,4,6,1,4,1,4,1,12,1,4,13,5
2,-21,-6,-9,-2,-6,1,4,6,1,4,1,4,1,12,1,4,13,5
2,-21,-4,-12,-2,-3,1,1,3,1,12,1,12,1,12,1,12,53,11
2,-21,-4,-9,-4,24,0,1,3,1,12,1,12,1,12,1,12,41,11
2,-21,-2,-12,-2,9,0,1,3,1,12,1,12,1,12,1,12,65,5
2,-20,-20,-17,-16,-10,1,2,6,1,4,1,12,1,12,1,12,59,11
2,-20,-20,-4,-3,-10,1,2,3,1,12,1,12,1,12,1,12,59,11
2,-20,-19,-12,-10,-14,1,0,3,1,12,1,12,1,12,1,12,47,11
2,-20,-17,-16,-14,4,1,0,5,3,20,3,20,3,20,3,20,13,9
2,-20,-17,-12,-10,-2,1,1,3,1,12,1,12,1,12,1,12,23,17
2,-20,-16,-17,-14,4,1,0,6,1,4,1,12,1,12,1,12,29,23
2,-20,-16,-17,-12,-16,0,1,3,1,12,1,12,1,12,1,12,29,23
2,-20,-16,-16,-13,2,0,1,6,1,12,1,12,1,4,1,12,23,23
2,-20,-16,-13,-11,6,1,0,3,1,12,1,12,1,12,1,12,47,11
2,-20,-16,-7,-5,-6,1,0,3,1,12,1,12,1,12,1,12,41,11
2,-20,-16,-4,-3,-2,1,0,3,1,12,1,12,1,12,1,12,23,23
2,-20,-16,-3,-4,16,1,0,3,1,12,1,12,1,12,1,12,23,23
2,-20,-16,-3,-2,-4,1,0,3,1,12,1,12,1,12,1,12,23,23
2,-20,-15,-8,-7,10,0,1,3,1,12,1,12,1,12,1,12,29,23
2,-20,-13,-16,-10,-4,1,1,6,1,12,1,12,1,4,1,12,35,17
2,-20,-13,-12,-7,-8,1,1,3,1,12,1,12,1,12,1,12,23,17
2,-20,-13,-12,-6,-18,2,2,5,3,20,3,20,3,20,3,20,19,9
2,-20,-13,-8,-5,-2,1,1,5,3,20,3,20,3,20,3,20,13,9
2,-20,-12,-17,-8,-22,1,0,3,1,12,1,12,1,12,1,12,29,23
2,-20,-12,-16,-11,14,1,1,3,1,12,1,12,1,12,1,12,35,17
2,-20,-12,-16,-9,-6,1,0,3,1,12,1,12,1,12,1,12,35,11
2,-20,-12,-13,-9,12,1,0,3,1,12,1,12,1,12,1,12,29,23
2,-20,-12,-13,-7,-8,0,1,3,1,12,1,12,1,12,1,12,23,23
2,-20,-12,-7,-5,8,1,0,3,1,12,1,12,1,12,1,12,29,23
2,-20,-12,-7,-3,-12,0,1,3,1,12,1,12,1,12,1,12,23,23
2,-20,-12,-4,-3,6,1,0,3,1,12,1,12,1,12,1,12,35,11
2,-20,-12,-3,-4,22,1,1,3,1,12,1,12,1,12,1,12,35,17
2,-20,-12,-3,-2,2,0,1,3,1,12,1,12,1,12,1,12,23,17
2,-20,-11,-16,-10,12,1,0,3,1,12,1,12,1,12,1,12,41,11
2,-20,-11,-12,-6,-6,0,3,7,5,28,5,28,1,28,1,28,55,27
2,-20,-11,-12,-5,-16,1,0,3,1,12,1,12,1,12,1,12,59,11
2,-20,-11,-8,-4,-4,0,1,6,1,12,1,12,1,4,1,12,47,11
2,-20,-11,-4,-3,8,1,0,3,1,12,1,12,1,12,1,12,47,11
2,-20,-9,-16,-6,-12,1,0,3,1,12,1,12,1,12,1,12,41,11
2,-20,-9,-12,-6,6,0,3,7,5,28,5,28,5,28,1,28,55,27
2,-20,-9,-12,-3,-24,1,2,6,1,4,1,4,1,4,1,12,23,11
2,-20,-9,-8,-5,14,1,0,3,1,12,1,12,1,12,1,12,53,11
2,-20,-9,-8,-4,4,0,1,3,1,12,1,12,1,12,1,12,47,11
2,-20,-8,-17,-8,12,0,1,3,1,12,1,12,1,12,1,12,23,23
2,-20,-8,-17,-6,-8,1,1,3,1,12,1,12,1,12,1,12,29,23
2,-20,-8,-17,-4,-28,2,4,5,3,20,3,20,3,20,3,20,23,13
2,-20,-8,-16,-7,6,1,0,3,1,12,1,12,1,12,1,12,35,11
2,-20,-8,-16,-5,-14,1,1,6,1,12,1,12,1,4,1,12,35,17
2,-20,-8,-13,-7,18,0,1,3,1,12,1,12,1,12,1,12,23,23
2,-20,-8,-7,-3,2,0,1,3,1,12,1,12,1,12,1,12,23,17
2,-20,-8,-4,-3,14,1,0,3,1,12,1,12,1,12,1,12,35,11
2,-20,-8,-3,-4,28,0,1,3,1,12,1,12,1,12,1,12,29,23
2,-20,-8,-3,-2,8,1,2,3,1,12,1,12,1,12,1,12,29,23
2,-20,-7,-16,-6,4,1,1,3,1,12,1,12,1,12,1,12,35,17
2,-20,-7,-12,-5,8,0,1,3,1,12,1,12,1,12,1,12,23,17
2,-20,-7,-8,-4,12,0,1,3,1,12,1,12,1,12,1,12,23,17
2,-20,-7,-4,-3,16,0,1,3,1,12,1,12,1,12,1,12,23,17
2,-20,-5,-16,-6,20,0,1,3,1,12,1,12,1,12,1,12,29,23
2,-20,-5,-16,-2,-20,2,3,6,1,12,1,12,1,4,1,12,23,29
2,-20,-5,-12,-2,-10,1,1,3,1,12,1,12,1,12,1,12,29,23
2,-20,-5,-8,-4,20,2,1,6,1,12,1,12,1,4,1,12,23,29
2,-20,-4,-17,-4,6,0,1,3,1,12,1,12,1,12,1,12,47,11
2,-20,-4,-17,-2,-14,1,1,6,1,12,1,12,1,12,1,4,41,11
2,-20,-4,-16,-5,18,1,0,3,1,12,1,12,1,12,1,12,29,23
2,-20,-4,-13,-5,24,1,2,3,1,12,1,12,1,12,1,12,29,23
2,-20,-4,-13,-3,4,1,1,3,1,12,1,12,1,12,1,12,23,29
2,-20,-4,-7,-3,16,1,2,3,1,12,1,12,1,12,1,12,23,23
2,-20,-4,-4,-3,22,0,1,3,1,12,1,12,1,12,1,12,23,23
2,-20,-4,-3,-2,14,1,1,3,1,12,1,12,1,12,1,12,41,11
2,-20,-3,-16,-2,-4,1,1,3,1,12,1,12,1,12,1,12,35,17
2,-20,-3,-8,-3,18,0,1,3,1,12,1,12,1,12,1,12,23,17
2,-20,-3,-4,-3,24,0,1,3,1,12,1,12,1,12,1,12,23,17
2,-19,-18,-9,-8,-5,1,0,3,1,12,1,12,1,12,1,12,47,11
2,-19,-18,-8,-8,4,1,1,3,1,12,1,12,1,12,1,12,47,11
2,-19,-16,-11,-10,7,3,8,10,1,20,1,4,3,20,3,20,29,9
2,-19,-16,-10,-8,-4,1,0,5,3,20,3,20,3,20,3,20,16,9
2,-19,-16,-9,-6,-15,1,0,5,3,20,3,20,3,20,3,20,16,9
2,-19,-16,-8,-8,12,1,1,3,1,12,1,12,1,12,1,12,29,17
2,-19,-14,-10,-8,6,0,1,3,1,12,1,12,1,12,1,12,29,17
2,-19,-14,-8,-8,20,1,0,6,1,12,1,12,1,12,1,4,29,23
2,-19,-12,-11,-6,-9,0,1,3,1,12,1,12,1,12,1,12,29,17
2,-19,-12,-10,-8,16,1,2,3,1,12,1,12,1,12,1,12,35,17
2,-19,-12,-9,-6,3,1,4,5,3,20,3,20,3,20,3,20,19,9
2,-19,-12,-8,-4,-10,1,1,3,1,12,1,12,1,12,1,12,35,17
2,-19,-10,-11,-4,-17,1,1,7,1,28,5,28,1,28,5,28,41,27
2,-19,-10,-10,-4,-12,1,0,3,1,12,1,12,1,12,1,12,29,23
2,-19,-10,-9,-4,-7,1,0,3,1,12,1,12,1,12,1,12,29,23
2,-19,-10,-8,-4,-2,1,1,6,1,12,1,12,1,12,1,4,29,11
2,-19,-8,-11,-6,13,1,1,3,1,12,1,12,1,12,1,12,23,23
2,-19,-8,-9,-2,-17,0,1,3,1,12,1,12,1,12,1,12,29,23
2,-19,-8,-8,-4,6,1,1,3,1,12,1,12,1,12,1,12,23,23
2,-19,-6,-11,-4,5,1,2,3,1,12,1,12,1,12,1,12,35,17
2,-19,-6,-10,-4,8,1,1,3,1,12,1,12,1,12,1,12,35,17
2,-19,-6,-9,-4,11,0,1,3,1,12,1,12,1,12,1,12,29,17
2,-19,-6,-8,-4,14,0,1,3,1,12,1,12,1,12,1,12,29,17
2,-19,-4,-11,-2,-3,1,1,3,1,12,1,12,1,12,1,12,47,11
2,-19,-4,-10,-4,18,1,1,3,1,12,1,12,1,12,1,12,41,11
2,-19,-4,-8,-4,22,2,1,5,3,20,3,20,3,20,3,20,23,6
2,-18,-18,-15,-14,-9,3,1,6,1,4,1,4,1,12,1,4,17,11
2,-18,-18,-4,-3,-9,1,1,6,1,4,1,4,1,4,1,12,17,11
2,-18,-17,-8,-8,4,0,1,3,1,12,1,12,1,12,1,12,47,11
2,-18,-17,-8,-7,-5,1,0,3,1,12,1,12,1,12,1,12,41,11
2,-18,-17,-4,-3,-7,0,1,3,1,12,1,12,1,12,1,12,47,11
2,-18,-15,-14,-12,3,1,0,5,3,20,3,20,3,20,3,20,13,9
2,-18,-15,-10,-9,6,0,1,6,1,4,1,4,1,4,1,12,23,11
2,-18,-15,-10,-8,-3,1,0,5,3,20,3,20,3,20,3,20,13,9
2,-18,-15,-8,-8,12,0,1,6,1,12,1,4,1,4,1,12,23,11
2,-18,-14,-15,-12,3,1,0,5,3,20,3,20,3,20,3,20,13,9
2,-18,-14,-15,-10,-15,0,1,3,1,12,1,12,1,12,1,12,29,17
2,-18,-14,-13,-11,8,1,0,3,1,12,1,12,1,12,1,12,41,11
2,-18,-14,-13,-9,-10,1,0,3,1,12,1,12,1,12,1,12,35,11
2,-18,-14,-5,-5,10,1,1,3,1,12,1,12,1,12,1,12,35,11
2,-18,-14,-5,-3,-8,1,0,3,1,12,1,12,1,12,1,12,35,11
2,-18,-14,-3,-4,15,1,0,3,1,12,1,12,1,12,1,12,17,23
2,-18,-14,-3,-2,-3,0,1,3,1,12,1,12,1,12,1,12,23,17
2,-18,-13,-10,-8,7,1,2,3,1,12,1,12,1,12,1,12,23,23
2,-18,-13,-10,-7,-2,1,0,3,1,12,1,12,1,12,1,12,23,23
2,-18,-13,-8,-8,20,0,1,3,1,12,1,12,1,12,1,12,23,29
2,-18,-13,-8,-7,11,1,2,3,1,12,1,12,1,12,1,12,23,23
2,-18,-11,-14,-8,-5,1,0,3,1,12,1,12,1,12,1,12,29,11
2,-18,-11,-10,-5,-10,1,2,3,1,12,1,12,1,12,1,12,29,11
2,-18,-11,-8,-4,-8,1,2,3,1,12,1,12,1,12,1,12,29,11
2,-18,-10,-15,-8,-3,1,0,3,1,12,1,12,1,12,1,12,17,23
2,-18,-10,-15,-6,-21,1,0,6,1,4,1,12,1,12,1,12,29,23
2,-18,-10,-14,-9,11,1,0,3,1,12,1,12,1,12,1,12,41,11
2,-18,-10,-14,-7,-7,0,1,3,1,12,1,12,1,12,1,12,47,11
2,-18,-10,-13,-9,16,1,0,3,1,12,1,12,1,12,1,12,29,23
2,-18,-10,-5,-3,2,0,1,3,1,12,1,12,1,12,1,12,23,23
2,-18,-10,-4,-3,7,0,1,3,1,12,1,12,1,12,1,12,47,11
2,-18,-10,-3,-4,21,1,1,3,1,12,1,12,1,12,1,12,17,29
2,-18,-10,-3,-2,3,0,1,3,1,12,1,12,1,12,1,12,23,17
2,-18,-9,-14,-8,9,1,2,5,3,20,3,20,3,20,3,20,29,6
2,-18,-9,-10,-4,-9,2,3,6,1,12,1,4,1,12,1,12,23,11
2,-18,-9,-10,-3,-18,2,3,5,3,20,3,20,3,20,3,20,29,6
2,-18,-9,-8,-3,-9,3,2,7,1,28,5,28,5,28,1,28,41,27
2,-18,-9,-4,-3,9,1,3,5,3,20,3,20,3,20,3,20,29,6
2,-18,-7,-14,-4,-13,0,1,3,1,12,1,12,1,12,1,12,29,17
2,-18,-7,-10,-5,10,0,1,3,1,12,1,12,1,12,1,12,29,11
2,-18,-7,-8,-5,17,1,0,3,1,12,1,12,1,12,1,12,35,11
2,-18,-7,-8,-4,8,0,1,3,1,12,1,12,1,12,1,12,29,11
2,-18,-6,-15,-6,9,1,4,6,1,4,1,4,1,12,1,4,11,5
2,-18,-6,-15,-4,-9,3,1,6,1,4,1,4,1,12,1,4,11,5
2,-18,-6,-14,-5,3,1,4,6,1,12,1,4,1,4,1,12,23,11
2,-18,-6,-14,-3,-15,1,2,6,1,4,1,4,1,4,1,12,11,23
2,-18,-6,-13,-5,6,0,2,5,3,20,3,20,3,20,3,20,19,9
2,-18,-6,-13,-3,-12,2,4,7,1,28,5,28,1,28,1,28,41,41
2,-18,-6,-5,-3,12,0,2,5,3,20,3,20,3,20,3,20,19,9
2,-18,-6,-4,-3,15,1,2,6,1,4,1,4,1,4,1,12,23,11
2,-18,-6,-3,-2,9,1,4,6,1,4,1,4,1,12,1,4,11,5
2,-18,-5,-10,-4,11,1,0,3,1,12,1,12,1,12,1,12,23,23
2,-18,-5,-8,-4,16,0,1,3,1,12,1,12,1,12,1,12,23,23
2,-18,-5,-8,-3,7,0,1,3,1,12,1,12,1,12,1,12,23,23
2,-18,-5,-4,-3,17,0,1,3,1,12,1,12,1,12,1,12,23,23
2,-18,-3,-14,-4,15,2,3,6,1,12,1,4,1,12,1,12,23,23
2,-18,-2,-15,-2,3,0,1,3,1,12,1,12,1,12,1,12,65,5
2,-18,-2,-14,-3,13,0,1,3,1,12,1,12,1,12,1,12,29,17
2,-17,-16,-14,-12,-10,1,0,3,1,12,1,12,1,12,1,12,41,11
2,-17,-16,-10,-8,-12,1,0,3,1,12,1,12,1,12,1,12,41,11
2,-17,-16,-9,-10,13,1,0,3,1,12,1,12,1,12,1,12,47,11
2,-17,-16,-8,-8,4,1,4,6,1,12,1,4,1,12,1,12,23,11
2,-17,-16,-7,-6,-5,1,0,3,1,12,1,12,1,12,1,12,41,11
2,-17,-14,-14,-12,4,1,2,3,1,12,1,12,1,12,1,12,23,17
2,-17,-14,-10,-8,-2,1,0,5,3,20,3,20,3,20,3,20,13,9
2,-17,-14,-9,-8,5,1,2,3,1,12,1,12,1,12,1,12,23,17
2,-17,-14,-8,-8,12,1,1,3,1,12,1,12,1,12,1,12,23,17
2,-17,-14,-3,-4,13,1,1,3,1,12,1,12,1,12,1,12,23,17
2,-17,-12,-14,-8,-16,1,2,3,1,12,1,12,1,12,1,12,35,17
2,-17,-12,-10,-8,8,0,1,3,1,12,1,12,1,12,1,12,29,17
2,-17,-12,-9,-6,-3,1,3,6,1,4,1,12,1,12,1,4,29,11
2,-17,-12,-8,-4,-14,1,1,3,1,12,1,12,1,12,1,12,35,17
2,-17,-12,-7,-6,9,0,1,3,1,12,1,12,1,12,1,12,29,17
2,-17,-10,-10,-4,-16,0,1,6,1,12,1,12,1,12,1,4,23,29
2,-17,-10,-9,-4,-11,1,1,3,1,12,1,12,1,12,1,12,23,17
2,-17,-10,-8,-4,-6,1,1,3,1,12,1,12,1,12,1,12,23,17
2,-17,-10,-3,-4,19,1,2,3,1,12,1,12,1,12,1,12,29,17
2,-17,-8,-14,-8,12,1,0,3,1,12,1,12,1,12,1,12,23,23
2,-17,-8,-14,-4,-22,1,2,6,1,12,1,12,1,12,1,4,23,23
2,-17,-8,-10,-4,-6,0,1,3,1,12,1,12,1,12,1,12,23,23
2,-17,-8,-9,-6,15,1,2,6,1,4,1,12,1,12,1,4,11,23
2,-17,-8,-8,-4,2,1,4,6,1,12,1,4,1,12,1,12,11,23
2,-17,-8,-7,-2,-11,1,1,7,5,28,1,28,1,28,5,28,27,55
2,-17,-8,-3,-2,5,0,1,3,1,12,1,12,1,12,1,12,23,23
2,-17,-6,-14,-4,-8,1,1,3,1,12,1,12,1,12,1,12,35,17
2,-17,-6,-10,-4,4,1,2,3,1,12,1,12,1,12,1,12,29,17
2,-17,-6,-9,-4,7,0,1,3,1,12,1,12,1,12,1,12,29,17
2,-17,-6,-8,-4,10,0,1,3,1,12,1,12,1,12,1,12,29,17
2,-17,-6,-7,-4,13,1,2,3,1,12,1,12,1,12,1,12,29,17
2,-17,-6,-3,-4,25,0,1,3,1,12,1,12,1,12,1,12,29,17
2,-17,-4,-14,-4,6,1,1,3,1,12,1,12,1,12,1,12,41,11
2,-17,-4,-10,-4,14,2,5,6,1,12,1,4,1,12,1,12,35,11
2,-17,-4,-8,-4,18,1,2,3,1,12,1,12,1,12,1,12,35,11
2,-17,-4,-7,-2,3,1,1,3,1,12,1,12,1,12,1,12,41,11
2,-17,-4,-3,-2,11,1,2,3,1,12,1,12,1,12,1,12,35,11
2,-16,-16,-14,-13,-8,2,1,5,3,20,3,20,3,20,3,20,26,6
2,-16,-16,-13,-12,-8,1,1,3,1,12,1,12,1,12,1,12,47,11
2,-16,-16,-4,-3,-8,1,2,3,1,12,1,12,1,12,1,12,47,11
2,-16,-16,-3,-2,-8,1,1,3,1,12,1,12,1,12,1,12,47,11
2,-16,-15,-10,-8,-11,1,0,3,1,12,1,12,1,12,1,12,35,11
2,-16,-15,-10,-7,-19,0,1,3,1,12,1,12,1,12,1,12,41,17
2,-16,-15,-8,-9,12,0,1,3,1,12,1,12,1,12,1,12,41,11
2,-16,-15,-8,-8,4,0,1,3,1,12,1,12,1,12,1,12,41,11
2,-16,-15,-8,-7,-4,1,0,3,1,12,1,12,1,12,1,12,41,11
2,-16,-15,-6,-6,3,2,5,6,1,4,1,4,1,4,1,12,13,11
2,-16,-15,-4,-3,-6,0,1,3,1,12,1,12,1,12,1,12,41,11
2,-16,-14,-12,-11,4,1,0,3,1,12,1,12,1,12,1,12,23,11
2,-16,-14,-4,-3,-4,1,0,3,1,12,1,12,1,12,1,12,23,11
2,-16,-13,-12,-10,2,1,1,3,1,12,1,12,1,12,1,12,23,17
2,-16,-13,-10,-5,-25,1,5,7,5,28,5,28,5,28,1,28,27,27
2,-16,-13,-8,-8,12,1,2,3,1,12,1,12,1,12,1,12,23,17
2,-16,-13,-8,-7,4,0,1,6,1,12,1,12,1,4,1,12,23,17
2,-16,-13,-8,-6,-4,1,2,3,1,12,1,12,1,12,1,12,23,17
2,-16,-13,-8,-5,-12,0,1,3,1,12,1,12,1,12,1,12,29,17
2,-16,-13,-6,-7,17,0,1,3,1,12,1,12,1,12,1,12,29,17
2,-16,-13,-6,-6,9,0,1,6,1,4,1,12,1,4,1,12,23,17
2,-16,-12,-14,-11,4,1,1,3,1,12,1,12,1,12,1,12,23,23
2,-16,-12,-14,-9,-12,1,0,3,1,12,1,12,1,12,1,12,23,23
2,-16,-12,-13,-8,-14,0,1,3,1,12,1,12,1,12,1,12,29,17
2,-16,-12,-12,-11,16,1,0,3,1,12,1,12,1,12,1,12,23,23
2,-16,-12,-11,-9,6,1,0,3,1,12,1,12,1,12,1,12,35,11
2,-16,-12,-11,-7,-10,1,0,3,1,12,1,12,1,12,1,12,35,11
2,-16,-12,-5,-5,10,1,1,3,1,12,1,12,1,12,1,12,35,11
2,-16,-12,-5,-3,-6,1,0,3,1,12,1,12,1,12,1,12,35,11
2,-16,-12,-3,-4,14,1,0,3,1,12,1,12,1,12,1,12,17,23
2,-16,-12,-3,-2,-2,0,1,3,1,12,1,12,1,12,1,12,23,17
2,-16,-12,-2,-3,12,0,1,3,1,12,1,12,1,12,1,12,23,23
2,-16,-11,-12,-10,14,1,2,3,1,12,1,12,1,12,1,12,23,23
2,-16,-11,-8,-6,4,1,2,3,1,12,1,12,1,12,1,12,23,17
2,-16,-11,-8,-5,-4,2,3,5,3,20,3,20,3,20,3,20,13,9
2,-16,-11,-8,-4,-12,1,2,3,1,12,1,12,1,12,1,12,23,17
2,-16,-11,-6,-6,15,1,3,5,3,20,3,20,3,20,3,20,16,9
2,-16,-11,-6,-5,7,1,2,3,1,12,1,12,1,12,1,12,23,17
2,-16,-11,-4,-3,2,1,2,3,1,12,1,12,1,12,1,12,23,17
2,-16,-10,-12,-9,12,1,3,6,1,4,1,12,1,12,1,12,23,11
2,-16,-10,-12,-7,-4,1,0,3,1,12,1,12,1,12,1,12,23,11
2,-16,-10,-4,-3,4,1,0,3,1,12,1,12,1,12,1,12,23,11
2,-16,-9,-12,-6,-6,2,4,7,5,28,1,28,5,28,1,28,97,27
2,-16,-9,-10,-5,-5,0,1,3,1,12,1,12,1,12,1,12,41,11
2,-16,-9,-10,-4,-13,1,0,3,1,12,1,12,1,12,1,12,47,11
2,-16,-9,-8,-6,12,1,0,3,1,12,1,12,1,12,1,12,35,11
2,-16,-9,-8,-5,4,1,0,3,1,12,1,12,1,12,1,12,35,11
2,-16,-9,-8,-4,-4,0,1,3,1,12,1,12,1,12,1,12,41,11
2,-16,-9,-8,-3,-12,1,0,3,1,12,1,12,1,12,1,12,47,11
2,-16,-9,-6,-6,21,1,4,6,1,4,1,4,1,4,1,12,13,11
2,-16,-9,-6,-3,-3,0,1,5,3,20,3,20,3,20,3,20,23,6
2,-16,-8,-14,-5,-16,1,4,6,1,12,1,12,1,4,1,12,47,11
2,-16,-8,-13,-8,12,1,2,3,1,12,1,12,1,12,1,12,23,23
2,-16,-8,-13,-6,-4,1,2,3,1,12,1,12,1,12,1,12,23,23
2,-16,-8,-13,-4,-20,1,4,6,1,12,1,12,1,12,1,4,29,23
2,-16,-8,-12,-7,8,0,1,3,1,12,1,12,1,12,1,12,47,11
2,-16,-8,-12,-5,-8,1,2,3,1,12,1,12,1,12,1,12,47,11
2,-16,-8,-11,-7,12,1,0,3,1,12,1,12,1,12,1,12,23,23
2,-16,-8,-11,-5,-4,3,2,6,1,4,1,12,1,12,1,12,23,23
2,-16,-8,-5,-3,4,1,0,3,1,12,1,12,1,12,1,12,23,23
2,-16,-8,-4,-3,8,1,2,3,1,12,1,12,1,12,1,12,47,11
2,-16,-8,-3,-4,20,1,2,3,1,12,1,12,1,12,1,12,23,23
2,-16,-8,-3,-2,4,1,1,3,1,12,1,12,1,12,1,12,23,23
2,-16,-7,-12,-6,6,0,2,5,3,20,3,20,3,20,3,20,19,6
2,-16,-7,-10,-4,-3,1,0,3,1,12,1,12,1,12,1,12,35,11
2,-16,-7,-10,-3,-11,1,0,3,1,12,1,12,1,12,1,12,35,11
2,-16,-7,-8,-5,12,1,0,3,1,12,1,12,1,12,1,12,41,11
2,-16,-7,-8,-4,4,0,2,5,3,20,3,20,3,20,3,20,19,6
2,-16,-7,-8,-3,-4,1,0,3,1,12,1,12,1,12,1,12,35,11
2,-16,-7,-8,-2,-12,1,0,3,1,12,1,12,1,12,1,12,35,11
2,-16,-7,-6,-5,19,1,0,3,1,12,1,12,1,12,1,12,47,11
2,-16,-7,-6,-2,-5,1,0,3,1,12,1,12,1,12,1,12,35,11
2,-16,-7,-4,-3,10,1,0,3,1,12,1,12,1,12,1,12,41,11
2,-16,-6,-12,-7,20,1,0,3,1,12,1,12,1,12,1,12,41,11
2,-16,-6,-12,-5,4,0,1,3,1,12,1,12,1,12,1,12,23,11
2,-16,-6,-12,-3,-12,1,3,6,1,4,1,12,1,12,1,12,23,11
2,-16,-6,-4,-3,12,0,1,3,1,12,1,12,1,12,1,12,23,11
2,-16,-5,-12,-6,18,1,4,7,5,28,1,28,1,28,5,28,27,41
2,-16,-5,-12,-2,-14,1,0,3,1,12,1,12,1,12,1,12,23,23
2,-16,-5,-10,-4,7,1,3,6,1,12,1,4,1,12,1,12,23,11
2,-16,-5,-8,-4,12,0,1,3,1,12,1,12,1,12,1,12,23,17
2,-16,-5,-8,-3,4,0,1,3,1,12,1,12,1,12,1,12,23,17
2,-16,-5,-8,-2,-4,1,3,6,1,12,1,4,1,12,1,12,23,11
2,-16,-5,-6,-3,9,1,3,6,1,4,1,4,1,12,1,12,23,11
2,-16,-4,-14,-5,12,1,0,3,1,12,1,12,1,12,1,12,23,23
2,-16,-4,-14,-3,-4,1,1,3,1,12,1,12,1,12,1,12,23,23
2,-16,-4,-13,-4,6,1,2,3,1,12,1,12,1,12,1,12,35,11
2,-16,-4,-13,-2,-10,1,5,6,1,12,1,12,1,12,1,4,29,11
2,-16,-4,-12,-5,16,1,0,3,1,12,1,12,1,12,1,12,23,23
2,-16,-4,-11,-5,18,1,1,3,1,12,1,12,1,12,1,12,29,17
2,-16,-4,-5,-3,14,1,1,3,1,12,1,12,1,12,1,12,23,17
2,-16,-4,-4,-3,16,1,0,3,1,12,1,12,1,12,1,12,23,23
2,-16,-4,-3,-2,10,1,1,3,1,12,1,12,1,12,1,12,35,11
2,-16,-3,-10,-3,9,0,1,3,1,12,1,12,1,12,1,12,23,17
2,-16,-3,-8,-3,12,0,1,3,1,12,1,12,1,12,1,12,23,17
2,-16,-3,-8,-2,4,1,2,3,1,12,1,12,1,12,1,12,23,17
2,-16,-3,-6,-2,7,0,1,3,1,12,1,12,1,12,1,12,23,17
2,-16,-3,-4,-3,18,0,1,3,1,12,1,12,1,12,1,12,29,17
2,-16,-2,-12,-3,12,1,3,6,1,4,1,12,1,4,1,12,23,11
2,-15,-14,-12,-10,-9,1,0,3,1,12,1,12,1,12,1,12,35,11
2,-15,-14,-9,-6,-18,3,1,6,1,4,1,4,1,12,1,4,11,11
2,-15,-14,-8,-8,4,1,1,3,1,12,1,12,1,12,1,12,35,11
2,-15,-14,-7,-8,11,1,0,3,1,12,1,12,1,12,1,12,41,11
2,-15,-14,-7,-6,-4,1,0,3,1,12,1,12,1,12,1,12,35,11
2,-15,-14,-6,-6,3,3,1,6,1,4,1,4,1,12,1,4,11,11
2,-15,-14,-3,-2,-6,1,0,3,1,12,1,12,1,12,1,12,35,11
2,-15,-13,-8,-8,8,1,1,3,1,12,1,12,1,12,1,12,53,5
2,-15,-13,-7,-7,7,1,1,3,1,12,1,12,1,12,1,12,53,5
2,-15,-12,-12,-10,3,0,1,5,3,20,3,20,3,20,3,20,9,9
2,-15,-12,-9,-8,6,0,1,5,3,20,3,20,3,20,3,20,9,9
2,-15,-12,-9,-4,-24,1,0,5,3,20,3,20,3,20,3,20,19,9
2,-15,-12,-8,-6,-3,1,0,5,3,20,3,20,3,20,3,20,9,9
2,-15,-12,-8,-4,-18,1,0,5,3,20,3,20,3,20,3,20,13,9
2,-15,-12,-7,-6,3,0,1,5,3,20,3,20,3,20,3,20,9,9
2,-15,-12,-7,-4,-12,0,1,5,3,20,3,20,3,20,3,20,9,9
2,-15,-12,-6,-6,9,0,1,5,3,20,3,20,3,20,3,20,9,9
2,-15,-12,-3,-4,12,0,1,5,3,20,3,20,3,20,3,20,9,9
2,-15,-11,-8,-8,16,1,2,3,1,12,1,12,1,12,1,12,47,11
2,-15,-10,-12,-6,-15,2,3,6,1,4,1,4,1,12,1,4,9,11
2,-15,-10,-8,-6,5,1,1,3,1,12,1,12,1,12,1,12,29,17
2,-15,-10,-8,-4,-10,1,1,3,1,12,1,12,1,12,1,12,29,17
2,-15,-10,-7,-6,10,0,1,3,1,12,1,12,1,12,1,12,29,17
2,-15,-10,-7,-4,-5,1,2,3,1,12,1,12,1,12,1,12,29,17
2,-15,-10,-6,-6,15,1,3,6,1,4,1,4,1,12,1,4,11,11
2,-15,-9,-11,-7,3,1,1,6,1,4,1,4,1,12,1,12,29,5
2,-15,-9,-8,-8,24,0,1,6,1,12,1,4,1,12,1,12,47,5
2,-15,-9,-8,-4,-6,2,3,6,1,12,1,4,1,12,1,12,23,11
2,-15,-9,-7,-3,-9,1,2,7,5,28,5,28,1,28,1,28,55,13
2,-15,-8,-12,-6,-3,1,1,5,3,20,3,20,3,20,3,20,13,13
2,-15,-8,-9,-4,-6,0,1,3,1,12,1,12,1,12,1,12,23,23
2,-15,-8,-8,-6,13,1,1,3,1,12,1,12,1,12,1,12,23,17
2,-15,-8,-8,-4,-2,1,2,3,1,12,1,12,1,12,1,12,23,23
2,-15,-8,-7,-6,17,1,1,3,1,12,1,12,1,12,1,12,17,23
2,-15,-8,-7,-4,2,0,1,3,1,12,1,12,1,12,1,12,23,23
2,-15,-8,-7,-2,-13,1,2,3,1,12,1,12,1,12,1,12,23,23
2,-15,-8,-6,-6,21,0,1,5,3,20,3,20,3,20,3,20,9,13
2,-15,-8,-6,-2,-9,0,1,3,1,12,1,12,1,12,1,12,23,23
2,-15,-8,-3,-4,18,1,1,3,1,12,1,12,1,12,1,12,17,23
2,-15,-7,-7,-5,13,1,0,3,1,12,1,12,1,12,1,12,23,23
2,-15,-6,-12,-6,9,1,2,6,1,4,1,4,1,12,1,4,11,5
2,-15,-6,-9,-2,-12,1,2,6,1,4,1,4,1,12,1,4,11,5
2,-15,-6,-8,-4,6,1,2,6,1,12,1,4,1,12,1,4,11,11
2,-15,-6,-8,-2,-9,1,1,6,1,12,1,4,1,12,1,12,29,5
2,-15,-6,-7,-4,9,1,2,6,1,12,1,4,1,12,1,4,11,11
2,-15,-6,-7,-2,-6,1,1,6,1,4,1,4,1,12,1,12,29,5
2,-15,-6,-6,-2,-3,1,1,6,1,12,1,4,1,12,1,12,29,5
2,-15,-6,-3,-2,6,1,2,6,1,4,1,4,1,12,1,4,11,5
2,-15,-5,-11,-3,-5,1,1,3,1,12,1,12,1,12,1,12,29,17
2,-15,-5,-8,-4,10,0,1,3,1,12,1,12,1,12,1,12,29,17
2,-15,-5,-7,-3,5,0,1,3,1,12,1,12,1,12,1,12,29,17
2,-15,-4,-12,-2,-9,0,1,3,1,12,1,12,1,12,1,12,41,11
2,-15,-4,-9,-4,12,0,1,3,1,12,1,12,1,12,1,12,29,11
2,-15,-4,-8,-4,14,0,1,3,1,12,1,12,1,12,1,12,29,11
2,-15,-4,-7,-4,16,1,2,3,1,12,1,12,1,12,1,12,29,11
2,-15,-4,-6,-2,3,1,1,3,1,12,1,12,1,12,1,12,35,11
2,-15,-4,-3,-4,24,0,1,3,1,12,1,12,1,12,1,12,41,11
2,-15,-3,-8,-4,18,2,1,5,3,20,3,20,3,20,3,20,13,9
2,-15,-2,-12,-2,3,1,1,3,1,12,1,12,1,12,1,12,53,5
2,-15,-2,-9,-2,6,0,1,3,1,12,1,12,1,12,1,12,47,5
2,-15,-2,-8,-2,7,1,2,3,1,12,1,12,1,12,1,12,47,5
2,-14,-14,-12,-11,-7,0,1,3,1,12,1,12,1,12,1,12,41,11
2,-14,-14,-11,-10,-7,1,4,6,1,4,1,12,1,12,1,12,41,11
2,-14,-14,-11,-9,-14,0,1,3,1,12,1,12,1,12,1,12,83,5
2,-14,-14,-5,-3,-14,1,1,3,1,12,1,12,1,12,1,12,83,5
2,-14,-14,-4,-3,-7,1,2,3,1,12,1,12,1,12,1,12,41,11
2,-14,-14,-3,-2,-7,1,1,3,1,12,1,12,1,12,1,12,41,11
2,-14,-13,-12,-10,-8,1,0,3,1,12,1,12,1,12,1,12,29,11
2,-14,-13,-8,-8,4,2,5,6,1,12,1,12,1,4,1,12,35,11
2,-14,-13,-8,-6,-10,1,0,3,1,12,1,12,1,12,1,12,35,11
2,-14,-13,-8,-5,-17,2,1,5,3,20,3,20,3,20,3,20,19,9
2,-14,-13,-6,-7,10,1,0,3,1,12,1,12,1,12,1,12,35,11
2,-14,-13,-6,-6,3,2,4,5,3,20,3,20,3,20,3,20,19,6
2,-14,-13,-6,-5,-4,1,0,3,1,12,1,12,1,12,1,12,35,11
2,-14,-13,-4,-3,-5,1,0,3,1,12,1,12,1,12,1,12,35,11
2,-14,-12,-11,-10,4,1,0,3,1,12,1,12,1,12,1,12,23,11
2,-14,-12,-11,-8,-10,1,2,3,1,12,1,12,1,12,1,12,23,17
2,-14,-12,-10,-9,3,1,0,3,1,12,1,12,1,12,1,12,23,11
2,-14,-12,-4,-3,-3,0,1,3,1,12,1,12,1,12,1,12,29,11
2,-14,-12,-3,-4,10,1,0,3,1,12,1,12,1,12,1,12,23,11
2,-14,-12,-3,-2,-4,1,0,3,1,12,1,12,1,12,1,12,23,11
2,-14,-11,-12,-10,4,1,1,3,1,12,1,12,1,12,1,12,23,17
2,-14,-11,-8,-7,5,2,5,7,1,28,5,28,5,28,1,28,55,27
2,-14,-11,-8,-6,-2,0,1,3,1,12,1,12,1,12,1,12,23,17
2,-14,-11,-8,-4,-16,0,1,6,1,12,1,4,1,12,1,12,23,11
2,-14,-11,-6,-6,9,2,5,6,1,4,1,12,1,4,1,12,23,17
2,-14,-11,-6,-5,2,0,1,3,1,12,1,12,1,12,1,12,23,17
2,-14,-11,-2,-3,10,0,1,3,1,12,1,12,1,12,1,12,23,17
2,-14,-10,-12,-9,3,1,5,6,1,4,1,12,1,12,1,12,23,17
2,-14,-10,-12,-7,-11,1,1,3,1,12,1,12,1,12,1,12,23,17
2,-14,-10,-11,-9,8,1,0,3,1,12,1,12,1,12,1,12,35,11
2,-14,-10,-11,-7,-6,1,0,3,1,12,1,12,1,12,1,12,29,11
2,-14,-10,-11,-6,-13,1,1,3,1,12,1,12,1,12,1,12,29,17
2,-14,-10,-10,-9,13,1,0,3,1,12,1,12,1,12,1,12,23,23
2,-14,-10,-9,-9,18,1,3,6,1,4,1,12,1,12,1,12,29,11
2,-14,-10,-9,-7,4,1,0,3,1,12,1,12,1,12,1,12,35,11
2,-14,-10,-5,-3,-4,1,0,3,1,12,1,12,1,12,1,12,29,11
2,-14,-10,-3,-4,13,0,1,3,1,12,1,12,1,12,1,12,23,17
2,-14,-10,-3,-3,6,1,3,6,1,4,1,12,1,12,1,12,29,11
2,-14,-9,-12,-6,-12,1,3,5,3,20,3,20,3,20,3,20,19,6
2,-14,-9,-10,-8,11,1,2,3,1,12,1,12,1,12,1,12,23,17
2,-14,-9,-8,-6,6,1,0,3,1,12,1,12,1,12,1,12,23,11
2,-14,-9,-8,-4,-8,0,1,3,1,12,1,12,1,12,1,12,29,11
2,-14,-9,-6,-6,15,1,3,5,3,20,3,20,3,20,3,20,16,9
2,-14,-9,-6,-5,8,0,1,3,1,12,1,12,1,12,1,12,29,11
2,-14,-9,-6,-3,-6,1,1,6,1,4,1,4,1,4,1,12,11,11
2,-14,-9,-4,-3,3,1,0,3,1,12,1,12,1,12,1,12,23,11
2,-14,-8,-11,-8,12,1,1,3,1,12,1,12,1,12,1,12,23,17
2,-14,-8,-11,-4,-16,0,1,6,1,4,1,12,1,12,1,12,23,23
2,-14,-8,-10,-7,9,1,0,3,1,12,1,12,1,12,1,12,29,11
2,-14,-8,-10,-5,-5,2,3,6,1,4,1,12,1,12,1,12,35,11
2,-14,-8,-4,-3,5,1,0,3,1,12,1,12,1,12,1,12,35,11
2,-14,-8,-3,-4,16,1,1,3,1,12,1,12,1,12,1,12,17,23
2,-14,-8,-3,-2,2,1,1,3,1,12,1,12,1,12,1,12,23,17
2,-14,-7,-10,-4,-7,2,3,6,1,12,1,4,1,12,1,12,23,11
2,-14,-7,-8,-3,-7,1,2,3,1,12,1,12,1,12,1,12,41,11
2,-14,-7,-8,-2,-14,2,3,6,1,12,1,4,1,12,1,12,13,11
2,-14,-7,-6,-5,14,0,1,3,1,12,1,12,1,12,1,12,41,11
2,-14,-7,-6,-2,-7,1,2,3,1,12,1,12,1,12,1,12,41,11
2,-14,-6,-12,-3,-15,1,2,6,1,4,1,4,1,4,1,12,23,11
2,-14,-6,-11,-6,9,0,1,3,1,12,1,12,1,12,1,12,23,17
2,-14,-6,-11,-4,-5,0,1,3,1,12,1,12,1,12,1,12,29,17
2,-14,-6,-11,-3,-12,0,1,3,1,12,1,12,1,12,1,12,23,17
2,-14,-6,-10,-5,5,1,1,3,1,12,1,12,1,12,1,12,35,11
2,-14,-6,-10,-3,-9,0,1,3,1,12,1,12,1,12,1,12,29,11
2,-14,-6,-9,-5,8,1,0,3,1,12,1,12,1,12,1,12,17,23
2,-14,-6,-9,-3,-6,1,1,6,1,4,1,12,1,12,1,12,23,17
2,-14,-6,-5,-3,6,0,1,3,1,12,1,12,1,12,1,12,23,17
2,-14,-6,-4,-3,9,1,0,3,1,12,1,12,1,12,1,12,35,11
2,-14,-6,-3,-3,12,1,1,6,1,4,1,12,1,12,1,12,17,23
2,-14,-6,-3,-2,5,0,1,3,1,12,1,12,1,12,1,12,23,17
2,-14,-5,-12,-6,12,0,3,7,5,28,1,28,5,28,1,28,55,27
2,-14,-5,-10,-4,3,1,0,3,1,12,1,12,1,12,1,12,23,11
2,-14,-5,-8,-4,8,1,2,6,1,12,1,12,1,4,1,12,23,11
2,-14,-5,-8,-2,-6,1,0,3,1,12,1,12,1,12,1,12,23,11
2,-14,-5,-6,-3,6,3,1,6,1,4,1,4,1,12,1,12,23,11
2,-14,-5,-4,-3,11,1,0,3,1,12,1,12,1,12,1,12,29,11
2,-14,-4,-11,-6,20,1,1,3,1,12,1,12,1,12,1,12,35,17
2,-14,-4,-11,-4,6,1,2,3,1,12,1,12,1,12,1,12,35,11
2,-14,-4,-11,-2,-8,1,4,5,3,20,3,20,3,20,3,20,23,6
2,-14,-4,-10,-5,15,0,1,3,1,12,1,12,1,12,1,12,29,17
2,-14,-4,-4,-3,13,1,1,3,1,12,1,12,1,12,1,12,23,17
2,-14,-4,-3,-4,22,1,1,3,1,12,1,12,1,12,1,12,35,11
2,-14,-4,-3,-2,8,0,1,3,1,12,1,12,1,12,1,12,29,11
2,-14,-3,-12,-2,-4,0,1,3,1,12,1,12,1,12,1,12,23,17
2,-14,-3,-10,-4,13,1,0,3,1,12,1,12,1,12,1,12,23,23
2,-14,-3,-8,-3,9,0,1,3,1,12,1,12,1,12,1,12,23,17
2,-14,-3,-6,-3,12,3,1,6,1,4,1,4,1,4,1,12,11,11
2,-14,-3,-6,-2,5,0,1,3,1,12,1,12,1,12,1,12,23,17
2,-14,-2,-12,-3,9,1,2,6,1,4,1,12,1,12,1,12,23,11
2,-14,-2,-11,-3,10,1,2,3,1,12,1,12,1,12,1,12,23,17
2,-14,-2,-11,-2,3,1,1,3,1,12,1,12,1,12,1,12,47,5
2,-13,-13,-7,-5,-13,0,3,7,1,28,5,28,5,28,1,28,55,13
2,-13,-12,-10,-8,-8,1,0,3,1,12,1,12,1,12,1,12,29,11
2,-13,-12,-8,-6,-9,1,0,3,1,12,1,12,1,12,1,12,29,11
2,-13,-12,-8,-4,-22,1,0,3,1,12,1,12,1,12,1,12,35,23
2,-13,-12,-7,-8,10,1,0,3,1,12,1,12,1,12,1,12,35,11
2,-13,-12,-7,-6,-3,1,0,3,1,12,1,12,1,12,1,12,29,11
2,-13,-12,-7,-4,-16,1,1,3,1,12,1,12,1,12,1,12,29,17
2,-13,-12,-6,-8,16,1,0,3,1,12,1,12,1,12,1,12,35,11
2,-13,-12,-6,-6,3,2,5,6,1,4,1,12,1,12,1,4,35,11
2,-13,-12,-5,-6,9,1,0,3,1,12,1,12,1,12,1,12,35,11
2,-13,-12,-5,-4,-4,1,0,3,1,12,1,12,1,12,1,12,29,11
2,-13,-12,-3,-2,-5,1,0,3,1,12,1,12,1,12,1,12,29,11
2,-13,-11,-8,-8,8,1,5,6,1,12,1,4,1,12,1,12,47,5
2,-13,-11,-7,-3,-19,1,0,3,1,12,1,12,1,12,1,12,53,11
2,-13,-11,-6,-6,6,1,3,7,5,28,1,28,5,28,1,28,111,13
2,-13,-11,-5,-5,5,1,5,7,5,28,5,28,1,28,1,28,69,13
2,-13,-10,-10,-8,2,0,1,5,3,20,3,20,3,20,3,20,9,9
2,-13,-10,-8,-4,-14,1,0,5,3,20,3,20,3,20,3,20,16,9
2,-13,-10,-7,-6,4,1,2,3,1,12,1,12,1,12,1,12,17,17
2,-13,-10,-7,-4,-9,1,1,3,1,12,1,12,1,12,1,12,17,17
2,-13,-10,-6,-6,9,0,1,5,3,20,3,20,3,20,3,20,9,9
2,-13,-10,-6,-4,-4,1,1,3,1,12,1,12,1,12,1,12,17,17
2,-13,-10,-5,-6,14,1,1,3,1,12,1,12,1,12,1,12,23,17
2,-13,-10,-3,-4,11,1,1,3,1,12,1,12,1,12,1,12,17,17
2,-13,-9,-9,-7,5,1,0,3,1,12,1,12,1,12,1,12,29,11
2,-13,-9,-8,-8,16,1,2,3,1,12,1,12,1,12,1,12,47,11
2,-13,-9,-8,-4,-10,1,0,3,1,12,1,12,1,12,1,12,29,11
2,-13,-9,-6,-6,12,2,2,5,3,20,3,20,3,20,3,20,19,6
2,-13,-9,-5,-3,-3,1,0,3,1,12,1,12,1,12,1,12,29,11
2,-13,-8,-10,-8,12,1,2,3,1,12,1,12,1,12,1,12,23,17
2,-13,-8,-10,-4,-14,1,5,6,1,12,1,4,1,12,1,12,23,11
2,-13,-8,-9,-6,3,1,1,6,1,4,1,4,1,12,1,12,7,17
2,-13,-8,-8,-6,7,1,2,3,1,12,1,12,1,12,1,12,23,17
2,-13,-8,-8,-4,-6,1,1,3,1,12,1,12,1,12,1,12,23,17
2,-13,-8,-7,-4,-2,2,3,6,1,12,1,12,1,12,1,4,23,11
2,-13,-8,-6,-6,15,2,3,6,1,4,1,12,1,12,1,4,23,11
2,-13,-8,-6,-4,2,1,2,3,1,12,1,12,1,12,1,12,23,17
2,-13,-8,-6,-2,-11,1,1,3,1,12,1,12,1,12,1,12,17,23
2,-13,-8,-5,-6,19,1,2,3,1,12,1,12,1,12,1,12,23,23
2,-13,-8,-5,-4,6,1,2,3,1,12,1,12,1,12,1,12,23,17
2,-13,-8,-5,-2,-7,1,1,7,5,28,1,28,1,28,1,28,55,41
2,-13,-7,-7,-3,-5,0,1,3,1,12,1,12,1,12,1,12,23,17
2,-13,-7,-6,-6,18,2,4,7,5,28,1,28,5,28,5,28,16,41
2,-13,-7,-6,-2,-8,0,1,3,1,12,1,12,1,12,1,12,23,17
2,-13,-7,-5,-5,15,0,1,3,1,12,1,12,1,12,1,12,29,17
2,-13,-6,-10,-4,-4,0,1,3,1,12,1,12,1,12,1,12,23,17
2,-13,-6,-8,-2,-11,0,1,3,1,12,1,12,1,12,1,12,23,17
2,-13,-6,-7,-4,5,0,1,3,1,12,1,12,1,12,1,12,23,17
2,-13,-6,-7,-2,-8,1,2,3,1,12,1,12,1,12,1,12,23,17
2,-13,-6,-6,-4,8,0,1,3,1,12,1,12,1,12,1,12,23,17
2,-13,-6,-6,-2,-5,0,1,3,1,12,1,12,1,12,1,12,23,17
2,-13,-6,-5,-4,11,1,1,3,1,12,1,12,1,12,1,12,23,17
2,-13,-6,-5,-2,-2,0,1,3,1,12,1,12,1,12,1,12,23,17
2,-13,-6,-3,-4,17,1,1,3,1,12,1,12,1,12,1,12,23,17
2,-13,-5,-9,-3,-3,2,1,5,3,20,3,20,3,20,3,20,13,9
2,-13,-5,-8,-4,6,0,1,3,1,12,1,12,1,12,1,12,23,17
2,-13,-5,-6,-6,24,1,2,5,3,20,3,20,3,20,3,20,19,13
2,-13,-5,-5,-3,7,0,1,3,1,12,1,12,1,12,1,12,23,17
2,-13,-4,-10,-4,6,1,2,3,1,12,1,12,1,12,1,12,29,11
2,-13,-4,-9,-2,-5,1,2,3,1,12,1,12,1,12,1,12,35,11
2,-13,-4,-8,-4,10,2,4,5,3,20,3,20,3,20,3,20,16,6
2,-13,-4,-8,-2,-3,1,2,3,1,12,1,12,1,12,1,12,35,11
2,-13,-4,-7,-4,12,0,1,3,1,12,1,12,1,12,1,12,29,11
2,-13,-4,-6,-4,14,0,1,3,1,12,1,12,1,12,1,12,29,11
2,-13,-4,-5,-4,16,1,2,6,1,12,1,12,1,12,1,4,29,11
2,-13,-4,-5,-2,3,1,2,3,1,12,1,12,1,12,1,12,29,11
2,-13,-4,-3,-2,7,1,2,3,1,12,1,12,1,12,1,12,29,11
2,-13,-3,-8,-4,14,1,2,3,1,12,1,12,1,12,1,12,23,17
2,-13,-3,-7,-3,9,1,1,3,1,12,1,12,1,12,1,12,17,17
2,-13,-3,-6,-2,4,1,1,3,1,12,1,12,1,12,1,12,17,17
2,-13,-2,-8,-2,5,3,1,6,1,12,1,4,1,12,1,12,41,5
2,-13,-2,-7,-2,6,1,1,3,1,12,1,12,1,12,1,12,41,5
2,-12,-12,-11,-10,-6,1,5,7,1,28,1,28,1,28,5,28,83,27
2,-12,-12,-11,-8,-18,1,2,7,1,28,1,28,1,28,5,28,83,41
2,-12,-12,-10,-9,-6,3,2,7,5,28,1,28,5,28,1,28,83,27
2,-12,-12,-9,-8,-6,1,4,7,5,28,5,28,1,28,1,28,16,27
2,-12,-12,-9,-7,-12,0,1,7,1,28,1,28,1,28,5,28,167,13
2,-12,-12,-5,-3,-12,3,3,8,1,4,1,4,1,8,1,8,23,3
2,-12,-12,-4,-3,-6,1,2,7,1,28,1,28,5,28,1,28,83,27
2,-12,-12,-3,-2,-6,1,4,7,1,28,5,28,1,28,1,28,16,27
2,-12,-11,-10,-8,-7,1,0,3,1,12,1,12,1,12,1,12,29,11
2,-12,-11,-8,-10,16,1,0,3,1,12,1,12,1,12,1,12,35,11
2,-12,-11,-8,-8,4,0,1,3,1,12,1,12,1,12,1,12,29,11
2,-12,-11,-8,-6,-8,0,1,3,1,12,1,12,1,12,1,12,29,11
2,-12,-11,-8,-5,-14,0,1,3,1,12,1,12,1,12,1,12,29,17
2,-12,-11,-8,-4,-20,1,0,3,1,12,1,12,1,12,1,12,29,23
2,-12,-11,-6,-7,9,0,1,3,1,12,1,12,1,12,1,12,29,11
2,-12,-11,-6,-6,3,2,4,5,3,20,3,20,3,20,3,20,16,6
2,-12,-11,-6,-5,-3,0,1,3,1,12,1,12,1,12,1,12,29,11
2,-12,-11,-4,-5,8,1,0,3,1,12,1,12,1,12,1,12,29,11
2,-12,-11,-4,-4,2,0,1,3,1,12,1,12,1,12,1,12,29,11
2,-12,-11,-4,-3,-4,0,1,3,1,12,1,12,1,12,1,12,29,11
2,-12,-10,-10,-9,4,0,1,3,1,12,1,12,1,12,1,12,23,11
2,-12,-10,-10,-7,-8,0,1,3,1,12,1,12,1,12,1,12,23,17
2,-12,-10,-9,-8,3,1,0,3,1,12,1,12,1,12,1,12,17,11
2,-12,-10,-9,-6,-9,1,0,5,3,20,3,20,3,20,3,20,9,9
2,-12,-10,-8,-9,14,0,1,3,1,12,1,12,1,12,1,12,29,11
2,-12,-10,-8,-7,2,1,0,3,1,12,1,12,1,12,1,12,23,11
2,-12,-10,-4,-3,-2,0,1,3,1,12,1,12,1,12,1,12,23,11
2,-12,-10,-3,-4,9,1,0,3,1,12,1,12,1,12,1,12,29,11
2,-12,-10,-3,-2,-3,1,0,3,1,12,1,12,1,12,1,12,17,11
2,-12,-10,-2,-3,8,0,1,3,1,12,1,12,1,12,1,12,23,11
2,-12,-9,-10,-8,3,1,0,5,3,20,3,20,3,20,3,20,9,9
2,-12,-9,-8,-8,12,2,5,6,1,12,1,4,1,4,1,12,23,11
2,-12,-9,-8,-7,6,3,2,6,1,4,1,4,1,12,1,12,11,11
2,-12,-9,-8,-4,-12,0,1,6,1,12,1,4,1,12,1,12,23,11
2,-12,-9,-8,-3,-18,1,4,6,1,4,1,4,1,4,1,12,11,11
2,-12,-9,-6,-6,9,2,5,6,1,4,1,4,1,4,1,12,11,11
2,-12,-9,-6,-5,3,2,1,6,1,12,1,4,1,4,1,12,11,11
2,-12,-9,-6,-4,-3,0,1,5,3,20,3,20,3,20,3,20,9,9
2,-12,-9,-6,-3,-9,0,1,5,3,20,3,20,3,20,3,20,9,9
2,-12,-9,-4,-5,12,3,2,6,1,4,1,4,1,12,1,12,11,11
2,-12,-9,-4,-4,6,2,5,6,1,12,1,4,1,4,1,12,11,11
2,-12,-9,-2,-3,9,1,2,9,7,36,1,12,7,36,1,12,17,17
2,-12,-8,-11,-8,4,1,2,3,1,12,1,12,1,12,1,12,23,17
2,-12,-8,-11,-6,-8,1,1,3,1,12,1,12,1,12,1,12,23,17
2,-12,-8,-11,-4,-20,1,1,3,1,12,1,12,1,12,1,12,29,23
2,-12,-8,-10,-5,-10,0,1,3,1,12,1,12,1,12,1,12,29,11
2,-12,-8,-9,-8,12,0,1,3,1,12,1,12,1,12,1,12,23,17
2,-12,-8,-9,-7,6,1,0,3,1,12,1,12,1,12,1,12,29,11
2,-12,-8,-9,-5,-6,0,1,3,1,12,1,12,1,12,1,12,23,11
2,-12,-8,-9,-4,-12,1,1,3,1,12,1,12,1,12,1,12,17,23
2,-12,-8,-8,-7,10,0,1,3,1,12,1,12,1,12,1,12,23,17
2,-12,-8,-8,-5,-2,1,0,3,1,12,1,12,1,12,1,12,23,11
2,-12,-8,-7,-7,14,0,1,3,1,12,1,12,1,12,1,12,41,11
2,-12,-8,-7,-5,2,1,0,3,1,12,1,12,1,12,1,12,29,11
2,-12,-8,-5,-3,-2,0,1,3,1,12,1,12,1,12,1,12,23,11
2,-12,-8,-4,-3,2,0,1,3,1,12,1,12,1,12,1,12,23,11
2,-12,-8,-3,-4,12,1,1,3,1,12,1,12,1,12,1,12,17,23
2,-12,-8,-3,-3,6,0,1,6,1,4,1,12,1,12,1,12,23,11
2,-12,-7,-10,-4,-11,1,0,3,1,12,1,12,1,12,1,12,35,11
2,-12,-7,-8,-8,20,1,0,3,1,12,1,12,1,12,1,12,29,23
2,-12,-7,-8,-6,8,0,1,3,1,12,1,12,1,12,1,12,29,11
2,-12,-7,-8,-4,-4,0,1,3,1,12,1,12,1,12,1,12,29,11
2,-12,-7,-6,-5,9,0,1,3,1,12,1,12,1,12,1,12,29,11
2,-12,-7,-6,-4,3,0,1,3,1,12,1,12,1,12,1,12,29,11
2,-12,-7,-6,-3,-3,1,1,6,1,4,1,12,1,4,1,12,29,11
2,-12,-7,-6,-2,-9,1,0,3,1,12,1,12,1,12,1,12,35,11
2,-12,-7,-4,-5,16,0,1,3,1,12,1,12,1,12,1,12,29,17
2,-12,-7,-4,-4,10,1,0,3,1,12,1,12,1,12,1,12,29,11
2,-12,-7,-4,-3,4,0,1,3,1,12,1,12,1,12,1,12,29,11
2,-12,-6,-10,-7,12,1,2,5,3,20,3,20,3,20,3,20,19,6
2,-12,-6,-10,-3,-12,2,3,5,3,20,3,20,3,20,3,20,19,6
2,-12,-6,-9,-6,9,3,2,6,1,4,1,4,1,12,1,4,11,5
2,-12,-6,-9,-4,-3,1,1,5,3,20,3,20,3,20,3,20,13,9
2,-12,-6,-8,-7,18,0,2,7,1,28,1,28,5,28,5,28,83,41
2,-12,-6,-8,-5,6,1,2,5,3,20,3,20,3,20,3,20,19,6
2,-12,-6,-8,-3,-6,2,3,7,5,28,5,28,1,28,1,28,27,27
2,-12,-6,-7,-4,3,1,2,6,1,12,1,4,1,12,1,4,11,11
2,-12,-6,-7,-2,-9,1,1,6,1,12,1,4,1,12,1,4,17,5
2,-12,-6,-5,-4,9,3,2,6,1,12,1,4,1,12,1,4,11,11
2,-12,-6,-5,-2,-3,1,1,5,3,20,3,20,3,20,3,20,13,9
2,-12,-6,-4,-3,6,1,3,5,3,20,3,20,3,20,3,20,19,6
2,-12,-6,-3,-4,15,0,1,5,3,20,3,20,3,20,3,20,9,9
2,-12,-6,-3,-2,3,1,2,6,1,4,1,4,1,12,1,4,11,5
2,-12,-5,-8,-8,28,1,0,3,1,12,1,12,1,12,1,12,35,23
2,-12,-5,-8,-6,16,1,0,3,1,12,1,12,1,12,1,12,35,11
2,-12,-5,-8,-4,4,1,1,3,1,12,1,12,1,12,1,12,29,11
2,-12,-5,-8,-2,-8,1,0,3,1,12,1,12,1,12,1,12,23,11
2,-12,-5,-6,-4,9,1,0,3,1,12,1,12,1,12,1,12,29,11
2,-12,-5,-6,-3,3,2,4,5,3,20,3,20,3,20,3,20,16,6
2,-12,-5,-6,-2,-3,1,0,3,1,12,1,12,1,12,1,12,29,11
2,-12,-5,-4,-4,14,1,0,3,1,12,1,12,1,12,1,12,35,11
2,-12,-5,-4,-3,8,1,0,3,1,12,1,12,1,12,1,12,29,11
2,-12,-4,-11,-2,-10,1,2,3,1,12,1,12,1,12,1,12,35,11
2,-12,-4,-10,-5,10,1,1,3,1,12,1,12,1,12,1,12,29,11
2,-12,-4,-9,-5,12,0,1,3,1,12,1,12,1,12,1,12,23,17
2,-12,-4,-9,-4,6,0,1,3,1,12,1,12,1,12,1,12,29,11
2,-12,-4,-9,-2,-6,1,1,3,1,12,1,12,1,12,1,12,35,11
2,-12,-4,-8,-5,14,1,0,3,1,12,1,12,1,12,1,12,29,11
2,-12,-4,-7,-5,16,1,0,3,1,12,1,12,1,12,1,12,23,23
2,-12,-4,-7,-3,4,0,1,3,1,12,1,12,1,12,1,12,23,17
2,-12,-4,-5,-3,8,0,1,3,1,12,1,12,1,12,1,12,23,17
2,-12,-4,-4,-3,10,1,0,3,1,12,1,12,1,12,1,12,23,11
2,-12,-4,-3,-3,12,1,1,6,1,4,1,12,1,12,1,12,17,23
2,-12,-4,-3,-2,6,0,1,3,1,12,1,12,1,12,1,12,29,11
2,-12,-3,-10,-4,9,1,3,6,1,12,1,4,1,12,1,12,23,11
2,-12,-3,-8,-4,12,2,5,6,1,12,1,4,1,12,1,12,23,11
2,-12,-3,-6,-3,9,2,3,6,1,4,1,4,1,12,1,12,11,11
2,-12,-3,-6,-2,3,2,1,6,1,12,1,4,1,12,1,12,11,11
2,-12,-3,-4,-3,12,3,2,6,1,4,1,4,1,4,1,12,11,11
2,-12,-3,-4,3,-24,2,3,6,1,4,1,4,1,4,1,12,11,11
2,-12,-2,-10,-3,8,0,1,3,1,12,1,12,1,12,1,12,23,17
2,-12,-2,-9,-2,3,0,1,3,1,12,1,12,1,12,1,12,41,5
2,-12,-2,-7,-2,5,1,1,3,1,12,1,12,1,12,1,12,35,5
2,-11,-11,-5,-3,-11,1,1,3,1,12,1,12,1,12,1,12,65,5
2,-11,-10,-10,-8,-6,1,0,3,1,12,1,12,1,12,1,12,23,11
2,-11,-10,-8,-8,4,1,1,6,1,12,1,12,1,12,1,4,29,11
2,-11,-10,-8,-6,-7,1,0,3,1,12,1,12,1,12,1,12,23,11
2,-11,-10,-7,-4,-13,1,1,7,5,28,5,28,5,28,1,28,41,27
2,-11,-10,-6,-6,3,1,1,6,1,4,1,12,1,12,1,4,29,11
2,-11,-10,-6,-4,-8,1,0,3,1,12,1,12,1,12,1,12,23,11
2,-11,-10,-5,-6,8,1,0,3,1,12,1,12,1,12,1,12,29,11
2,-11,-10,-5,-4,-3,1,0,3,1,12,1,12,1,12,1,12,23,11
2,-11,-10,-4,-4,2,1,1,6,1,12,1,12,1,12,1,4,29,11
2,-11,-10,-3,-4,7,1,0,3,1,12,1,12,1,12,1,12,29,11
2,-11,-10,-3,-2,-4,1,0,3,1,12,1,12,1,12,1,12,29,11
2,-11,-9,-8,-8,8,0,1,3,1,12,1,12,1,12,1,12,47,5
2,-11,-9,-8,-4,-14,1,0,3,1,12,1,12,1,12,1,12,41,11
2,-11,-9,-7,-7,7,0,1,3,1,12,1,12,1,12,1,12,41,5
2,-11,-9,-6,-6,6,2,4,7,5,28,1,28,5,28,5,28,97,13
2,-11,-9,-5,-5,5,0,1,3,1,12,1,12,1,12,1,12,41,5
2,-11,-9,-3,-3,3,2,4,7,1,28,1,28,5,28,5,28,97,13
2,-11,-8,-10,-8,4,0,1,5,3,20,3,20,3,20,3,20,9,9
2,-11,-8,-10,-4,-18,1,2,3,1,12,1,12,1,12,1,12,23,23
2,-11,-8,-8,-8,12,1,1,3,1,12,1,12,1,12,1,12,23,17
2,-11,-8,-8,-4,-10,1,1,6,1,12,1,4,1,12,1,12,11,17
2,-11,-8,-7,-6,5,1,2,3,1,12,1,12,1,12,1,12,17,17
2,-11,-8,-6,-6,9,3,1,6,1,4,1,12,1,12,1,4,11,17
2,-11,-8,-6,-4,-2,1,1,3,1,12,1,12,1,12,1,12,17,17
2,-11,-8,-5,-4,2,1,3,6,1,12,1,12,1,12,1,4,17,11
2,-11,-8,-5,-2,-9,1,2,3,1,12,1,12,1,12,1,12,17,23
2,-11,-8,-4,-4,6,1,1,3,1,12,1,12,1,12,1,12,17,17
2,-11,-8,-3,-4,10,1,2,3,1,12,1,12,1,12,1,12,23,17
2,-11,-7,-8,-4,-6,1,0,3,1,12,1,12,1,12,1,12,23,11
2,-11,-7,-7,-5,3,1,0,3,1,12,1,12,1,12,1,12,23,11
2,-11,-7,-6,-6,12,1,3,5,3,20,3,20,3,20,3,20,19,6
2,-11,-7,-6,-2,-10,1,0,3,1,12,1,12,1,12,1,12,23,11
2,-11,-7,-3,-5,17,1,0,3,1,12,1,12,1,12,1,12,35,11
2,-11,-6,-10,-4,-8,0,1,3,1,12,1,12,1,12,1,12,23,17
2,-11,-6,-8,-8,20,1,1,3,1,12,1,12,1,12,1,12,23,23
2,-11,-6,-8,-6,9,1,1,3,1,12,1,12,1,12,1,12,17,17
2,-11,-6,-6,-4,4,1,1,3,1,12,1,12,1,12,1,12,17,17
2,-11,-6,-6,-2,-7,0,1,3,1,12,1,12,1,12,1,12,23,17
2,-11,-6,-5,-4,7,1,2,3,1,12,1,12,1,12,1,12,17,17
2,-11,-6,-5,-2,-4,1,2,3,1,12,1,12,1,12,1,12,17,17
2,-11,-6,-4,-4,10,1,1,3,1,12,1,12,1,12,1,12,17,17
2,-11,-6,-3,-4,13,1,1,3,1,12,1,12,1,12,1,12,17,17
2,-11,-6,-3,-2,2,1,1,3,1,12,1,12,1,12,1,12,17,17
2,-11,-5,-6,-6,18,1,3,7,5,28,5,28,5,28,5,28,16,8
2,-11,-5,-6,-2,-4,1,1,3,1,12,1,12,1,12,1,12,17,17
2,-11,-5,-3,-3,9,1,3,6,1,4,1,4,1,12,1,12,17,5
2,-11,-4,-8,-8,28,1,1,6,1,12,1,4,1,12,1,12,23,23
2,-11,-4,-8,-4,6,1,1,3,1,12,1,12,1,12,1,12,23,11
2,-11,-4,-8,-2,-5,1,1,6,1,12,1,4,1,12,1,12,29,5
2,-11,-4,-7,-2,-3,0,1,3,1,12,1,12,1,12,1,12,29,11
2,-11,-4,-6,-4,10,1,1,3,1,12,1,12,1,12,1,12,23,11
2,-11,-4,-5,-4,12,1,1,3,1,12,1,12,1,12,1,12,23,11
2,-11,-4,-4,-4,14,1,1,6,1,12,1,4,1,12,1,12,17,11
2,-11,-4,-3,-4,16,1,2,3,1,12,1,12,1,12,1,12,29,11
2,-11,-4,-3,-2,5,1,1,3,1,12,1,12,1,12,1,12,23,11
2,-11,-3,-8,-4,10,0,1,3,1,12,1,12,1,12,1,12,23,17
2,-11,-3,-5,-3,9,0,1,3,1,12,1,12,1,12,1,12,23,17
2,-11,-2,-8,-2,3,1,2,3,1,12,1,12,1,12,1,12,35,5
2,-11,-2,-6,-2,5,1,1,3,1,12,1,12,1,12,1,12,35,5
2,-10,-10,-9,-8,-5,1,1,3,1,12,1,12,1,12,1,12,29,11
2,-10,-10,-9,-7,-10,0,1,3,1,12,1,12,1,12,1,12,59,5
2,-10,-10,-9,-6,-15,1,4,6,1,4,1,12,1,12,1,12,29,11
2,-10,-10,-8,-7,-5,3,2,6,1,4,1,12,1,12,1,12,29,11
2,-10,-10,-7,-6,-5,1,1,3,1,12,1,12,1,12,1,12,29,11
2,-10,-10,-4,-3,-5,1,2,3,1,12,1,12,1,12,1,12,29,11
2,-10,-10,-3,-2,-5,1,1,3,1,12,1,12,1,12,1,12,29,11
2,-10,-9,-8,-8,4,0,1,3,1,12,1,12,1,12,1,12,23,11
2,-10,-9,-8,-6,-6,0,1,3,1,12,1,12,1,12,1,12,23,11
2,-10,-9,-6,-8,13,1,0,3,1,12,1,12,1,12,1,12,29,11
2,-10,-9,-6,-7,8,1,0,3,1,12,1,12,1,12,1,12,29,11
2,-10,-9,-6,-6,3,1,1,6,1,4,1,4,1,4,1,12,11,11
2,-10,-9,-6,-5,-2,0,1,3,1,12,1,12,1,12,1,12,23,11
2,-10,-9,-6,-4,-7,0,1,3,1,12,1,12,1,12,1,12,23,11
2,-10,-9,-6,-3,-12,1,1,6,1,4,1,4,1,4,1,12,11,11
2,-10,-9,-4,-6,12,1,0,3,1,12,1,12,1,12,1,12,29,11
2,-10,-9,-4,-5,7,1,0,3,1,12,1,12,1,12,1,12,23,11
2,-10,-9,-4,-4,2,0,1,3,1,12,1,12,1,12,1,12,23,11
2,-10,-9,-4,-3,-3,0,1,3,1,12,1,12,1,12,1,12,23,11
2,-10,-9,-2,-3,6,0,1,3,1,12,1,12,1,12,1,12,23,11
2,-10,-8,-9,-8,4,1,0,3,1,12,1,12,1,12,1,12,17,11
2,-10,-8,-9,-6,-6,0,1,5,3,20,3,20,3,20,3,20,9,9
2,-10,-8,-9,-4,-16,1,1,3,1,12,1,12,1,12,1,12,17,23
2,-10,-8,-8,-7,3,1,0,3,1,12,1,12,1,12,1,12,17,11
2,-10,-8,-8,-5,-7,0,1,5,3,20,3,20,3,20,3,20,9,9
2,-10,-8,-7,-8,12,1,0,3,1,12,1,12,1,12,1,12,23,11
2,-10,-8,-7,-6,2,1,0,3,1,12,1,12,1,12,1,12,17,11
2,-10,-8,-7,-4,-8,0,1,5,3,20,3,20,3,20,3,20,9,9
2,-10,-8,-6,-7,11,1,0,3,1,12,1,12,1,12,1,12,23,11
2,-10,-8,-6,-3,-9,0,1,5,3,20,3,20,3,20,3,20,9,9
2,-10,-8,-4,-5,9,1,0,3,1,12,1,12,1,12,1,12,17,11
2,-10,-8,-3,-4,8,1,0,3,1,12,1,12,1,12,1,12,23,11
2,-10,-8,-3,-2,-2,1,0,3,1,12,1,12,1,12,1,12,17,11
2,-10,-8,-2,-3,7,1,0,3,1,12,1,12,1,12,1,12,17,11
2,-10,-7,-8,-8,12,0,1,3,1,12,1,12,1,12,1,12,23,17
2,-10,-7,-8,-4,-8,1,3,5,3,20,3,20,3,20,3,20,13,6
2,-10,-7,-6,-6,9,2,4,5,3,20,3,20,3,20,3,20,9,9
2,-10,-7,-6,-5,4,1,0,3,1,12,1,12,1,12,1,12,17,11
2,-10,-7,-6,-3,-6,0,1,5,3,20,3,20,3,20,3,20,9,6
2,-10,-7,-4,-5,11,3,3,7,1,28,5,28,1,28,1,28,27,41
2,-10,-7,-4,-4,6,1,0,3,1,12,1,12,1,12,1,12,17,11
2,-10,-7,-4,-2,-4,0,1,5,3,20,3,20,3,20,3,20,9,6
2,-10,-6,-9,-6,3,1,1,6,1,4,1,12,1,12,1,12,17,17
2,-10,-6,-9,-4,-7,1,1,3,1,12,1,12,1,12,1,12,17,17
2,-10,-6,-9,-3,-12,1,1,6,1,4,1,12,1,12,1,12,23,11
2,-10,-6,-8,-3,-9,1,0,3,1,12,1,12,1,12,1,12,29,11
2,-10,-6,-7,-6,9,1,1,3,1,12,1,12,1,12,1,12,17,17
2,-10,-6,-7,-5,4,1,0,3,1,12,1,12,1,12,1,12,23,11
2,-10,-6,-7,-3,-6,0,1,3,1,12,1,12,1,12,1,12,23,11
2,-10,-6,-6,-5,7,0,1,3,1,12,1,12,1,12,1,12,23,11
2,-10,-6,-6,-3,-3,0,1,6,1,4,1,12,1,12,1,12,23,11
2,-10,-6,-4,-3,3,0,1,3,1,12,1,12,1,12,1,12,23,11
2,-10,-6,-3,-3,6,0,1,6,1,4,1,12,1,12,1,12,23,11
2,-10,-5,-8,-8,20,1,4,6,1,12,1,12,1,4,1,12,29,23
2,-10,-5,-8,-6,10,0,1,3,1,12,1,12,1,12,1,12,29,11
2,-10,-5,-8,-2,-10,2,3,6,1,12,1,4,1,12,1,12,11,11
2,-10,-5,-6,-6,15,1,4,6,1,4,1,12,1,4,1,12,29,11
2,-10,-5,-6,-4,5,1,2,3,1,12,1,12,1,12,1,12,29,11
2,-10,-5,-6,-2,-5,1,2,3,1,12,1,12,1,12,1,12,29,11
2,-10,-5,-4,-4,10,1,3,6,1,12,1,4,1,12,1,12,11,11
2,-10,-5,-4,-3,5,1,2,3,1,12,1,12,1,12,1,12,29,11
2,-10,-5,-4,3,-25,1,1,3,1,12,1,12,1,12,1,12,29,29
2,-10,-4,-9,-6,12,1,1,6,1,4,1,12,1,12,1,12,23,11
2,-10,-4,-9,-2,-8,1,1,3,1,12,1,12,1,12,1,12,29,11
2,-10,-4,-8,-5,9,1,0,3,1,12,1,12,1,12,1,12,29,11
2,-10,-4,-7,-6,16,1,1,3,1,12,1,12,1,12,1,12,23,17
2,-10,-4,-7,-4,6,0,1,3,1,12,1,12,1,12,1,12,23,11
2,-10,-4,-7,-2,-4,1,1,6,1,4,1,12,1,12,1,12,29,11
2,-10,-4,-6,-5,13,1,0,3,1,12,1,12,1,12,1,12,29,11
2,-10,-4,-6,-3,3,2,3,6,1,4,1,12,1,12,1,12,23,11
2,-10,-4,-4,-3,7,1,0,3,1,12,1,12,1,12,1,12,23,11
2,-10,-4,-3,-4,14,1,1,3,1,12,1,12,1,12,1,12,23,11
2,-10,-4,-3,-2,4,0,1,3,1,12,1,12,1,12,1,12,23,11
2,-10,-3,-8,-4,8,1,1,3,1,12,1,12,1,12,1,12,23,11
2,-10,-3,-6,-6,21,1,3,5,3,20,3,20,3,20,3,20,16,9
2,-10,-3,-6,-4,11,1,0,3,1,12,1,12,1,12,1,12,23,11
2,-10,-3,-6,-3,6,2,4,5,3,20,3,20,3,20,3,20,9,6
2,-10,-3,-4,-3,9,1,0,3,1,12,1,12,1,12,1,12,17,11
2,-10,-3,-4,-2,4,1,1,3,1,12,1,12,1,12,1,12,17,11
2,-10,-2,-9,-3,6,2,1,5,3,20,3,20,3,20,3,20,9,9
2,-10,-2,-8,-3,7,1,2,3,1,12,1,12,1,12,1,12,17,17
2,-10,-2,-7,-2,3,1,1,3,1,12,1,12,1,12,1,12,35,5
2,-9,-9,-8,-4,-18,1,3,5,3,20,3,20,3,20,3,20,29,6
2,-9,-9,-7,-5,-9,1,3,5,3,20,3,20,3,20,3,20,29,3
2,-9,-9,-5,-3,-9,2,2,5,3,20,3,20,3,20,3,20,29,3
2,-9,-8,-8,-8,4,1,2,3,1,12,1,12,1,12,1,12,23,11
2,-9,-8,-8,-6,-5,1,0,3,1,12,1,12,1,12,1,12,17,11
2,-9,-8,-8,-4,-14,0,1,3,1,12,1,12,1,12,1,12,23,23
2,-9,-8,-7,-4,-10,1,1,3,1,12,1,12,1,12,1,12,23,17
2,-9,-8,-6,-8,12,1,0,3,1,12,1,12,1,12,1,12,23,11
2,-9,-8,-6,-6,3,1,1,5,3,20,3,20,3,20,3,20,13,6
2,-9,-8,-6,-4,-6,1,0,3,1,12,1,12,1,12,1,12,23,11
2,-9,-8,-5,-6,7,1,0,3,1,12,1,12,1,12,1,12,23,11
2,-9,-8,-5,-4,-2,1,0,3,1,12,1,12,1,12,1,12,23,11
2,-9,-8,-4,-6,11,1,0,3,1,12,1,12,1,12,1,12,23,11
2,-9,-8,-4,-4,2,1,2,3,1,12,1,12,1,12,1,12,23,11
2,-9,-8,-3,-4,6,1,0,3,1,12,1,12,1,12,1,12,23,11
2,-9,-8,-3,-2,-3,1,0,3,1,12,1,12,1,12,1,12,23,11
2,-9,-7,-8,-4,-10,1,0,3,1,12,1,12,1,12,1,12,29,11
2,-9,-7,-7,-3,-11,0,1,3,1,12,1,12,1,12,1,12,29,11
2,-9,-7,-6,-6,6,1,2,7,1,28,1,28,1,28,1,28,83,13
2,-9,-7,-5,-5,5,0,1,3,1,12,1,12,1,12,1,12,29,5
2,-9,-7,-4,-4,4,0,1,3,1,12,1,12,1,12,1,12,29,5
2,-9,-7,-3,-3,3,0,1,7,5,28,1,28,1,28,5,28,69,13
2,-9,-6,-8,-8,12,1,2,6,1,12,1,4,1,12,1,12,23,11
2,-9,-6,-8,-6,3,1,4,5,3,20,3,20,3,20,3,20,9,9
2,-9,-6,-8,-4,-6,1,1,6,1,12,1,4,1,12,1,12,17,11
2,-9,-6,-6,-6,9,2,5,6,1,4,1,4,1,12,1,4,5,11
2,-9,-6,-6,-2,-9,1,1,6,1,12,1,4,1,12,1,12,17,5
2,-9,-6,-5,-4,3,1,1,6,1,4,1,4,1,12,1,12,17,5
2,-9,-6,-5,-2,-6,1,1,5,3,20,3,20,3,20,3,20,9,9
2,-9,-6,-4,-4,6,1,4,6,1,12,1,4,1,12,1,4,11,11
2,-9,-6,-4,-2,-3,1,1,5,3,20,3,20,3,20,3,20,9,9
2,-9,-6,-3,-4,9,1,2,7,5,28,5,28,5,28,1,28,27,13
2,-9,-5,-6,-6,12,0,3,7,5,28,1,28,5,28,1,28,41,27
2,-9,-5,-6,-2,-6,1,0,3,1,12,1,12,1,12,1,12,17,11
2,-9,-5,-4,-4,8,1,1,3,1,12,1,12,1,12,1,12,23,11
2,-9,-4,-8,-8,20,1,2,3,1,12,1,12,1,12,1,12,29,23
2,-9,-4,-8,-2,-7,0,1,3,1,12,1,12,1,12,1,12,23,11
2,-9,-4,-6,-6,15,0,1,5,3,20,3,20,3,20,3,20,9,9
2,-9,-4,-6,-4,6,1,1,3,1,12,1,12,1,12,1,12,17,11
2,-9,-4,-6,-2,-3,0,1,3,1,12,1,12,1,12,1,12,23,11
2,-9,-4,-5,-4,8,1,2,3,1,12,1,12,1,12,1,12,17,11
2,-9,-4,-4,-4,10,1,1,3,1,12,1,12,1,12,1,12,17,11
2,-9,-4,-3,-4,12,1,1,3,1,12,1,12,1,12,1,12,17,11
2,-9,-4,-3,-2,3,0,1,3,1,12,1,12,1,12,1,12,23,11
2,-9,-4,-3,4,-24,0,1,3,1,12,1,12,1,12,1,12,41,11
2,-9,-3,-8,-4,6,2,4,5,3,20,3,20,3,20,3,20,9,9
2,-9,-3,-4,-4,12,1,2,5,3,20,3,20,3,20,3,20,13,9
2,-9,-3,-3,-3,9,1,1,6,1,4,1,4,1,12,1,12,17,5
2,-9,-2,-6,-2,3,0,1,3,1,12,1,12,1,12,1,12,29,5
2,-9,-2,-5,-2,4,1,2,3,1,12,1,12,1,12,1,12,29,5
2,-8,-8,-8,-7,-4,1,5,6,1,12,1,12,1,4,1,12,23,11
2,-8,-8,-8,-5,-12,0,1,3,1,12,1,12,1,12,1,12,23,17
2,-8,-8,-7,-6,-4,1,1,3,1,12,1,12,1,12,1,12,23,11
2,-8,-8,-7,-5,-8,1,5,6,1,4,1,12,1,12,1,12,47,5
2,-8,-8,-7,-4,-12,1,1,3,1,12,1,12,1,12,1,12,23,17
2,-8,-8,-7,-3,-16,1,2,3,1,12,1,12,1,12,1,12,47,11
2,-8,-8,-6,-5,-4,0,1,3,1,12,1,12,1,12,1,12,23,11
2,-8,-8,-5,-4,-4,1,4,6,1,4,1,12,1,12,1,12,23,11
2,-8,-8,-5,-3,-8,1,1,3,1,12,1,12,1,12,1,12,47,5
2,-8,-8,-4,-3,-4,1,2,3,1,12,1,12,1,12,1,12,23,11
2,-8,-8,-4,3,-28,0,1,3,1,12,1,12,1,12,1,12,29,23
2,-8,-8,-3,-2,-4,1,1,3,1,12,1,12,1,12,1,12,23,11
2,-8,-7,-8,-6,-4,1,0,3,1,12,1,12,1,12,1,12,17,11
2,-8,-7,-8,-4,-12,0,1,3,1,12,1,12,1,12,1,12,23,17
2,-8,-7,-6,-6,3,1,1,6,1,4,1,12,1,4,1,12,17,11
2,-8,-7,-6,-4,-5,1,0,3,1,12,1,12,1,12,1,12,17,11
2,-8,-7,-6,-3,-9,1,1,6,1,4,1,12,1,4,1,12,11,17
2,-8,-7,-4,-8,18,0,1,3,1,12,1,12,1,12,1,12,23,23
2,-8,-7,-4,-6,10,1,0,3,1,12,1,12,1,12,1,12,23,11
2,-8,-7,-4,-5,6,1,0,3,1,12,1,12,1,12,1,12,23,11
2,-8,-7,-4,-4,2,1,1,6,1,12,1,12,1,4,1,12,17,11
2,-8,-7,-4,-3,-2,1,0,3,1,12,1,12,1,12,1,12,17,11
2,-8,-7,-4,-2,-6,1,0,3,1,12,1,12,1,12,1,12,17,11
2,-8,-7,-2,-3,5,1,0,3,1,12,1,12,1,12,1,12,17,11
2,-8,-6,-8,-5,-4,1,0,3,1,12,1,12,1,12,1,12,17,11
2,-8,-6,-8,-3,-12,1,0,3,1,12,1,12,1,12,1,12,23,11
2,-8,-6,-7,-6,3,1,0,3,1,12,1,12,1,12,1,12,17,11
2,-8,-6,-7,-4,-5,1,2,3,1,12,1,12,1,12,1,12,17,17
2,-8,-6,-6,-7,10,0,1,3,1,12,1,12,1,12,1,12,23,11
2,-8,-6,-6,-5,2,0,1,3,1,12,1,12,1,12,1,12,11,11
2,-8,-6,-6,-3,-6,0,1,5,3,20,3,20,3,20,3,20,9,6
2,-8,-6,-5,-6,9,1,0,3,1,12,1,12,1,12,1,12,17,11
2,-8,-6,-5,-2,-7,1,2,3,1,12,1,12,1,12,1,12,17,17
2,-8,-6,-4,-7,16,1,1,3,1,12,1,12,1,12,1,12,17,23
2,-8,-6,-4,-5,8,1,0,3,1,12,1,12,1,12,1,12,17,11
2,-8,-6,-3,-4,7,1,0,3,1,12,1,12,1,12,1,12,17,11
2,-8,-6,-2,-3,6,0,1,3,1,12,1,12,1,12,1,12,11,11
2,-8,-5,-8,-4,-4,1,3,5,3,20,3,20,3,20,3,20,13,6
2,-8,-5,-6,-6,9,1,3,5,3,20,3,20,3,20,3,20,9,9
2,-8,-5,-6,-2,-7,1,0,3,1,12,1,12,1,12,1,12,23,11
2,-8,-5,-4,-8,22,1,4,5,3,20,3,20,3,20,3,20,13,13
2,-8,-5,-4,-6,14,1,1,3,1,12,1,12,1,12,1,12,17,23
2,-8,-5,-4,-4,6,1,0,3,1,12,1,12,1,12,1,12,17,11
2,-8,-5,-4,-3,2,1,0,3,1,12,1,12,1,12,1,12,17,11
2,-8,-5,-4,-2,-2,0,1,5,3,20,3,20,3,20,3,20,9,6
2,-8,-4,-8,-3,-4,1,2,3,1,12,1,12,1,12,1,12,23,11
2,-8,-4,-7,-6,10,1,2,3,1,12,1,12,1,12,1,12,17,17
2,-8,-4,-7,-5,6,1,0,3,1,12,1,12,1,12,1,12,23,11
2,-8,-4,-7,-2,-6,1,2,3,1,12,1,12,1,12,1,12,23,11
2,-8,-4,-6,-7,16,0,1,3,1,12,1,12,1,12,1,12,23,23
2,-8,-4,-6,-5,8,0,1,3,1,12,1,12,1,12,1,12,23,11
2,-8,-4,-5,-6,14,0,1,3,1,12,1,12,1,12,1,12,23,17
2,-8,-4,-5,-5,10,1,3,6,1,4,1,12,1,12,1,12,17,11
2,-8,-4,-5,-4,6,1,2,3,1,12,1,12,1,12,1,12,17,11
2,-8,-4,-4,-7,20,1,4,6,1,12,1,12,1,4,1,12,29,23
2,-8,-4,-4,-5,12,1,2,3,1,12,1,12,1,12,1,12,23,17
2,-8,-4,-4,-3,4,1,2,3,1,12,1,12,1,12,1,12,23,11
2,-8,-4,-4,3,-20,1,2,3,1,12,1,12,1,12,1,12,23,23
2,-8,-4,-3,-5,14,1,0,3,1,12,1,12,1,12,1,12,29,11
2,-8,-4,-3,-4,10,0,1,3,1,12,1,12,1,12,1,12,23,11
2,-8,-4,-3,-3,6,1,3,6,1,4,1,12,1,12,1,12,17,11
2,-8,-4,-3,-2,2,1,2,3,1,12,1,12,1,12,1,12,17,11
2,-8,-4,-3,4,-22,1,1,3,1,12,1,12,1,12,1,12,35,11
2,-8,-3,-8,-2,-4,1,0,3,1,12,1,12,1,12,1,12,17,11
2,-8,-3,-6,-6,15,1,4,6,1,4,1,4,1,4,1,12,7,11
2,-8,-3,-6,-4,7,1,0,3,1,12,1,12,1,12,1,12,23,11
2,-8,-3,-4,-5,14,1,2,3,1,12,1,12,1,12,1,12,23,17
2,-8,-3,-4,-4,10,1,0,3,1,12,1,12,1,12,1,12,23,11
2,-8,-3,-4,-3,6,1,0,3,1,12,1,12,1,12,1,12,23,11
2,-8,-3,-4,3,-18,1,1,3,1,12,1,12,1,12,1,12,17,23
2,-8,-2,-6,-3,6,2,3,6,1,4,1,12,1,12,1,12,11,11
2,-8,-2,-5,-2,3,0,1,3,1,12,1,12,1,12,1,12,23,5
2,-7,-7,-5,-3,-7,1,1,3,1,12,1,12,1,12,1,12,41,5
2,-7,-6,-6,-6,3,1,1,5,3,20,3,20,3,20,3,20,9,6
2,-7,-6,-6,-4,-4,1,0,3,1,12,1,12,1,12,1,12,17,11
2,-7,-6,-4,-6,9,1,0,3,1,12,1,12,1,12,1,12,17,11
2,-7,-6,-4,-4,2,1,2,3,1,12,1,12,1,12,1,12,17,11
2,-7,-6,-4,-2,-5,0,1,3,1,12,1,12,1,12,1,12,11,17
2,-7,-6,-3,-4,5,1,0,3,1,12,1,12,1,12,1,12,17,11
2,-7,-6,-3,-2,-2,1,0,3,1,12,1,12,1,12,1,12,17,11
2,-7,-5,-6,-6,6,1,2,5,3,20,3,20,3,20,3,20,19,3
2,-7,-5,-4,-4,4,1,2,5,3,20,3,20,3,20,3,20,13,3
2,-7,-5,-3,-3,3,1,1,6,1,4,1,4,1,12,1,12,17,5
2,-7,-4,-6,-6,9,1,4,6,1,4,1,12,1,12,1,4,17,11
2,-7,-4,-6,-2,-5,1,2,3,1,12,1,12,1,12,1,12,17,11
2,-7,-4,-5,-2,-3,1,2,3,1,12,1,12,1,12,1,12,17,11
2,-7,-4,-4,-4,6,1,2,3,1,12,1,12,1,12,1,12,17,11
2,-7,-4,-3,-4,8,1,2,3,1,12,1,12,1,12,1,12,17,11
2,-7,-3,-6,-6,12,0,3,7,5,28,5,28,5,28,1,28,41,13
2,-7,-3,-4,-4,8,1,1,3,1,12,1,12,1,12,1,12,23,11
2,-7,-3,-3,-5,13,1,0,3,1,12,1,12,1,12,1,12,29,11
2,-7,-2,-4,-2,3,1,1,3,1,12,1,12,1,12,1,12,23,5
2,-6,-6,-6,-5,-3,2,1,6,1,12,1,4,1,4,1,12,11,11
2,-6,-6,-6,-3,-9,1,1,6,1,4,1,4,1,4,1,12,11,11
2,-6,-6,-5,-4,-3,2,1,6,1,12,1,4,1,12,1,4,11,11
2,-6,-6,-5,-3,-6,2,2,5,3,20,3,20,3,20,3,20,19,3
2,-6,-6,-4,-3,-3,1,1,5,3,20,3,20,3,20,3,20,9,6
2,-6,-6,-4,3,-21,2,1,6,1,4,1,4,1,4,1,12,11,5
2,-6,-6,-3,-2,-3,2,1,6,1,4,1,4,1,12,1,4,5,11
2,-6,-5,-6,-4,-3,0,1,3,1,12,1,12,1,12,1,12,11,11
2,-6,-5,-4,-6,8,1,0,3,1,12,1,12,1,12,1,12,17,11
2,-6,-5,-4,-4,2,0,1,3,1,12,1,12,1,12,1,12,11,11
2,-6,-5,-4,-2,-4,0,1,3,1,12,1,12,1,12,1,12,11,11
2,-6,-5,-4,3,-19,0,1,3,1,12,1,12,1,12,1,12,29,17
2,-6,-5,-2,-3,4,1,0,3,1,12,1,12,1,12,1,12,17,11
2,-6,-4,-6,-3,-3,1,1,5,3,20,3,20,3,20,3,20,9,6
2,-6,-4,-5,-2,-4,1,2,3,1,12,1,12,1,12,1,12,17,11
2,-6,-4,-4,-5,7,1,0,3,1,12,1,12,1,12,1,12,17,11
2,-6,-4,-3,-6,12,0,1,5,3,20,3,20,3,20,3,20,9,9
2,-6,-4,-3,-4,6,0,1,3,1,12,1,12,1,12,1,12,11,11
2,-6,-3,-6,-2,-3,2,1,6,1,12,1,4,1,12,1,12,11,11
2,-6,-3,-4,-4,6,1,3,6,1,12,1,4,1,12,1,12,11,11
2,-6,-2,-5,-3,4,1,0,3,1,12,1,12,1,12,1,12,17,11
2,-6,-2,-3,-2,3,1,1,3,1,12,1,12,1,12,1,12,17,5
2,-5,-5,-3,3,-15,1,3,6,1,4,1,4,1,12,1,12,9,5
2,-5,-4,-4,-4,2,1,2,6,1,12,1,4,1,12,1,12,11,11
2,-5,-4,-4,-2,-3,0,1,3,1,12,1,12,1,12,1,12,11,11
2,-5,-4,-3,4,-16,1,2,3,1,12,1,12,1,12,1,12,29,11
2,-5,-3,-4,-4,4,1,2,3,1,12,1,12,1,12,1,12,23,5
2,-5,-3,-3,5,-17,0,1,3,1,12,1,12,1,12,1,12,23,23
2,-4,-4,-4,-3,-2,1,2,3,1,12,1,12,1,12,1,12,11,11
2,-4,-4,-4,3,-14,1,1,3,1,12,1,12,1,12,1,12,23,11
2,-4,-4,-3,-2,-2,1,1,3,1,12,1,12,1,12,1,12,11,11
2,-4,-3,-4,3,-12,1,1,3,1,12,1,12,1,12,1,12,17,11
2,-3,-3,-3,3,-9,1,3,6,1,4,1,4,1,12,1,12,5,5
3,-28,-24,-24,-21,4,0,1,6,1,12,1,12,1,4,1,12,23,23
3,-28,-18,-24,-15,-4,0,1,6,1,12,1,12,1,4,1,12,23,29
3,-28,-16,-24,-15,12,1,4,6,1,4,1,12,1,4,1,4,13,23
3,-28,-12,-24,-9,-12,2,5,6,1,4,1,12,1,4,1,4,13,23
3,-28,-10,-24,-9,4,0,1,3,1,12,1,12,1,12,1,12,23,29
3,-28,-8,-24,-9,20,1,0,3,1,12,1,12,1,12,1,12,41,23
3,-28,-6,-24,-3,-20,1,3,6,1,12,1,12,1,4,1,12,77,11
3,-28,-4,-24,-3,-4,0,1,3,1,12,1,12,1,12,1,12,23,23
3,-25,-21,-21,-18,3,0,1,6,1,4,1,4,1,4,1,12,23,17
3,-25,-19,-4,-4,8,1,1,3,1,12,1,12,1,12,1,12,53,11
3,-25,-15,-21,-12,-5,1,2,6,1,4,1,12,1,4,1,4,29,9
3,-25,-13,-21,-12,9,1,3,5,3,20,3,20,3,20,3,20,19,13
3,-25,-13,-4,-4,16,1,2,3,1,12,1,12,1,12,1,12,35,23
3,-25,-9,-21,-6,-13,1,5,6,1,4,1,12,1,4,1,4,15,17
3,-25,-7,-4,-4,24,1,0,3,1,12,1,12,1,12,1,12,35,23
3,-25,-5,-21,-6,15,1,4,6,1,4,1,12,1,4,1,4,29,9
3,-24,-22,-21,-18,-10,1,0,5,3,20,3,20,3,20,3,20,19,9
3,-24,-21,-20,-18,4,1,0,5,3,20,3,20,3,20,3,20,13,9
3,-24,-21,-12,-10,-4,1,0,5,3,20,3,20,3,20,3,20,16,9
3,-24,-21,-4,-4,4,1,1,3,1,12,1,12,1,12,1,12,89,5
3,-24,-20,-21,-18,4,0,1,6,1,12,1,12,1,12,1,4,23,23
3,-24,-16,-21,-12,-16,1,4,6,1,12,1,12,1,12,1,4,47,11
3,-24,-15,-20,-14,12,1,2,6,1,12,1,4,1,4,1,4,23,11
3,-24,-15,-20,-12,-4,1,1,6,1,12,1,12,1,4,1,12,29,29
3,-24,-15,-12,-8,4,2,5,6,1,12,1,4,1,4,1,4,23,5
3,-24,-15,-4,-4,12,1,2,6,1,12,1,4,1,4,1,4,23,5
3,-24,-10,-21,-6,-22,1,4,6,1,4,1,12,1,4,1,4,35,11
3,-24,-9,-20,-10,20,0,1,3,1,12,1,12,1,12,1,12,59,11
3,-24,-9,-20,-8,4,0,1,3,1,12,1,12,1,12,1,12,29,29
3,-24,-9,-20,-6,-12,1,5,6,1,12,1,4,1,4,1,4,23,11
3,-24,-9,-12,-4,-4,1,4,6,1,12,1,4,1,4,1,4,23,5
3,-24,-9,-4,-4,20,0,1,3,1,12,1,12,1,12,1,12,29,29
3,-24,-8,-21,-6,-8,2,1,5,3,20,3,20,3,20,3,20,26,9
3,-24,-4,-21,-6,20,2,1,5,3,20,3,20,3,20,3,20,19,13
3,-24,-3,-20,-4,12,2,3,6,1,12,1,4,1,4,1,4,9,23
3,-22,-16,-18,-15,14,1,0,3,1,12,1,12,1,12,1,12,53,11
3,-22,-16,-4,-4,8,1,2,3,1,12,1,12,1,12,1,12,47,11
3,-22,-12,-18,-9,-6,2,1,6,1,4,1,12,1,4,1,4,11,23
3,-22,-10,-18,-9,6,2,2,5,3,20,3,20,3,20,3,20,16,13
3,-22,-10,-4,-4,16,0,1,3,1,12,1,12,1,12,1,12,29,23
3,-22,-8,-18,-9,18,2,1,6,1,4,1,12,1,4,1,4,35,11
3,-22,-6,-18,-3,-14,0,1,6,1,12,1,12,1,4,1,12,59,11
3,-21,-19,-18,-15,-9,1,0,5,3,20,3,20,3,20,3,20,16,9
3,-21,-18,-18,-16,4,1,0,5,3,20,3,20,3,20,3,20,13,9
3,-21,-18,-18,-14,-10,0,1,6,1,12,1,4,1,4,1,4,23,11
3,-21,-18,-17,-15,3,1,0,5,3,20,3,20,3,20,3,20,13,9
3,-21,-18,-11,-9,-3,1,0,5,3,20,3,20,3,20,3,20,13,9
3,-21,-18,-10,-10,10,0,1,3,1,12,1,12,1,12,1,12,77,5
3,-21,-18,-10,-8,-4,0,1,3,1,12,1,12,1,12,1,12,29,17
3,-21,-18,-4,-4,4,0,1,3,1,12,1,12,1,12,1,12,77,5
3,-21,-13,-18,-9,-15,2,1,6,1,4,1,12,1,4,1,4,35,5
3,-21,-12,-18,-8,-16,1,0,6,1,12,1,12,1,12,1,4,29,23
3,-21,-12,-17,-11,9,1,2,5,3,20,3,20,3,20,3,20,23,9
3,-21,-12,-17,-9,-5,2,1,6,1,12,1,4,1,4,1,4,11,17
3,-21,-12,-11,-7,5,1,0,3,1,12,1,12,1,12,1,12,47,11
3,-21,-12,-11,-5,-9,3,2,6,1,12,1,4,1,4,1,4,11,11
3,-21,-12,-10,-8,16,1,0,3,1,12,1,12,1,12,1,12,53,11
3,-21,-12,-10,-4,-12,3,2,6,1,12,1,4,1,4,1,4,11,11
3,-21,-12,-4,-4,12,1,2,5,3,20,3,20,3,20,3,20,19,9
3,-21,-7,-18,-3,-21,2,3,6,1,4,1,4,1,12,1,4,13,5
3,-21,-6,-18,-8,20,1,3,6,1,12,1,12,1,12,1,4,41,11
3,-21,-6,-18,-4,-8,2,1,5,3,20,3,20,3,20,3,20,19,9
3,-21,-6,-17,-7,15,2,5,6,1,12,1,4,1,4,1,4,35,5
3,-21,-6,-17,-3,-13,1,1,6,1,12,1,4,1,4,1,4,41,5
3,-21,-6,-11,-5,13,0,1,3,1,12,1,12,1,12,1,12,29,23
3,-21,-6,-10,-6,22,2,1,6,1,12,1,4,1,4,1,4,23,11
3,-21,-6,-10,-4,8,0,1,3,1,12,1,12,1,12,1,12,29,23
3,-21,-6,-4,-4,20,0,1,3,1,12,1,12,1,12,1,12,23,29
3,-21,-5,-18,-3,-9,2,1,6,1,4,1,4,1,12,1,4,9,5
3,-20,-18,-18,-15,-8,1,0,5,3,20,3,20,3,20,3,20,13,9
3,-20,-18,-16,-15,4,0,1,6,1,12,1,12,1,4,1,12,23,17
3,-20,-16,-18,-15,4,1,0,3,1,12,1,12,1,12,1,12,29,23
3,-20,-16,-8,-7,4,1,0,3,1,12,1,12,1,12,1,12,23,23
3,-20,-14,-16,-13,12,0,1,3,1,12,1,12,1,12,1,12,47,11
3,-20,-14,-8,-5,-4,1,0,3,1,12,1,12,1,12,1,12,41,11
3,-20,-14,-4,-4,8,1,1,3,1,12,1,12,1,12,1,12,41,11
3,-20,-12,-18,-9,-12,2,4,5,3,20,3,20,3,20,3,20,16,13
3,-20,-12,-16,-9,-4,2,1,5,3,20,3,20,3,20,3,20,16,13
3,-20,-12,-12,-6,-8,2,4,5,3,20,3,20,3,20,3,20,16,13
3,-20,-12,-8,-3,-12,1,1,6,1,12,1,12,1,4,1,12,29,23
3,-20,-10,-16,-11,20,1,1,3,1,12,1,12,1,12,1,12,59,11
3,-20,-8,-18,-9,12,2,2,5,3,20,3,20,3,20,3,20,16,13
3,-20,-8,-16,-7,4,1,1,3,1,12,1,12,1,12,1,12,29,23
3,-20,-8,-12,-6,8,1,0,3,1,12,1,12,1,12,1,12,29,23
3,-20,-8,-8,-5,12,1,0,3,1,12,1,12,1,12,1,12,29,23
3,-20,-8,-4,-4,16,1,2,3,1,12,1,12,1,12,1,12,29,23
3,-20,-6,-18,-3,-16,1,1,6,1,4,1,12,1,4,1,4,19,11
3,-20,-6,-16,-9,28,2,1,6,1,12,1,12,1,4,1,12,47,17
3,-20,-6,-16,-3,-12,1,1,6,1,12,1,12,1,4,1,12,53,11
3,-20,-6,-12,-6,16,1,1,6,1,12,1,12,1,4,1,12,41,11
3,-20,-6,-8,-3,4,2,3,6,1,12,1,12,1,4,1,12,47,11
3,-20,-4,-18,-3,-4,1,1,3,1,12,1,12,1,12,1,12,23,29
3,-20,-4,-16,-5,12,1,0,3,1,12,1,12,1,12,1,12,29,23
3,-20,-4,-12,-6,24,3,4,7,5,28,5,28,5,28,5,28,16,11
3,-19,-17,-12,-12,8,0,1,3,1,12,1,12,1,12,1,12,29,17
3,-19,-15,-12,-12,16,2,5,6,1,12,1,4,1,4,1,12,23,17
3,-19,-15,-7,-6,3,1,4,6,1,4,1,4,1,4,1,12,9,23
3,-19,-13,-15,-12,11,1,0,3,1,12,1,12,1,12,1,12,47,11
3,-19,-13,-12,-12,24,3,2,7,5,28,5,28,5,28,5,28,33,5
3,-19,-13,-7,-4,-5,1,0,3,1,12,1,12,1,12,1,12,41,11
3,-19,-13,-4,-4,8,0,1,3,1,12,1,12,1,12,1,12,41,11
3,-19,-11,-12,-6,-6,0,3,7,5,28,5,28,1,28,1,28,41,27
3,-19,-9,-15,-6,-7,3,1,6,1,4,1,12,1,4,1,4,11,17
3,-19,-7,-12,-6,10,0,1,3,1,12,1,12,1,12,1,12,29,23
3,-19,-7,-7,-4,9,0,1,3,1,12,1,12,1,12,1,12,29,23
3,-19,-7,-4,-4,16,1,1,3,1,12,1,12,1,12,1,12,23,23
3,-19,-5,-15,-6,13,0,1,3,1,12,1,12,1,12,1,12,29,17
3,-19,-5,-12,-6,18,0,2,7,1,28,5,28,1,28,5,28,83,13
3,-18,-16,-15,-14,4,0,1,6,1,12,1,12,1,12,1,4,23,17
3,-18,-16,-15,-12,-8,1,0,5,3,20,3,20,3,20,3,20,13,9
3,-18,-16,-12,-12,8,0,1,6,1,12,1,12,1,12,1,4,23,17
3,-18,-16,-6,-7,10,0,1,6,1,4,1,12,1,12,1,4,23,17
3,-18,-15,-16,-14,4,0,1,3,1,12,1,12,1,12,1,12,23,17
3,-18,-15,-16,-12,-8,1,2,5,3,20,3,20,3,20,3,20,16,13
3,-18,-15,-15,-13,3,0,1,5,3,20,3,20,3,20,3,20,9,9
3,-18,-15,-15,-11,-9,0,1,6,1,12,1,4,1,4,1,4,23,5
3,-18,-15,-14,-14,14,0,1,3,1,12,1,12,1,12,1,12,83,5
3,-18,-15,-10,-6,-14,0,1,6,1,12,1,12,1,4,1,12,23,29
3,-18,-15,-9,-7,-3,0,1,5,3,20,3,20,3,20,3,20,9,9
3,-18,-15,-8,-8,8,0,1,3,1,12,1,12,1,12,1,12,65,5
3,-18,-15,-8,-6,-4,1,1,5,3,20,3,20,3,20,3,20,16,13
3,-18,-15,-4,-4,4,0,1,3,1,12,1,12,1,12,1,12,65,5
3,-18,-14,-15,-10,-10,1,4,6,1,12,1,12,1,12,1,4,29,11
3,-18,-14,-12,-12,16,1,0,6,1,12,1,12,1,12,1,4,23,23
3,-18,-10,-15,-6,-14,0,1,6,1,12,1,12,1,12,1,4,23,23
3,-18,-10,-12,-6,-4,1,0,5,3,20,3,20,3,20,3,20,13,9
3,-18,-9,-16,-10,12,3,2,6,1,12,1,4,1,4,1,4,23,11
3,-18,-9,-16,-6,-12,1,4,5,3,20,3,20,3,20,3,20,19,9
3,-18,-9,-15,-5,-15,1,4,6,1,12,1,4,1,4,1,4,29,5
3,-18,-9,-14,-10,18,0,1,6,1,12,1,4,1,4,1,4,23,11
3,-18,-9,-14,-8,6,1,3,5,3,20,3,20,3,20,3,20,19,9
3,-18,-9,-14,-6,-6,3,1,6,1,12,1,4,1,4,1,4,11,11
3,-18,-9,-10,-6,6,2,5,6,1,12,1,4,1,4,1,4,9,11
3,-18,-9,-10,-4,-6,1,4,6,1,12,1,4,1,4,1,4,9,11
3,-18,-9,-9,-7,15,1,2,6,1,4,1,4,1,12,1,4,7,11
3,-18,-9,-9,-5,3,1,4,6,1,4,1,4,1,12,1,4,5,11
3,-18,-9,-8,-6,12,2,5,6,1,12,1,4,1,4,1,4,11,11
3,-18,-9,-4,-4,12,2,3,5,3,20,3,20,3,20,3,20,16,9
3,-18,-8,-15,-10,20,3,2,6,1,12,1,12,1,12,1,4,29,23
3,-18,-8,-15,-6,-4,0,1,6,1,12,1,12,1,12,1,4,23,11
3,-18,-8,-15,-4,-16,1,3,6,1,12,1,12,1,12,1,4,35,11
3,-18,-8,-12,-6,4,0,1,6,1,12,1,12,1,12,1,4,23,11
3,-18,-8,-6,-5,14,2,3,6,1,4,1,12,1,12,1,4,23,11
3,-18,-4,-15,-8,28,1,4,5,3,20,3,20,3,20,3,20,19,9
3,-18,-4,-15,-6,16,2,3,6,1,12,1,12,1,12,1,4,35,11
3,-18,-4,-12,-6,20,1,4,5,3,20,3,20,3,20,3,20,19,9
3,-18,-3,-16,-4,8,1,1,3,1,12,1,12,1,12,1,12,23,23
3,-18,-3,-15,-5,15,2,3,6,1,4,1,4,1,12,1,4,9,5
3,-18,-3,-14,-4,10,0,1,3,1,12,1,12,1,12,1,12,29,23
3,-17,-15,-15,-12,-7,1,0,5,3,20,3,20,3,20,3,20,13,9
3,-17,-15,-13,-12,3,1,5,6,1,4,1,4,1,4,1,12,9,17
3,-17,-15,-12,-12,8,1,1,6,1,12,1,4,1,4,1,12,23,17
3,-17,-15,-5,-6,9,1,1,6,1,4,1,4,1,4,1,12,9,17
3,-17,-13,-12,-12,16,1,1,3,1,12,1,12,1,12,1,12,23,23
3,-17,-11,-13,-10,9,1,0,3,1,12,1,12,1,12,1,12,41,11
3,-17,-11,-12,-6,-10,1,0,3,1,12,1,12,1,12,1,12,35,11
3,-17,-11,-4,-4,8,1,2,3,1,12,1,12,1,12,1,12,35,11
3,-17,-9,-15,-6,-11,3,1,6,1,4,1,12,1,4,1,4,11,17
3,-17,-9,-13,-6,-5,2,4,5,3,20,3,20,3,20,3,20,19,9
3,-17,-7,-13,-8,15,0,1,3,1,12,1,12,1,12,1,12,47,11
3,-17,-7,-12,-6,6,2,2,7,1,28,1,28,1,28,5,28,97,13
3,-17,-7,-5,-4,11,1,0,3,1,12,1,12,1,12,1,12,41,11
3,-17,-5,-15,-6,9,2,5,6,1,4,1,12,1,4,1,4,23,7
3,-17,-5,-12,-6,14,0,1,3,1,12,1,12,1,12,1,12,23,23
3,-17,-5,-4,-4,16,0,1,3,1,12,1,12,1,12,1,12,23,23
3,-16,-16,-15,-12,-16,1,1,3,1,12,1,12,1,12,1,12,95,5
3,-16,-16,-7,-4,-16,1,1,3,1,12,1,12,1,12,1,12,95,5
3,-16,-15,-12,-12,4,1,1,6,1,12,1,12,1,4,1,12,29,17
3,-16,-14,-15,-12,-6,0,1,5,3,20,3,20,3,20,3,20,9,13
3,-16,-14,-14,-13,4,0,1,3,1,12,1,12,1,12,1,12,23,17
3,-16,-14,-12,-12,8,0,1,3,1,12,1,12,1,12,1,12,23,17
3,-16,-14,-9,-9,6,1,1,7,5,28,1,28,5,28,1,28,55,41
3,-16,-14,-4,-5,8,0,1,3,1,12,1,12,1,12,1,12,23,17
3,-16,-13,-12,-12,12,3,5,7,5,28,1,28,5,28,1,28,139,13
3,-16,-13,-4,-4,4,1,2,3,1,12,1,12,1,12,1,12,59,5
3,-16,-12,-15,-12,4,1,3,5,3,20,3,20,3,20,3,20,13,13
3,-16,-12,-14,-9,-8,2,1,5,3,20,3,20,3,20,3,20,13,13
3,-16,-12,-12,-6,-16,2,1,5,3,20,3,20,3,20,3,20,13,13
3,-16,-12,-9,-9,12,1,4,5,3,20,3,20,3,20,3,20,13,13
3,-16,-12,-7,-6,4,2,4,5,3,20,3,20,3,20,3,20,13,13
3,-16,-11,-12,-12,20,1,0,3,1,12,1,12,1,12,1,12,29,23
3,-16,-10,-15,-6,-18,1,4,6,1,4,1,12,1,4,1,4,35,11
3,-16,-10,-14,-11,12,0,1,3,1,12,1,12,1,12,1,12,41,11
3,-16,-10,-12,-9,8,0,1,3,1,12,1,12,1,12,1,12,41,11
3,-16,-10,-12,-6,-8,1,0,3,1,12,1,12,1,12,1,12,35,11
3,-16,-10,-9,-9,18,1,5,7,5,28,5,28,1,28,5,28,41,13
3,-16,-10,-4,-4,8,1,1,3,1,12,1,12,1,12,1,12,35,11
3,-16,-9,-12,-12,28,0,1,6,1,12,1,12,1,4,1,12,23,23
3,-16,-9,-12,-6,-4,1,1,6,1,12,1,12,1,4,1,12,29,17
3,-16,-8,-15,-6,-8,1,1,3,1,12,1,12,1,12,1,12,47,11
3,-16,-8,-12,-9,16,1,1,3,1,12,1,12,1,12,1,12,47,11
3,-16,-8,-9,-9,24,3,3,7,5,28,5,28,5,28,5,28,22,8
3,-16,-8,-9,-3,-8,1,1,3,1,12,1,12,1,12,1,12,47,11
3,-16,-8,-4,-5,16,0,1,3,1,12,1,12,1,12,1,12,47,11
3,-16,-7,-12,-6,4,0,1,3,1,12,1,12,1,12,1,12,29,17
3,-16,-7,-4,-4,12,0,1,3,1,12,1,12,1,12,1,12,29,17
3,-16,-6,-14,-9,20,2,1,5,3,20,3,20,3,20,3,20,19,9
3,-16,-6,-14,-3,-12,1,1,5,3,20,3,20,3,20,3,20,26,6
3,-16,-6,-12,-6,8,1,1,5,3,20,3,20,3,20,3,20,19,6
3,-16,-6,-12,-3,-8,1,3,6,1,12,1,12,1,4,1,12,41,11
3,-16,-6,-4,-3,8,1,1,5,3,20,3,20,3,20,3,20,19,6
3,-16,-5,-12,-6,12,2,4,7,5,28,1,28,1,28,1,28,69,27
3,-16,-5,-4,4,-28,1,0,3,1,12,1,12,1,12,1,12,29,23
3,-16,-4,-15,-6,12,2,5,6,1,4,1,12,1,4,1,4,23,7
3,-16,-4,-14,-5,8,1,2,3,1,12,1,12,1,12,1,12,23,23
3,-16,-4,-12,-6,16,1,0,3,1,12,1,12,1,12,1,12,23,23
3,-16,-4,-9,-3,4,0,1,3,1,12,1,12,1,12,1,12,23,23
3,-16,-4,-7,-4,12,1,0,3,1,12,1,12,1,12,1,12,23,23
3,-15,-14,-12,-12,4,1,1,6,1,12,1,12,1,12,1,4,29,17
3,-15,-13,-12,-12,8,0,1,6,1,12,1,4,1,12,1,4,23,17
3,-15,-13,-12,-11,3,0,1,5,3,20,3,20,3,20,3,20,9,9
3,-15,-13,-12,-9,-7,0,1,5,3,20,3,20,3,20,3,20,9,9
3,-15,-13,-9,-9,6,0,1,5,3,20,3,20,3,20,3,20,9,9
3,-15,-13,-3,-4,7,0,1,5,3,20,3,20,3,20,3,20,9,9
3,-15,-12,-14,-12,4,0,1,5,3,20,3,20,3,20,3,20,9,13
3,-15,-12,-14,-10,-6,0,1,6,1,12,1,4,1,4,1,4,23,11
3,-15,-12,-14,-8,-16,1,0,3,1,12,1,12,1,12,1,12,47,11
3,-15,-12,-13,-9,-7,2,1,5,3,20,3,20,3,20,3,20,13,13
3,-15,-12,-12,-8,-8,1,1,6,1,12,1,4,1,4,1,4,23,5
3,-15,-12,-11,-11,11,1,1,3,1,12,1,12,1,12,1,12,65,5
3,-15,-12,-9,-5,-11,1,1,6,1,12,1,4,1,4,1,4,17,5
3,-15,-12,-8,-8,8,1,1,3,1,12,1,12,1,12,1,12,53,5
3,-15,-12,-8,-4,-12,1,2,5,3,20,3,20,3,20,3,20,13,9
3,-15,-12,-7,-7,7,1,1,3,1,12,1,12,1,12,1,12,53,5
3,-15,-12,-7,-5,-3,0,1,5,3,20,3,20,3,20,3,20,9,9
3,-15,-12,-6,-8,16,0,1,5,3,20,3,20,3,20,3,20,9,16
3,-15,-12,-6,-4,-4,1,1,5,3,20,3,20,3,20,3,20,16,9
3,-15,-12,-4,-4,4,1,1,3,1,12,1,12,1,12,1,12,53,5
3,-15,-11,-12,-7,-9,1,2,6,1,4,1,4,1,12,1,4,9,11
3,-15,-11,-12,-6,-14,1,2,6,1,12,1,4,1,12,1,4,23,11
3,-15,-11,-9,-9,12,1,4,6,1,4,1,4,1,12,1,4,17,11
3,-15,-11,-6,-5,3,1,4,6,1,4,1,4,1,12,1,4,9,11
3,-15,-10,-12,-12,20,1,4,6,1,12,1,12,1,12,1,4,29,23
3,-15,-10,-12,-6,-10,1,4,6,1,12,1,12,1,12,1,4,29,11
3,-15,-10,-9,-7,5,3,2,6,1,4,1,12,1,12,1,4,29,11
3,-15,-8,-12,-12,28,1,0,6,1,12,1,12,1,12,1,4,29,23
3,-15,-7,-12,-3,-13,1,2,6,1,4,1,12,1,4,1,4,29,11
3,-15,-7,-9,-5,4,1,2,6,1,12,1,12,1,4,1,4,17,11
3,-15,-7,-9,-3,-6,0,1,5,3,20,3,20,3,20,3,20,9,9
3,-15,-6,-14,-8,12,1,2,6,1,12,1,4,1,4,1,4,23,11
3,-15,-6,-14,-4,-8,0,1,3,1,12,1,12,1,12,1,12,29,11
3,-15,-6,-13,-7,9,1,2,6,1,12,1,4,1,4,1,4,17,11
3,-15,-6,-13,-3,-11,2,5,6,1,12,1,4,1,4,1,4,35,5
3,-15,-6,-12,-8,16,1,4,6,1,12,1,4,1,4,1,4,7,23
3,-15,-6,-12,-4,-4,1,1,6,1,12,1,12,1,12,1,4,29,5
3,-15,-6,-11,-7,13,1,0,3,1,12,1,12,1,12,1,12,41,11
3,-15,-6,-11,-3,-7,2,5,6,1,12,1,4,1,4,1,4,23,5
3,-15,-6,-9,-5,7,1,2,6,1,12,1,4,1,4,1,4,7,11
3,-15,-6,-8,-6,14,2,5,6,1,12,1,4,1,4,1,4,11,11
3,-15,-6,-8,-4,4,1,1,3,1,12,1,12,1,12,1,12,35,11
3,-15,-6,-7,-5,11,0,1,3,1,12,1,12,1,12,1,12,41,11
3,-15,-6,-6,-4,8,1,4,6,1,12,1,4,1,4,1,4,7,11
3,-15,-6,-4,-4,12,1,2,6,1,12,1,4,1,4,1,4,23,5
3,-15,-5,-12,-7,15,2,3,6,1,4,1,4,1,12,1,4,11,5
3,-15,-5,-12,-6,10,2,3,6,1,12,1,4,1,12,1,4,11,11
3,-15,-5,-12,-3,-5,1,2,6,1,4,1,12,1,4,1,4,29,5
3,-15,-4,-12,-6,14,1,3,6,1,12,1,12,1,12,1,4,29,11
3,-14,-14,-13,-10,-14,0,1,3,1,12,1,12,1,12,1,12,83,5
3,-14,-13,-12,-12,4,0,1,3,1,12,1,12,1,12,1,12,23,17
3,-14,-12,-13,-12,4,1,5,6,1,4,1,12,1,4,1,12,23,17
3,-14,-12,-12,-9,-6,1,1,5,3,20,3,20,3,20,3,20,13,13
3,-14,-12,-12,-6,-20,0,1,6,1,12,1,12,1,4,1,12,23,23
3,-14,-12,-9,-9,6,1,1,6,1,4,1,12,1,4,1,12,23,17
3,-14,-12,-5,-6,8,1,1,6,1,4,1,12,1,4,1,12,17,23
3,-14,-11,-12,-12,12,1,5,7,5,28,5,28,1,28,5,28,41,13
3,-14,-10,-13,-8,-6,1,0,3,1,12,1,12,1,12,1,12,29,11
3,-14,-10,-12,-6,-12,0,3,7,5,28,1,28,1,28,1,28,55,27
3,-14,-10,-10,-11,18,1,0,3,1,12,1,12,1,12,1,12,23,23
3,-14,-10,-9,-9,12,1,1,7,5,28,1,28,5,28,1,28,55,27
3,-14,-9,-12,-12,20,1,1,6,1,12,1,12,1,4,1,12,29,23
3,-14,-9,-12,-6,-8,2,4,5,3,20,3,20,3,20,3,20,16,9
3,-14,-9,-8,-6,4,2,5,6,1,12,1,12,1,4,1,12,23,17
3,-14,-8,-13,-10,12,1,0,3,1,12,1,12,1,12,1,12,41,11
3,-14,-8,-13,-4,-16,0,1,3,1,12,1,12,1,12,1,12,29,17
3,-14,-8,-12,-9,10,1,0,3,1,12,1,12,1,12,1,12,35,11
3,-14,-8,-12,-6,-4,1,0,3,1,12,1,12,1,12,1,12,35,11
3,-14,-8,-10,-7,6,1,0,3,1,12,1,12,1,12,1,12,35,11
3,-14,-8,-9,-9,18,2,3,5,3,20,3,20,3,20,3,20,29,6
3,-14,-8,-9,-3,-10,0,1,3,1,12,1,12,1,12,1,12,29,11
3,-14,-8,-4,-4,8,0,1,3,1,12,1,12,1,12,1,12,29,11
3,-14,-6,-12,-6,4,2,1,6,1,12,1,12,1,4,1,12,35,11
3,-14,-6,-12,-3,-10,1,3,6,1,12,1,12,1,4,1,12,41,11
3,-14,-6,-10,-9,22,2,5,6,1,12,1,12,1,4,1,12,35,17
3,-14,-6,-10,-3,-6,2,4,5,3,20,3,20,3,20,3,20,19,6
3,-14,-6,-9,-3,-4,1,1,7,5,28,5,28,5,28,1,28,83,13
3,-14,-5,-12,-6,8,0,1,3,1,12,1,12,1,12,1,12,29,17
3,-14,-4,-13,-8,20,1,0,3,1,12,1,12,1,12,1,12,41,11
3,-14,-4,-12,-6,12,2,3,5,3,20,3,20,3,20,3,20,19,6
3,-14,-4,-10,-5,10,1,1,3,1,12,1,12,1,12,1,12,29,11
3,-14,-4,-5,-4,12,1,0,3,1,12,1,12,1,12,1,12,23,11
3,-14,-4,-4,4,-24,1,0,3,1,12,1,12,1,12,1,12,35,23
3,-13,-13,-12,-9,-13,0,1,3,1,12,1,12,1,12,1,12,77,5
3,-13,-12,-12,-12,4,1,1,6,1,12,1,4,1,4,1,12,23,17
3,-13,-12,-9,-9,3,1,1,6,1,4,1,4,1,4,1,12,7,17
3,-13,-11,-12,-9,-5,1,1,3,1,12,1,12,1,12,1,12,17,17
3,-13,-11,-12,-6,-18,1,3,7,5,28,5,28,5,28,5,28,16,8
3,-13,-11,-11,-10,3,1,1,3,1,12,1,12,1,12,1,12,17,17
3,-13,-11,-9,-9,6,2,3,7,1,28,1,28,1,28,1,28,41,41
3,-13,-11,-4,-5,7,1,2,3,1,12,1,12,1,12,1,12,17,17
3,-13,-10,-12,-12,12,0,2,7,5,28,1,28,5,28,5,28,111,13
3,-13,-10,-12,-6,-14,1,0,3,1,12,1,12,1,12,1,12,41,11
3,-13,-10,-9,-9,9,2,3,5,3,20,3,20,3,20,3,20,29,3
3,-13,-10,-7,-7,7,0,1,3,1,12,1,12,1,12,1,12,47,5
3,-13,-10,-4,-4,4,0,1,3,1,12,1,12,1,12,1,12,47,5
3,-13,-9,-12,-6,-10,2,1,5,3,20,3,20,3,20,3,20,13,9
3,-13,-9,-11,-6,-7,2,1,5,3,20,3,20,3,20,3,20,13,9
3,-13,-9,-9,-9,12,1,4,5,3,20,3,20,3,20,3,20,13,9
3,-13,-9,-7,-6,5,2,4,5,3,20,3,20,3,20,3,20,13,9
3,-13,-8,-12,-12,20,1,0,3,1,12,1,12,1,12,1,12,29,23
3,-13,-8,-12,-6,-6,0,2,7,1,28,1,28,5,28,1,28,83,27
3,-13,-8,-9,-9,15,1,1,7,5,28,5,28,5,28,1,28,41,27
3,-13,-8,-7,-5,3,1,0,3,1,12,1,12,1,12,1,12,29,11
3,-13,-8,-4,4,-28,1,0,3,1,12,1,12,1,12,1,12,41,23
3,-13,-7,-11,-8,9,1,0,3,1,12,1,12,1,12,1,12,35,11
3,-13,-7,-9,-6,5,1,0,3,1,12,1,12,1,12,1,12,29,11
3,-13,-7,-9,-3,-8,1,0,3,1,12,1,12,1,12,1,12,29,11
3,-13,-7,-5,-5,10,1,2,3,1,12,1,12,1,12,1,12,29,11
3,-13,-7,-4,-4,8,1,2,3,1,12,1,12,1,12,1,12,29,11
3,-13,-6,-9,-9,21,2,5,6,1,4,1,4,1,4,1,12,23,5
3,-13,-6,-9,-3,-5,0,3,7,1,28,5,28,1,28,5,28,41,13
3,-13,-5,-12,-6,6,2,3,5,3,20,3,20,3,20,3,20,19,6
3,-13,-5,-12,-3,-7,0,1,3,1,12,1,12,1,12,1,12,29,11
3,-13,-5,-9,-6,11,1,0,3,1,12,1,12,1,12,1,12,35,11
3,-13,-5,-8,-4,4,1,1,3,1,12,1,12,1,12,1,12,29,11
3,-13,-5,-5,-4,9,1,0,3,1,12,1,12,1,12,1,12,35,11
3,-13,-4,-12,-6,10,0,1,3,1,12,1,12,1,12,1,12,23,17
3,-13,-4,-4,-4,12,0,1,3,1,12,1,12,1,12,1,12,23,17
3,-13,-3,-9,-3,4,2,4,7,5,28,1,28,1,28,1,28,97,13
3,-13,-3,-8,-3,5,3,1,6,1,12,1,4,1,4,1,12,41,5
3,-12,-12,-12,-11,-4,1,5,6,1,4,1,12,1,12,1,4,23,17
3,-12,-12,-12,-10,-8,0,1,6,1,12,1,12,1,12,1,4,23,17
3,-12,-12,-12,-8,-16,1,2,6,1,12,1,12,1,12,1,4,23,23
3,-12,-12,-11,-10,-4,1,1,3,1,12,1,12,1,12,1,12,23,17
3,-12,-12,-11,-9,-8,3,1,6,1,4,1,12,1,4,1,12,23,17
3,-12,-12,-11,-8,-12,0,2,7,1,28,5,28,5,28,5,28,83,13
3,-12,-12,-11,-7,-16,1,0,3,1,12,1,12,1,12,1,12,23,23
3,-12,-12,-11,-5,-24,1,5,7,5,28,5,28,5,28,1,28,55,13
3,-12,-12,-10,-9,-4,1,1,6,1,12,1,12,1,4,1,12,23,17
3,-12,-12,-10,-8,-8,0,1,3,1,12,1,12,1,12,1,12,23,17
3,-12,-12,-10,-6,-16,1,3,6,1,12,1,12,1,4,1,12,23,23
3,-12,-12,-10,-4,-24,1,5,8,1,4,1,4,1,4,1,8,23,3
3,-12,-12,-9,-8,-4,1,1,6,1,12,1,12,1,12,1,4,23,17
3,-12,-12,-9,-7,-8,3,1,6,1,4,1,12,1,12,1,4,23,17
3,-12,-12,-9,-5,-16,2,3,6,1,4,1,12,1,12,1,4,23,23
3,-12,-12,-8,-7,-4,0,1,3,1,12,1,12,1,12,1,12,23,17
3,-12,-12,-8,-6,-8,1,1,6,1,12,1,12,1,4,1,12,17,23
3,-12,-12,-8,-5,-12,1,6,7,5,28,1,28,1,28,1,28,167,13
3,-12,-12,-8,-4,-16,1,1,3,1,12,1,12,1,12,1,12,23,23
3,-12,-12,-7,-6,-4,1,1,6,1,4,1,12,1,4,1,12,23,17
3,-12,-12,-7,-5,-8,1,0,3,1,12,1,12,1,12,1,12,17,23
3,-12,-12,-7,-4,-12,2,2,7,5,28,5,28,1,28,5,28,33,13
3,-12,-12,-6,-5,-4,1,1,6,1,4,1,12,1,12,1,4,23,17
3,-12,-12,-6,-4,-8,1,1,6,1,12,1,12,1,12,1,4,17,23
3,-12,-12,-5,-4,-4,0,1,3,1,12,1,12,1,12,1,12,23,17
3,-12,-12,-4,-3,-4,1,1,6,1,12,1,12,1,4,1,12,17,23
3,-12,-11,-12,-10,-4,0,1,5,3,20,3,20,3,20,3,20,9,9
3,-12,-11,-9,-9,3,1,1,5,3,20,3,20,3,20,3,20,13,9
3,-12,-10,-12,-9,-4,0,1,5,3,20,3,20,3,20,3,20,9,9
3,-12,-10,-12,-8,-8,1,1,6,1,12,1,12,1,4,1,4,23,11
3,-12,-10,-12,-6,-16,1,0,5,3,20,3,20,3,20,3,20,13,9
3,-12,-10,-9,-9,6,0,1,5,3,20,3,20,3,20,3,20,9,9
3,-12,-10,-9,-6,-6,1,1,5,3,20,3,20,3,20,3,20,13,9
3,-12,-10,-6,-6,4,0,1,5,3,20,3,20,3,20,3,20,9,13
3,-12,-10,-3,-4,6,0,1,5,3,20,3,20,3,20,3,20,9,13
3,-12,-9,-12,-8,-4,1,1,6,1,12,1,4,1,4,1,4,23,5
3,-12,-9,-11,-7,-5,1,0,3,1,12,1,12,1,12,1,12,23,11
3,-12,-9,-11,-5,-13,0,1,3,1,12,1,12,1,12,1,12,41,11
3,-12,-9,-10,-10,10,0,1,3,1,12,1,12,1,12,1,12,59,5
3,-12,-9,-10,-6,-6,1,1,6,1,12,1,4,1,4,1,4,11,11
3,-12,-9,-9,-5,-7,1,1,6,1,12,1,4,1,4,1,4,17,5
3,-12,-9,-8,-10,16,1,0,3,1,12,1,12,1,12,1,12,17,23
3,-12,-9,-8,-8,8,0,1,3,1,12,1,12,1,12,1,12,47,5
3,-12,-9,-8,-4,-8,1,1,3,1,12,1,12,1,12,1,12,23,11
3,-12,-9,-7,-7,7,0,1,3,1,12,1,12,1,12,1,12,41,5
3,-12,-9,-7,-3,-9,1,1,6,1,12,1,4,1,4,1,4,17,5
3,-12,-9,-5,-7,13,1,1,3,1,12,1,12,1,12,1,12,17,17
3,-12,-9,-5,-5,5,0,1,3,1,12,1,12,1,12,1,12,41,5
3,-12,-9,-5,-3,-3,1,1,5,3,20,3,20,3,20,3,20,13,9
3,-12,-9,-4,-6,12,0,1,5,3,20,3,20,3,20,3,20,9,9
3,-12,-9,-4,-4,4,0,1,3,1,12,1,12,1,12,1,12,41,5
3,-12,-8,-12,-7,-4,1,2,6,1,4,1,12,1,12,1,4,23,11
3,-12,-8,-12,-6,-8,1,4,6,1,12,1,12,1,12,1,4,23,11
3,-12,-8,-12,-4,-16,1,4,6,1,12,1,12,1,4,1,4,23,23
3,-12,-8,-9,-10,16,2,5,6,1,12,1,12,1,12,1,4,23,23
3,-12,-8,-9,-9,12,1,4,6,1,4,1,12,1,12,1,4,23,11
3,-12,-8,-9,-4,-8,1,2,6,1,12,1,12,1,12,1,4,23,11
3,-12,-8,-9,-3,-12,1,2,6,1,4,1,12,1,12,1,4,23,11
3,-12,-8,-6,-6,8,1,4,6,1,12,1,12,1,12,1,4,23,11
3,-12,-8,-6,-5,4,1,4,6,1,4,1,12,1,12,1,4,23,11
3,-12,-7,-12,-6,-4,3,2,6,1,12,1,4,1,12,1,4,11,11
3,-12,-7,-9,-9,15,1,4,6,1,4,1,4,1,12,1,4,7,11
3,-12,-7,-9,-3,-9,2,3,6,1,4,1,4,1,12,1,4,11,5
3,-12,-6,-12,-5,-4,0,1,5,3,20,3,20,3,20,3,20,9,9
3,-12,-6,-12,-4,-8,0,1,6,1,12,1,12,1,12,1,4,23,11
3,-12,-6,-11,-10,18,0,3,7,5,28,5,28,1,28,1,28,41,27
3,-12,-6,-11,-8,10,1,0,3,1,12,1,12,1,12,1,12,35,11
3,-12,-6,-11,-7,6,2,2,5,3,20,3,20,3,20,3,20,19,6
3,-12,-6,-11,-4,-6,2,2,7,5,28,1,28,1,28,1,28,83,27
3,-12,-6,-11,-3,-10,2,5,6,1,4,1,12,1,4,1,12,35,11
3,-12,-6,-10,-9,16,0,1,6,1,12,1,12,1,4,1,12,23,17
3,-12,-6,-10,-8,12,2,2,5,3,20,3,20,3,20,3,20,19,6
3,-12,-6,-10,-7,8,0,1,3,1,12,1,12,1,12,1,12,29,11
3,-12,-6,-10,-6,4,1,3,6,1,12,1,12,1,4,1,12,29,11
3,-12,-6,-10,-4,-4,1,0,3,1,12,1,12,1,12,1,12,29,11
3,-12,-6,-10,-3,-8,1,4,5,3,20,3,20,3,20,3,20,19,6
3,-12,-6,-9,-10,22,0,1,6,1,12,1,12,1,12,1,4,23,23
3,-12,-6,-9,-8,14,1,0,5,3,20,3,20,3,20,3,20,13,9
3,-12,-6,-9,-7,10,3,2,6,1,4,1,12,1,12,1,4,23,11
3,-12,-6,-8,-9,20,1,4,5,3,20,3,20,3,20,3,20,19,9
3,-12,-6,-8,-8,16,0,1,3,1,12,1,12,1,12,1,12,47,11
3,-12,-6,-8,-7,12,1,5,7,5,28,1,28,1,28,5,28,83,13
3,-12,-6,-8,-6,8,2,3,6,1,12,1,12,1,4,1,12,23,11
3,-12,-6,-8,-5,4,1,0,3,1,12,1,12,1,12,1,12,29,11
3,-12,-6,-8,-3,-4,1,1,6,1,12,1,12,1,4,1,12,29,11
3,-12,-6,-7,-7,14,0,1,3,1,12,1,12,1,12,1,12,41,11
3,-12,-6,-7,-6,10,2,4,5,3,20,3,20,3,20,3,20,13,6
3,-12,-6,-7,-5,6,2,2,5,3,20,3,20,3,20,3,20,19,6
3,-12,-6,-6,-8,20,0,1,6,1,12,1,12,1,12,1,4,23,23
3,-12,-6,-6,-5,8,1,4,6,1,4,1,12,1,12,1,4,23,11
3,-12,-6,-6,-4,4,1,2,6,1,12,1,12,1,12,1,4,11,11
3,-12,-6,-5,-7,18,2,2,5,3,20,3,20,3,20,3,20,19,9
3,-12,-6,-5,-6,14,0,1,6,1,4,1,12,1,4,1,12,23,11
3,-12,-6,-5,-5,10,0,1,3,1,12,1,12,1,12,1,12,29,11
3,-12,-6,-5,-4,6,0,2,7,5,28,1,28,5,28,1,28,83,27
3,-12,-6,-4,-8,24,2,3,5,3,20,3,20,3,20,3,20,19,13
3,-12,-6,-4,-6,16,0,1,6,1,12,1,12,1,4,1,12,23,11
3,-12,-6,-4,-5,12,0,2,7,1,28,1,28,5,28,1,28,83,27
3,-12,-6,-4,-4,8,0,1,3,1,12,1,12,1,12,1,12,29,11
3,-12,-6,-4,-3,4,2,1,5,3,20,3,20,3,20,3,20,16,6
3,-12,-6,-4,4,-24,1,3,7,5,28,5,28,1,28,1,28,16,27
3,-12,-5,-12,-4,-4,1,2,5,3,20,3,20,3,20,3,20,13,9
3,-12,-5,-9,-9,21,0,1,5,3,20,3,20,3,20,3,20,9,13
3,-12,-4,-12,-3,-4,1,2,6,1,4,1,12,1,4,1,4,23,5
3,-12,-4,-9,-8,20,0,1,6,1,12,1,12,1,12,1,4,23,23
3,-12,-4,-9,-6,12,1,3,5,3,20,3,20,3,20,3,20,13,9
3,-12,-4,-6,-6,16,1,3,6,1,12,1,12,1,12,1,4,23,23
3,-12,-3,-11,-5,9,1,4,6,1,12,1,4,1,4,1,4,17,11
3,-12,-3,-10,-4,6,1,4,6,1,12,1,4,1,4,1,4,11,11
3,-12,-3,-8,-4,8,1,1,3,1,12,1,12,1,12,1,12,23,11
3,-12,-3,-7,-3,5,2,1,6,1,4,1,12,1,4,1,12,35,5
3,-11,-11,-10,-7,-11,1,2,3,1,12,1,12,1,12,1,12,65,5
3,-11,-10,-10,-8,-4,1,1,3,1,12,1,12,1,12,1,12,17,17
3,-11,-10,-9,-9,3,1,1,7,5,28,1,28,5,28,1,28,41,41
3,-11,-10,-5,-7,9,1,0,3,1,12,1,12,1,12,1,12,17,23
3,-11,-9,-10,-6,-8,1,1,6,1,12,1,12,1,4,1,4,11,17
3,-11,-9,-9,-9,6,1,3,6,1,4,1,4,1,4,1,12,17,5
3,-11,-9,-9,-6,-5,1,1,5,3,20,3,20,3,20,3,20,13,9
3,-11,-9,-7,-3,-10,1,1,6,1,12,1,12,1,4,1,4,17,17
3,-11,-9,-6,-6,4,1,3,6,1,12,1,4,1,4,1,12,17,11
3,-11,-9,-5,-6,7,1,3,7,1,28,5,28,1,28,5,28,41,27
3,-11,-8,-10,-10,10,1,2,3,1,12,1,12,1,12,1,12,59,5
3,-11,-8,-10,-4,-12,1,0,3,1,12,1,12,1,12,1,12,35,11
3,-11,-8,-9,-9,9,0,2,7,5,28,1,28,5,28,5,28,83,13
3,-11,-8,-5,-5,5,1,2,3,1,12,1,12,1,12,1,12,35,5
3,-11,-7,-10,-8,6,1,0,3,1,12,1,12,1,12,1,12,23,11
3,-11,-7,-10,-5,-5,0,1,3,1,12,1,12,1,12,1,12,29,11
3,-11,-7,-9,-3,-10,1,0,3,1,12,1,12,1,12,1,12,35,11
3,-11,-7,-7,-8,13,0,1,3,1,12,1,12,1,12,1,12,29,17
3,-11,-7,-6,-6,8,1,0,3,1,12,1,12,1,12,1,12,23,11
3,-11,-7,-5,-4,3,0,1,3,1,12,1,12,1,12,1,12,29,11
3,-11,-7,-4,-5,9,0,1,3,1,12,1,12,1,12,1,12,29,11
3,-11,-6,-9,-9,15,2,4,5,3,20,3,20,3,20,3,20,13,9
3,-11,-6,-9,-3,-7,2,4,5,3,20,3,20,3,20,3,20,16,6
3,-11,-5,-10,-7,9,0,1,3,1,12,1,12,1,12,1,12,29,11
3,-11,-5,-9,-6,7,0,1,3,1,12,1,12,1,12,1,12,29,11
3,-11,-5,-9,-3,-4,1,0,3,1,12,1,12,1,12,1,12,23,11
3,-11,-5,-6,-6,12,0,3,7,5,28,1,28,5,28,1,28,55,27
3,-11,-5,-4,-4,8,1,1,3,1,12,1,12,1,12,1,12,23,11
3,-11,-4,-10,-8,16,1,0,3,1,12,1,12,1,12,1,12,35,11
3,-11,-3,-7,-3,4,3,1,6,1,12,1,12,1,4,1,4,29,5
3,-10,-10,-9,-6,-10,0,1,3,1,12,1,12,1,12,1,12,59,5
3,-10,-9,-9,-9,3,1,1,6,1,4,1,12,1,4,1,12,17,17
3,-10,-9,-8,-6,-4,1,1,6,1,12,1,12,1,4,1,12,17,17
3,-10,-9,-4,-6,8,1,1,6,1,12,1,12,1,4,1,12,17,17
3,-10,-8,-9,-9,6,1,2,5,3,20,3,20,3,20,3,20,9,9
3,-10,-8,-9,-6,-4,1,0,3,1,12,1,12,1,12,1,12,17,11
3,-10,-8,-8,-10,12,0,1,3,1,12,1,12,1,12,1,12,23,23
3,-10,-8,-8,-4,-8,0,1,3,1,12,1,12,1,12,1,12,23,11
3,-10,-8,-6,-9,14,0,1,3,1,12,1,12,1,12,1,12,23,23
3,-10,-8,-6,-6,4,1,0,3,1,12,1,12,1,12,1,12,17,11
3,-10,-8,-4,-5,6,0,1,3,1,12,1,12,1,12,1,12,23,11
3,-10,-7,-9,-9,9,0,2,5,3,20,3,20,3,20,3,20,29,3
3,-10,-7,-8,-8,8,1,1,3,1,12,1,12,1,12,1,12,47,5
3,-10,-7,-6,-6,6,0,2,5,3,20,3,20,3,20,3,20,19,3
3,-10,-7,-4,-4,4,1,1,3,1,12,1,12,1,12,1,12,35,5
3,-10,-6,-9,-9,12,1,1,6,1,4,1,12,1,4,1,12,23,11
3,-10,-6,-9,-3,-8,1,1,7,1,28,1,28,5,28,5,28,55,27
3,-10,-6,-8,-9,14,1,1,6,1,12,1,12,1,4,1,12,23,17
3,-10,-6,-8,-6,4,1,5,6,1,12,1,12,1,4,1,4,11,11
3,-10,-6,-8,-3,-6,1,1,6,1,12,1,12,1,4,1,12,29,11
3,-10,-6,-6,-6,8,0,1,6,1,12,1,12,1,4,1,12,23,11
3,-10,-5,-9,-9,15,1,5,7,5,28,5,28,1,28,5,28,27,13
3,-10,-5,-9,-3,-5,1,1,3,1,12,1,12,1,12,1,12,29,11
3,-10,-5,-6,-6,10,0,1,3,1,12,1,12,1,12,1,12,29,11
3,-10,-5,-4,4,-20,1,2,3,1,12,1,12,1,12,1,12,29,23
3,-10,-4,-9,-9,18,1,2,7,5,28,1,28,5,28,1,28,55,27
3,-10,-4,-9,-6,8,1,0,3,1,12,1,12,1,12,1,12,29,11
3,-10,-4,-8,-8,16,0,1,3,1,12,1,12,1,12,1,12,47,11
3,-10,-4,-8,-5,6,0,1,3,1,12,1,12,1,12,1,12,23,11
3,-10,-4,-8,4,-24,1,0,3,1,12,1,12,1,12,1,12,23,23
3,-10,-4,-6,-6,12,1,2,7,1,28,1,28,5,28,1,28,83,27
3,-9,-9,-9,-8,-3,1,4,5,3,20,3,20,3,20,3,20,9,9
3,-9,-9,-9,-7,-6,1,3,6,1,4,1,4,1,12,1,4,17,5
3,-9,-9,-9,-5,-12,2,3,6,1,4,1,4,1,12,1,4,11,5
3,-9,-9,-8,-7,-3,1,2,7,5,28,5,28,1,28,5,28,41,13
3,-9,-9,-8,-6,-6,1,1,6,1,12,1,4,1,4,1,12,17,11
3,-9,-9,-8,-5,-9,0,2,5,3,20,3,20,3,20,3,20,29,3
3,-9,-9,-8,-4,-12,2,3,5,3,20,3,20,3,20,3,20,13,9
3,-9,-9,-7,-6,-3,1,1,5,3,20,3,20,3,20,3,20,9,9
3,-9,-9,-7,-5,-6,1,3,5,3,20,3,20,3,20,3,20,9,9
3,-9,-9,-7,-4,-9,2,2,7,5,28,5,28,1,28,5,28,25,13
3,-9,-9,-6,-5,-3,1,1,6,1,4,1,4,1,12,1,4,17,5
3,-9,-9,-6,-4,-6,2,1,6,1,12,1,4,1,12,1,4,11,11
3,-9,-9,-5,-4,-3,1,5,7,5,28,5,28,1,28,5,28,27,13
3,-9,-9,-5,-3,-6,1,1,5,3,20,3,20,3,20,3,20,9,9
3,-9,-9,-4,-3,-3,1,1,5,3,20,3,20,3,20,3,20,9,9
3,-9,-9,-4,4,-24,1,2,8,1,4,1,8,1,4,1,8,11,11
3,-9,-8,-6,-4,-4,2,1,6,1,12,1,12,1,12,1,4,11,17
3,-9,-8,-3,-5,7,1,1,5,3,20,3,20,3,20,3,20,9,9
3,-9,-7,-9,-5,-6,1,1,6,1,12,1,12,1,4,1,4,17,5
3,-9,-7,-6,-8,10,0,1,5,3,20,3,20,3,20,3,20,9,9
3,-9,-7,-6,-6,4,2,3,6,1,12,1,4,1,12,1,4,11,11
3,-9,-7,-6,-3,-5,1,1,5,3,20,3,20,3,20,3,20,9,9
3,-9,-7,-3,-4,5,2,3,6,1,12,1,4,1,12,1,4,11,5
3,-9,-6,-8,-8,8,0,1,3,1,12,1,12,1,12,1,12,47,5
3,-9,-6,-8,-4,-4,0,1,3,1,12,1,12,1,12,1,12,23,11
3,-9,-6,-7,-7,7,0,1,3,1,12,1,12,1,12,1,12,41,5
3,-9,-6,-7,-3,-5,1,1,6,1,12,1,4,1,4,1,4,17,5
3,-9,-6,-6,-8,12,1,4,5,3,20,3,20,3,20,3,20,13,9
3,-9,-6,-5,-7,11,0,1,3,1,12,1,12,1,12,1,12,23,17
3,-9,-6,-5,-5,5,0,1,3,1,12,1,12,1,12,1,12,29,5
3,-9,-6,-4,-6,10,0,1,5,3,20,3,20,3,20,3,20,9,6
3,-9,-6,-4,-4,4,0,1,3,1,12,1,12,1,12,1,12,29,5
3,-9,-5,-9,-3,-6,3,1,6,1,4,1,4,1,12,1,4,5,5
3,-9,-5,-6,-7,11,3,4,7,5,28,1,28,1,28,1,28,41,41
3,-9,-5,-6,-6,8,2,3,6,1,12,1,4,1,12,1,4,11,11
3,-9,-4,-6,-8,16,0,1,6,1,12,1,12,1,12,1,4,23,17
3,-9,-4,-6,-6,10,0,1,5,3,20,3,20,3,20,3,20,9,9
3,-9,-3,-8,-5,7,0,1,3,1,12,1,12,1,12,1,12,23,11
3,-9,-3,-8,-4,4,1,1,3,1,12,1,12,1,12,1,12,23,11
3,-9,-3,-7,-4,5,1,0,3,1,12,1,12,1,12,1,12,23,11
3,-9,-3,-6,-4,6,1,3,6,1,12,1,4,1,12,1,4,11,11
3,-9,-3,-5,-3,4,2,1,5,3,20,3,20,3,20,3,20,16,3
3,-8,-8,-7,-4,-8,1,1,3,1,12,1,12,1,12,1,12,47,5
3,-8,-7,-7,-5,-3,1,0,3,1,12,1,12,1,12,1,12,17,11
3,-8,-7,-4,-8,12,0,1,3,1,12,1,12,1,12,1,12,23,17
3,-8,-7,-4,4,-20,1,0,3,1,12,1,12,1,12,1,12,29,23
3,-8,-6,-7,-3,-6,1,1,6,1,12,1,12,1,4,1,4,17,11
3,-8,-6,-6,-6,4,1,3,6,1,12,1,12,1,4,1,12,17,11
3,-8,-6,-6,-3,-4,1,1,5,3,20,3,20,3,20,3,20,13,6
3,-8,-6,-4,-6,8,0,1,5,3,20,3,20,3,20,3,20,9,6
3,-8,-5,-7,-7,7,0,1,3,1,12,1,12,1,12,1,12,41,5
3,-8,-5,-6,-6,6,0,2,5,3,20,3,20,3,20,3,20,19,3
3,-8,-5,-4,-4,4,0,1,3,1,12,1,12,1,12,1,12,23,5
3,-8,-4,-7,-5,4,1,1,3,1,12,1,12,1,12,1,12,23,11
3,-8,-4,-6,-6,8,0,1,3,1,12,1,12,1,12,1,12,23,11
3,-8,-4,-4,-8,16,1,2,3,1,12,1,12,1,12,1,12,23,23
3,-8,-4,-4,-5,8,0,1,3,1,12,1,12,1,12,1,12,23,11
3,-8,-4,-4,4,-16,1,2,3,1,12,1,12,1,12,1,12,23,23
3,-7,-7,-6,-3,-7,1,1,3,1,12,1,12,1,12,1,12,41,5
3,-7,-6,-5,-3,-3,1,1,5,3,20,3,20,3,20,3,20,9,6
3,-7,-5,-6,-6,4,1,0,3,1,12,1,12,1,12,1,12,17,11
3,-7,-5,-5,-7,8,1,1,3,1,12,1,12,1,12,1,12,17,17
3,-7,-4,-6,-6,6,2,3,7,5,28,5,28,1,28,5,28,16,13
3,-7,-4,-5,-5,5,1,2,3,1,12,1,12,1,12,1,12,29,5
3,-6,-6,-6,-4,-4,2,1,6,1,12,1,12,1,12,1,4,11,11
3,-6,-6,-5,-3,-4,1,1,5,3,20,3,20,3,20,3,20,9,6
3,-6,-6,-4,4,-16,0,1,3,1,12,1,12,1,12,1,12,23,23
3,-6,-4,-6,4,-16,2,3,6,1,12,1,12,1,12,1,4,23,11
3,-6,-3,-5,-5,5,1,1,3,1,12,1,12,1,12,1,12,29,5
3,-6,-3,-4,-4,4,1,1,3,1,12,1,12,1,12,1,12,23,5
3,-5,-4,-4,4,-12,0,1,3,1,12,1,12,1,12,1,12,23,17
4,-28,-24,-17,-14,-4,1,1,3,1,12,1,12,1,12,1,12,23,23
4,-28,-24,-11,-10,4,0,1,3,1,12,1,12,1,12,1,12,23,23
4,-28,-16,-24,-15,9,1,3,5,3,20,3,20,3,20,3,20,16,13
4,-28,-16,-24,-13,-5,1,0,3,1,12,1,12,1,12,1,12,29,23
4,-28,-16,-18,-11,5,1,0,3,1,12,1,12,1,12,1,12,65,11
4,-28,-16,-18,-9,-9,2,3,6,1,4,1,12,1,12,1,12,71,11
4,-28,-16,-17,-8,-12,1,2,3,1,12,1,12,1,12,1,12,41,23
4,-28,-16,-11,-8,12,1,2,3,1,12,1,12,1,12,1,12,35,23
4,-28,-16,-10,-7,9,1,0,3,1,12,1,12,1,12,1,12,71,11
4,-28,-16,-10,-5,-5,2,3,6,1,4,1,12,1,12,1,12,71,11
4,-28,-9,-24,-6,-12,1,6,8,1,4,1,4,1,8,1,4,11,7
4,-28,-8,-24,-9,15,2,3,6,1,4,1,12,1,12,1,12,35,23
4,-28,-8,-24,-5,-13,1,0,3,1,12,1,12,1,12,1,12,41,23
4,-28,-8,-18,-7,13,0,1,3,1,12,1,12,1,12,1,12,47,17
4,-28,-8,-17,-6,8,0,1,3,1,12,1,12,1,12,1,12,29,23
4,-28,-8,-17,-4,-6,1,2,3,1,12,1,12,1,12,1,12,71,11
4,-28,-8,-11,-6,20,0,1,3,1,12,1,12,1,12,1,12,29,23
4,-28,-8,-11,-4,6,1,2,3,1,12,1,12,1,12,1,12,65,11
4,-28,-8,-10,-5,15,1,1,3,1,12,1,12,1,12,1,12,35,17
4,-28,-5,-24,-6,12,3,2,8,1,4,1,4,1,8,1,4,11,7
4,-25,-20,-22,-16,-10,2,1,6,1,12,1,12,1,12,1,4,23,29
4,-25,-12,-22,-8,-16,1,1,3,1,12,1,12,1,12,1,12,47,17
4,-25,-8,-22,-8,6,0,1,3,1,12,1,12,1,12,1,12,59,11
4,-25,-6,-22,-4,-8,0,1,3,1,12,1,12,1,12,1,12,41,17
4,-24,-20,-21,-16,-9,0,1,3,1,12,1,12,1,12,1,12,29,29
4,-24,-20,-15,-14,9,0,1,3,1,12,1,12,1,12,1,12,23,17
4,-24,-20,-14,-13,8,0,1,3,1,12,1,12,1,12,1,12,23,23
4,-24,-20,-14,-11,-4,1,0,3,1,12,1,12,1,12,1,12,23,23
4,-24,-20,-10,-9,4,0,1,3,1,12,1,12,1,12,1,12,23,23
4,-24,-20,-10,-7,-8,1,0,3,1,12,1,12,1,12,1,12,23,23
4,-24,-20,-9,-6,-9,0,1,6,1,4,1,12,1,12,1,12,23,17
4,-24,-15,-20,-14,9,1,3,5,3,20,3,20,3,20,3,20,13,13
4,-24,-13,-20,-10,-5,1,2,3,1,12,1,12,1,12,1,12,35,23
4,-24,-12,-21,-12,9,1,2,6,1,4,1,4,1,12,1,4,23,5
4,-24,-12,-21,-8,-15,1,3,5,3,20,3,20,3,20,3,20,26,9
4,-24,-12,-20,-11,6,2,2,5,3,20,3,20,3,20,3,20,19,13
4,-24,-12,-20,-9,-6,2,3,5,3,20,3,20,3,20,3,20,19,13
4,-24,-12,-16,-9,6,1,4,7,5,28,5,28,1,28,5,28,16,27
4,-24,-12,-16,-7,-6,3,6,8,1,8,1,4,1,4,1,4,15,7
4,-24,-12,-15,-10,15,2,3,6,1,4,1,4,1,12,1,4,11,11
4,-24,-12,-15,-6,-9,1,0,5,3,20,3,20,3,20,3,20,16,9
4,-24,-12,-14,-9,12,3,5,7,1,28,5,28,1,28,5,28,83,13
4,-24,-12,-14,-5,-12,2,4,5,3,20,3,20,3,20,3,20,39,6
4,-24,-12,-10,-7,12,3,5,7,1,28,5,28,1,28,5,28,55,13
4,-24,-12,-9,-6,9,2,3,6,1,4,1,4,1,12,1,4,11,11
4,-24,-12,-8,-5,6,1,4,7,1,28,5,28,1,28,5,28,27,27
4,-24,-9,-20,-10,15,3,2,6,1,12,1,4,1,12,1,12,29,23
4,-24,-6,-20,-7,12,1,3,7,5,28,5,28,1,28,5,28,16,13
4,-24,-4,-21,-6,15,1,1,6,1,4,1,4,1,12,1,4,13,5
4,-24,-4,-20,-5,10,1,1,3,1,12,1,12,1,12,1,12,29,23
4,-24,-4,-16,-5,14,1,0,3,1,12,1,12,1,12,1,12,35,23
4,-24,-4,-15,-4,9,0,1,3,1,12,1,12,1,12,1,12,77,5
4,-22,-20,-14,-14,7,1,3,6,1,4,1,12,1,12,1,12,53,11
4,-22,-20,-8,-6,-7,1,0,3,1,12,1,12,1,12,1,12,53,11
4,-22,-17,-20,-14,-8,2,1,5,3,20,3,20,3,20,3,20,19,9
4,-22,-16,-19,-12,-10,1,1,3,1,12,1,12,1,12,1,12,35,23
4,-22,-12,-14,-10,13,0,1,3,1,12,1,12,1,12,1,12,29,23
4,-22,-12,-14,-6,-9,0,1,3,1,12,1,12,1,12,1,12,29,23
4,-22,-12,-8,-6,9,0,1,3,1,12,1,12,1,12,1,12,29,23
4,-22,-9,-20,-6,-12,1,0,3,1,12,1,12,1,12,1,12,47,11
4,-22,-8,-19,-8,6,1,2,3,1,12,1,12,1,12,1,12,53,11
4,-22,-8,-19,-4,-16,1,1,6,1,4,1,12,1,12,1,12,65,11
4,-22,-8,-14,-6,5,1,1,3,1,12,1,12,1,12,1,12,23,23
4,-22,-8,-8,-6,17,1,2,3,1,12,1,12,1,12,1,12,23,23
4,-22,-5,-20,-6,8,1,2,3,1,12,1,12,1,12,1,12,35,17
4,-22,-4,-19,-6,14,1,2,3,1,12,1,12,1,12,1,12,35,17
4,-21,-16,-18,-12,-9,2,1,6,1,4,1,4,1,12,1,4,23,7
4,-21,-12,-18,-12,9,1,2,5,3,20,3,20,3,20,3,20,19,9
4,-21,-8,-18,-4,-15,0,1,3,1,12,1,12,1,12,1,12,59,11
4,-21,-6,-18,-8,15,1,4,6,1,12,1,4,1,12,1,12,29,23
4,-20,-19,-16,-18,14,1,0,3,1,12,1,12,1,12,1,12,29,23
4,-20,-18,-14,-10,-13,1,0,3,1,12,1,12,1,12,1,12,47,11
4,-20,-18,-6,-8,13,1,0,3,1,12,1,12,1,12,1,12,53,11
4,-20,-17,-8,-6,-4,1,2,3,1,12,1,12,1,12,1,12,29,23
4,-20,-16,-18,-13,-7,1,1,3,1,12,1,12,1,12,1,12,35,17
4,-20,-16,-17,-12,-8,1,1,3,1,12,1,12,1,12,1,12,29,23
4,-20,-16,-16,-15,11,1,2,3,1,12,1,12,1,12,1,12,29,23
4,-20,-16,-14,-9,-11,0,1,3,1,12,1,12,1,12,1,12,29,17
4,-20,-16,-13,-12,8,1,2,3,1,12,1,12,1,12,1,12,29,23
4,-20,-16,-13,-8,-12,1,1,3,1,12,1,12,1,12,1,12,29,23
4,-20,-16,-12,-11,7,1,2,3,1,12,1,12,1,12,1,12,29,23
4,-20,-16,-11,-10,6,0,1,3,1,12,1,12,1,12,1,12,23,17
4,-20,-16,-11,-8,-4,2,3,5,3,20,3,20,3,20,3,20,16,13
4,-20,-16,-9,-8,4,1,2,3,1,12,1,12,1,12,1,12,29,23
4,-20,-16,-9,-6,-6,1,1,6,1,4,1,12,1,12,1,12,35,17
4,-20,-16,-8,-5,-7,1,1,6,1,4,1,12,1,12,1,12,29,23
4,-20,-16,-7,-8,12,0,1,3,1,12,1,12,1,12,1,12,23,23
4,-20,-16,-7,-4,-8,2,3,5,3,20,3,20,3,20,3,20,16,13
4,-20,-16,-6,-7,11,0,1,3,1,12,1,12,1,12,1,12,23,17
4,-20,-14,-18,-11,-8,1,0,3,1,12,1,12,1,12,1,12,35,11
4,-20,-14,-16,-13,9,1,1,3,1,12,1,12,1,12,1,12,29,23
4,-20,-14,-14,-6,-19,0,1,3,1,12,1,12,1,12,1,12,23,23
4,-20,-14,-6,-8,19,0,1,3,1,12,1,12,1,12,1,12,29,17
4,-20,-13,-16,-14,18,1,2,3,1,12,1,12,1,12,1,12,29,23
4,-20,-13,-8,-6,4,1,2,3,1,12,1,12,1,12,1,12,29,23
4,-20,-11,-16,-10,6,1,0,3,1,12,1,12,1,12,1,12,29,23
4,-20,-11,-12,-5,-8,1,0,3,1,12,1,12,1,12,1,12,29,23
4,-20,-10,-16,-11,15,1,1,3,1,12,1,12,1,12,1,12,29,23
4,-20,-10,-16,-7,-5,1,2,6,1,4,1,12,1,12,1,12,29,23
4,-20,-10,-14,-6,-5,1,1,3,1,12,1,12,1,12,1,12,29,23
4,-20,-10,-6,-8,25,1,0,3,1,12,1,12,1,12,1,12,29,29
4,-20,-10,-6,-4,5,1,2,3,1,12,1,12,1,12,1,12,29,23
4,-20,-9,-16,-6,-6,0,1,3,1,12,1,12,1,12,1,12,23,23
4,-20,-9,-12,-7,8,1,0,3,1,12,1,12,1,12,1,12,29,23
4,-20,-9,-8,-6,12,1,0,3,1,12,1,12,1,12,1,12,29,23
4,-20,-8,-18,-9,9,2,3,6,1,4,1,12,1,12,1,12,47,11
4,-20,-8,-18,-5,-11,1,0,3,1,12,1,12,1,12,1,12,41,11
4,-20,-8,-17,-8,6,0,1,3,1,12,1,12,1,12,1,12,47,11
4,-20,-8,-17,-4,-14,1,1,6,1,12,1,12,1,12,1,4,41,11
4,-20,-8,-16,-9,13,1,0,3,1,12,1,12,1,12,1,12,29,23
4,-20,-8,-16,-5,-7,0,1,6,1,4,1,12,1,12,1,12,23,23
4,-20,-8,-14,-7,7,2,3,6,1,4,1,12,1,12,1,12,47,11
4,-20,-8,-13,-8,14,1,1,6,1,4,1,12,1,12,1,12,41,11
4,-20,-8,-13,-4,-6,1,1,3,1,12,1,12,1,12,1,12,53,11
4,-20,-8,-12,-7,11,1,0,3,1,12,1,12,1,12,1,12,29,23
4,-20,-8,-11,-6,8,1,1,3,1,12,1,12,1,12,1,12,23,23
4,-20,-8,-9,-6,12,1,3,6,1,4,1,12,1,12,1,4,23,23
4,-20,-8,-8,-5,9,1,0,3,1,12,1,12,1,12,1,12,29,23
4,-20,-8,-7,-6,16,1,2,3,1,12,1,12,1,12,1,12,23,23
4,-20,-8,-7,-4,6,0,1,3,1,12,1,12,1,12,1,12,47,11
4,-20,-8,-6,-5,13,1,0,3,1,12,1,12,1,12,1,12,53,11
4,-20,-7,-16,-10,22,1,0,6,1,12,1,4,1,12,1,12,23,23
4,-20,-7,-16,-8,12,0,1,3,1,12,1,12,1,12,1,12,23,23
4,-20,-6,-18,-7,8,1,0,3,1,12,1,12,1,12,1,12,35,11
4,-20,-6,-16,-9,21,1,0,3,1,12,1,12,1,12,1,12,29,23
4,-20,-6,-14,-6,9,0,1,3,1,12,1,12,1,12,1,12,23,17
4,-20,-6,-6,-4,11,0,1,3,1,12,1,12,1,12,1,12,23,17
4,-20,-5,-16,-8,20,1,3,6,1,12,1,4,1,12,1,12,23,23
4,-20,-5,-16,-6,10,1,2,3,1,12,1,12,1,12,1,12,29,23
4,-20,-5,-8,-6,20,1,2,3,1,12,1,12,1,12,1,12,23,29
4,-19,-14,-18,-12,-6,3,2,7,1,28,1,28,5,28,5,28,83,13
4,-19,-12,-18,-8,-16,0,1,3,1,12,1,12,1,12,1,12,41,17
4,-19,-12,-16,-8,-10,1,2,3,1,12,1,12,1,12,1,12,35,17
4,-19,-8,-16,-8,6,1,2,3,1,12,1,12,1,12,1,12,47,11
4,-19,-6,-18,-4,-8,0,1,3,1,12,1,12,1,12,1,12,29,17
4,-19,-6,-16,-8,14,0,1,3,1,12,1,12,1,12,1,12,29,23
4,-18,-17,-10,-11,7,0,1,3,1,12,1,12,1,12,1,12,23,23
4,-18,-16,-17,-12,-14,0,1,3,1,12,1,12,1,12,1,12,29,23
4,-18,-16,-10,-10,5,1,1,3,1,12,1,12,1,12,1,12,47,11
4,-18,-16,-8,-6,-5,0,1,3,1,12,1,12,1,12,1,12,41,11
4,-18,-13,-16,-10,-7,1,0,3,1,12,1,12,1,12,1,12,35,11
4,-18,-12,-17,-10,-6,1,3,7,1,28,5,28,1,28,5,28,69,27
4,-18,-12,-15,-12,9,1,4,6,1,4,1,4,1,12,1,4,23,5
4,-18,-12,-15,-8,-9,3,1,6,1,4,1,4,1,12,1,4,23,5
4,-18,-12,-10,-10,15,2,3,6,1,4,1,4,1,12,1,12,23,11
4,-18,-11,-16,-8,-8,1,1,3,1,12,1,12,1,12,1,12,47,11
4,-18,-11,-10,-9,13,0,1,3,1,12,1,12,1,12,1,12,41,11
4,-18,-11,-8,-6,5,0,1,3,1,12,1,12,1,12,1,12,41,11
4,-18,-9,-16,-10,9,2,3,5,3,20,3,20,3,20,3,20,29,6
4,-18,-8,-17,-4,-16,1,2,3,1,12,1,12,1,12,1,12,53,11
4,-18,-8,-15,-10,15,1,1,3,1,12,1,12,1,12,1,12,29,17
4,-18,-8,-10,-6,7,1,0,3,1,12,1,12,1,12,1,12,23,23
4,-18,-8,-8,-6,11,1,0,3,1,12,1,12,1,12,1,12,23,23
4,-18,-7,-16,-8,8,1,2,3,1,12,1,12,1,12,1,12,47,11
4,-18,-7,-10,-5,5,1,2,3,1,12,1,12,1,12,1,12,41,11
4,-18,-7,-8,-6,13,0,1,3,1,12,1,12,1,12,1,12,47,11
4,-18,-5,-16,-8,16,1,2,3,1,12,1,12,1,12,1,12,47,11
4,-18,-5,-10,-7,19,1,0,3,1,12,1,12,1,12,1,12,41,11
4,-18,-4,-17,-6,10,0,1,3,1,12,1,12,1,12,1,12,29,17
4,-17,-16,-14,-16,12,0,1,3,1,12,1,12,1,12,1,12,23,23
4,-17,-16,-6,-8,10,0,1,3,1,12,1,12,1,12,1,12,23,23
4,-17,-14,-11,-6,-13,0,1,3,1,12,1,12,1,12,1,12,29,17
4,-17,-14,-6,-4,-4,0,1,3,1,12,1,12,1,12,1,12,29,17
4,-17,-12,-16,-8,-14,1,2,3,1,12,1,12,1,12,1,12,35,17
4,-17,-12,-14,-8,-8,1,1,3,1,12,1,12,1,12,1,12,35,17
4,-17,-12,-6,-8,16,0,1,3,1,12,1,12,1,12,1,12,29,17
4,-17,-10,-16,-8,-6,1,2,3,1,12,1,12,1,12,1,12,29,17
4,-17,-10,-14,-12,16,1,2,3,1,12,1,12,1,12,1,12,35,17
4,-17,-8,-14,-8,6,1,1,3,1,12,1,12,1,12,1,12,41,11
4,-17,-8,-11,-4,-5,0,3,7,1,28,5,28,1,28,5,28,55,13
4,-17,-8,-6,-8,22,0,1,3,1,12,1,12,1,12,1,12,41,11
4,-17,-6,-16,-8,10,1,2,3,1,12,1,12,1,12,1,12,23,23
4,-17,-6,-11,-6,9,1,1,3,1,12,1,12,1,12,1,12,23,17
4,-17,-6,-6,-4,8,1,1,3,1,12,1,12,1,12,1,12,23,17
4,-16,-16,-15,-13,-8,1,1,3,1,12,1,12,1,12,1,12,47,11
4,-16,-16,-15,-11,-16,1,1,3,1,12,1,12,1,12,1,12,95,5
4,-16,-16,-15,-9,-24,1,4,6,1,4,1,12,1,12,1,12,47,11
4,-16,-16,-13,-11,-8,1,4,6,1,4,1,12,1,12,1,12,47,11
4,-16,-16,-13,-9,-16,1,1,3,1,12,1,12,1,12,1,12,95,5
4,-16,-16,-11,-10,-4,1,5,6,1,12,1,12,1,12,1,4,23,23
4,-16,-16,-11,-9,-8,1,1,3,1,12,1,12,1,12,1,12,47,11
4,-16,-16,-11,-8,-12,1,2,3,1,12,1,12,1,12,1,12,23,23
4,-16,-16,-11,-6,-20,0,1,3,1,12,1,12,1,12,1,12,23,23
4,-16,-16,-10,-9,-4,1,0,3,1,12,1,12,1,12,1,12,23,23
4,-16,-16,-10,-7,-12,1,0,3,1,12,1,12,1,12,1,12,23,23
4,-16,-16,-10,-5,-20,1,3,6,1,4,1,12,1,12,1,12,23,23
4,-16,-16,-9,-8,-4,1,2,3,1,12,1,12,1,12,1,12,23,23
4,-16,-16,-9,-6,-12,2,3,6,1,4,1,12,1,12,1,4,23,23
4,-16,-16,-8,-7,-4,1,2,6,1,12,1,12,1,4,1,12,23,23
4,-16,-16,-8,-5,-12,1,1,3,1,12,1,12,1,12,1,12,23,23
4,-16,-16,-7,-6,-4,1,0,3,1,12,1,12,1,12,1,12,23,23
4,-16,-16,-7,-5,-8,3,2,6,1,4,1,12,1,12,1,12,47,11
4,-16,-16,-6,-5,-4,1,0,3,1,12,1,12,1,12,1,12,23,23
4,-16,-15,-12,-14,11,0,1,3,1,12,1,12,1,12,1,12,23,23
4,-16,-15,-8,-9,6,0,1,3,1,12,1,12,1,12,1,12,23,23
4,-16,-14,-16,-11,-12,1,1,3,1,12,1,12,1,12,1,12,23,23
4,-16,-14,-12,-15,18,0,1,6,1,4,1,12,1,12,1,12,23,23
4,-16,-14,-10,-10,5,1,3,6,1,4,1,12,1,12,1,12,41,11
4,-16,-14,-10,-6,-11,1,0,3,1,12,1,12,1,12,1,12,35,11
4,-16,-14,-6,-8,11,1,0,3,1,12,1,12,1,12,1,12,41,11
4,-16,-14,-6,-4,-5,1,0,3,1,12,1,12,1,12,1,12,35,11
4,-16,-13,-12,-12,9,1,3,5,3,20,3,20,3,20,3,20,13,13
4,-16,-12,-15,-10,-5,0,1,3,1,12,1,12,1,12,1,12,29,17
4,-16,-12,-15,-8,-13,1,1,3,1,12,1,12,1,12,1,12,35,17
4,-16,-12,-14,-9,-6,0,1,3,1,12,1,12,1,12,1,12,29,11
4,-16,-12,-13,-12,9,0,1,3,1,12,1,12,1,12,1,12,29,17
4,-16,-12,-13,-8,-7,1,1,3,1,12,1,12,1,12,1,12,29,17
4,-16,-12,-12,-11,8,1,1,3,1,12,1,12,1,12,1,12,23,23
4,-16,-12,-12,-7,-8,1,1,3,1,12,1,12,1,12,1,12,23,23
4,-16,-12,-11,-10,7,1,2,3,1,12,1,12,1,12,1,12,29,17
4,-16,-12,-11,-6,-9,0,1,3,1,12,1,12,1,12,1,12,29,17
4,-16,-12,-10,-9,6,0,1,3,1,12,1,12,1,12,1,12,23,11
4,-16,-12,-10,-5,-10,0,1,3,1,12,1,12,1,12,1,12,29,11
4,-16,-12,-9,-10,13,0,1,3,1,12,1,12,1,12,1,12,29,17
4,-16,-12,-9,-8,5,0,1,3,1,12,1,12,1,12,1,12,29,17
4,-16,-12,-8,-9,12,1,1,3,1,12,1,12,1,12,1,12,23,23
4,-16,-12,-8,-7,4,1,2,3,1,12,1,12,1,12,1,12,23,23
4,-16,-12,-8,-5,-4,1,2,3,1,12,1,12,1,12,1,12,23,23
4,-16,-12,-7,-4,-5,0,1,3,1,12,1,12,1,12,1,12,29,17
4,-16,-12,-6,-7,10,0,1,3,1,12,1,12,1,12,1,12,23,11
4,-16,-12,-5,-6,9,0,1,3,1,12,1,12,1,12,1,12,29,17
4,-16,-12,-4,-5,8,1,2,3,1,12,1,12,1,12,1,12,23,23
4,-16,-11,-16,-8,-12,1,2,3,1,12,1,12,1,12,1,12,23,23
4,-16,-11,-12,-12,15,3,2,6,1,4,1,12,1,4,1,12,23,23
4,-16,-10,-14,-11,9,1,0,3,1,12,1,12,1,12,1,12,35,11
4,-16,-10,-14,-7,-7,0,1,5,3,20,3,20,3,20,3,20,23,6
4,-16,-10,-12,-13,22,1,1,3,1,12,1,12,1,12,1,12,23,23
4,-16,-10,-12,-9,6,1,3,5,3,20,3,20,3,20,3,20,13,13
4,-16,-10,-6,-8,17,1,1,3,1,12,1,12,1,12,1,12,29,17
4,-16,-9,-16,-6,-12,1,0,3,1,12,1,12,1,12,1,12,23,23
4,-16,-9,-12,-12,21,0,1,6,1,4,1,4,1,4,1,12,23,7
4,-16,-9,-12,-10,13,1,1,3,1,12,1,12,1,12,1,12,23,23
4,-16,-9,-8,-7,10,1,1,3,1,12,1,12,1,12,1,12,23,23
4,-16,-9,-8,-6,6,0,1,3,1,12,1,12,1,12,1,12,23,23
4,-16,-8,-16,-5,-12,1,2,3,1,12,1,12,1,12,1,12,23,23
4,-16,-8,-15,-12,18,2,5,6,1,4,1,12,1,12,1,12,35,11
4,-16,-8,-15,-10,10,1,1,3,1,12,1,12,1,12,1,12,29,17
4,-16,-8,-15,-9,6,2,2,5,3,20,3,20,3,20,3,20,13,9
4,-16,-8,-15,-6,-6,1,0,5,3,20,3,20,3,20,3,20,13,9
4,-16,-8,-15,-5,-10,0,1,3,1,12,1,12,1,12,1,12,29,17
4,-16,-8,-15,-4,-14,1,1,3,1,12,1,12,1,12,1,12,47,11
4,-16,-8,-14,-11,16,1,5,6,1,4,1,12,1,12,1,12,47,11
4,-16,-8,-14,-9,8,1,2,3,1,12,1,12,1,12,1,12,47,11
4,-16,-8,-14,-5,-8,2,4,5,3,20,3,20,3,20,3,20,26,6
4,-16,-8,-13,-12,22,1,2,3,1,12,1,12,1,12,1,12,35,17
4,-16,-8,-13,-10,14,1,3,6,1,12,1,12,1,12,1,4,29,11
4,-16,-8,-13,-9,10,1,0,3,1,12,1,12,1,12,1,12,41,11
4,-16,-8,-13,-8,6,1,2,3,1,12,1,12,1,12,1,12,35,11
4,-16,-8,-13,-5,-6,1,0,3,1,12,1,12,1,12,1,12,35,11
4,-16,-8,-13,-4,-10,1,5,6,1,12,1,12,1,12,1,4,29,11
4,-16,-8,-12,-11,20,1,1,3,1,12,1,12,1,12,1,12,29,23
4,-16,-8,-12,-9,12,2,2,5,3,20,3,20,3,20,3,20,13,13
4,-16,-8,-11,-9,14,1,0,3,1,12,1,12,1,12,1,12,23,23
4,-16,-8,-11,-8,10,0,2,5,3,20,3,20,3,20,3,20,19,6
4,-16,-8,-11,-7,6,1,0,3,1,12,1,12,1,12,1,12,41,11
4,-16,-8,-11,-4,-6,0,1,3,1,12,1,12,1,12,1,12,41,11
4,-16,-8,-10,-7,8,0,1,6,1,12,1,12,1,4,1,12,47,11
4,-16,-8,-9,-9,18,2,3,6,1,4,1,12,1,12,1,12,35,11
4,-16,-8,-9,-8,14,1,1,3,1,12,1,12,1,12,1,12,35,11
4,-16,-8,-9,-7,10,0,1,3,1,12,1,12,1,12,1,12,23,17
4,-16,-8,-9,-6,6,1,3,6,1,4,1,12,1,12,1,4,23,11
4,-16,-8,-8,-7,12,1,1,3,1,12,1,12,1,12,1,12,23,23
4,-16,-8,-8,-5,4,1,2,6,1,12,1,12,1,4,1,12,23,23
4,-16,-8,-7,-8,18,1,2,3,1,12,1,12,1,12,1,12,35,11
4,-16,-8,-7,-6,10,1,1,3,1,12,1,12,1,12,1,12,23,17
4,-16,-8,-7,-5,6,0,1,3,1,12,1,12,1,12,1,12,23,17
4,-16,-8,-6,-7,16,1,1,3,1,12,1,12,1,12,1,12,47,11
4,-16,-8,-6,-5,8,1,1,3,1,12,1,12,1,12,1,12,47,11
4,-16,-8,-5,-8,22,1,4,6,1,12,1,12,1,12,1,4,35,11
4,-16,-8,-5,-6,14,1,1,3,1,12,1,12,1,12,1,12,23,17
4,-16,-8,-5,-5,10,2,3,6,1,4,1,12,1,12,1,12,35,11
4,-16,-8,-5,-4,6,1,1,3,1,12,1,12,1,12,1,12,35,11
4,-16,-7,-12,-4,-5,1,0,3,1,12,1,12,1,12,1,12,23,23
4,-16,-6,-14,-9,15,1,0,3,1,12,1,12,1,12,1,12,47,11
4,-16,-6,-12,-7,10,1,0,3,1,12,1,12,1,12,1,12,23,23
4,-16,-6,-10,-6,9,0,1,3,1,12,1,12,1,12,1,12,23,17
4,-16,-6,-6,-4,7,0,1,3,1,12,1,12,1,12,1,12,23,17
4,-16,-5,-8,-6,14,1,1,3,1,12,1,12,1,12,1,12,23,23
4,-16,-4,-15,-6,9,1,4,6,1,4,1,12,1,12,1,12,29,11
4,-16,-4,-14,-5,6,1,0,3,1,12,1,12,1,12,1,12,35,11
4,-16,-4,-13,-6,11,1,1,3,1,12,1,12,1,12,1,12,29,17
4,-16,-4,-12,-5,8,1,2,3,1,12,1,12,1,12,1,12,23,23
4,-16,-4,-11,-4,5,1,1,6,1,4,1,12,1,12,1,12,53,5
4,-16,-4,-10,-5,10,2,3,6,1,4,1,12,1,12,1,12,23,11
4,-16,-4,-9,-4,7,0,1,3,1,12,1,12,1,12,1,12,47,5
4,-15,-14,-9,-10,6,1,0,3,1,12,1,12,1,12,1,12,17,23
4,-15,-14,-6,-8,9,1,0,3,1,12,1,12,1,12,1,12,17,23
4,-15,-13,-14,-10,-8,1,0,3,1,12,1,12,1,12,1,12,35,11
4,-15,-12,-12,-12,9,1,2,6,1,4,1,4,1,12,1,4,23,5
4,-15,-12,-9,-4,-12,1,2,6,1,4,1,4,1,12,1,4,23,5
4,-15,-11,-14,-6,-16,1,0,3,1,12,1,12,1,12,1,12,47,11
4,-15,-10,-14,-12,10,0,1,3,1,12,1,12,1,12,1,12,29,17
4,-15,-10,-14,-8,-5,1,1,3,1,12,1,12,1,12,1,12,29,17
4,-15,-10,-12,-12,15,2,3,6,1,4,1,4,1,12,1,4,11,11
4,-15,-10,-6,-8,15,0,1,3,1,12,1,12,1,12,1,12,29,17
4,-15,-9,-14,-10,6,1,0,5,3,20,3,20,3,20,3,20,13,9
4,-15,-8,-14,-4,-13,0,1,3,1,12,1,12,1,12,1,12,41,11
4,-15,-8,-12,-12,21,2,5,6,1,4,1,4,1,12,1,4,23,5
4,-15,-8,-12,-4,-9,0,1,3,1,12,1,12,1,12,1,12,41,11
4,-15,-8,-9,-8,12,0,1,3,1,12,1,12,1,12,1,12,29,11
4,-15,-6,-14,-8,9,1,3,5,3,20,3,20,3,20,3,20,13,9
4,-15,-6,-14,-4,-6,1,1,6,1,12,1,4,1,12,1,4,11,11
4,-15,-6,-6,-8,21,0,1,5,3,20,3,20,3,20,3,20,9,13
4,-15,-4,-9,-4,6,0,1,3,1,12,1,12,1,12,1,12,47,5
4,-14,-14,-8,-6,-7,1,2,3,1,12,1,12,1,12,1,12,41,11
4,-14,-13,-12,-14,10,1,2,3,1,12,1,12,1,12,1,12,23,23
4,-14,-13,-6,-7,5,1,2,3,1,12,1,12,1,12,1,12,23,17
4,-14,-13,-4,-6,8,1,1,3,1,12,1,12,1,12,1,12,23,17
4,-14,-12,-13,-8,-11,1,1,3,1,12,1,12,1,12,1,12,29,17
4,-14,-12,-11,-14,16,1,0,3,1,12,1,12,1,12,1,12,29,23
4,-14,-12,-10,-10,5,1,1,3,1,12,1,12,1,12,1,12,35,11
4,-14,-12,-10,-6,-9,0,1,3,1,12,1,12,1,12,1,12,29,11
4,-14,-12,-6,-10,17,1,0,3,1,12,1,12,1,12,1,12,41,11
4,-14,-12,-4,-6,9,1,0,3,1,12,1,12,1,12,1,12,35,11
4,-14,-11,-12,-12,9,1,2,6,1,4,1,12,1,4,1,12,23,11
4,-14,-11,-10,-5,-10,3,2,6,1,12,1,12,1,4,1,12,29,11
4,-14,-11,-6,-9,15,1,1,6,1,4,1,4,1,12,1,12,17,11
4,-14,-10,-13,-11,6,1,0,3,1,12,1,12,1,12,1,12,29,11
4,-14,-10,-13,-7,-8,1,0,5,3,20,3,20,3,20,3,20,13,9
4,-14,-10,-6,-8,13,1,0,3,1,12,1,12,1,12,1,12,29,11
4,-14,-9,-12,-12,15,1,2,6,1,4,1,4,1,4,1,12,23,11
4,-14,-9,-12,-10,8,0,1,3,1,12,1,12,1,12,1,12,29,11
4,-14,-9,-12,-6,-6,2,3,7,5,28,1,28,5,28,5,28,83,13
4,-14,-8,-13,-12,16,0,1,3,1,12,1,12,1,12,1,12,29,17
4,-14,-8,-13,-10,9,1,2,3,1,12,1,12,1,12,1,12,29,17
4,-14,-8,-13,-6,-5,1,1,3,1,12,1,12,1,12,1,12,23,17
4,-14,-8,-11,-12,20,1,1,3,1,12,1,12,1,12,1,12,35,17
4,-14,-8,-11,-8,6,1,2,3,1,12,1,12,1,12,1,12,35,11
4,-14,-8,-11,-4,-8,1,5,6,1,4,1,12,1,12,1,12,41,11
4,-14,-8,-8,-6,5,0,1,3,1,12,1,12,1,12,1,12,23,17
4,-14,-8,-6,-6,9,1,3,6,1,4,1,4,1,12,1,12,11,11
4,-14,-7,-12,-10,14,1,2,3,1,12,1,12,1,12,1,12,41,11
4,-14,-7,-12,-4,-7,0,1,3,1,12,1,12,1,12,1,12,41,11
4,-14,-7,-8,-6,7,1,1,3,1,12,1,12,1,12,1,12,41,11
4,-14,-7,-6,-5,7,1,1,3,1,12,1,12,1,12,1,12,41,11
4,-14,-6,-13,-9,12,1,0,3,1,12,1,12,1,12,1,12,41,11
4,-14,-6,-8,-6,9,0,1,3,1,12,1,12,1,12,1,12,23,17
4,-14,-6,-6,-8,19,1,0,3,1,12,1,12,1,12,1,12,23,23
4,-14,-6,-6,-4,5,0,1,3,1,12,1,12,1,12,1,12,23,17
4,-14,-5,-12,-6,6,2,2,5,3,20,3,20,3,20,3,20,19,6
4,-14,-5,-6,-7,17,1,0,3,1,12,1,12,1,12,1,12,41,11
4,-14,-4,-13,-6,8,1,2,3,1,12,1,12,1,12,1,12,23,17
4,-14,-4,-11,-6,10,1,2,3,1,12,1,12,1,12,1,12,23,17
4,-14,-4,-9,-4,5,1,1,3,1,12,1,12,1,12,1,12,47,5
4,-13,-12,-10,-12,9,0,1,3,1,12,1,12,1,12,1,12,23,17
4,-13,-12,-7,-8,5,0,1,3,1,12,1,12,1,12,1,12,23,17
4,-13,-12,-6,-8,8,0,1,3,1,12,1,12,1,12,1,12,23,17
4,-13,-11,-12,-12,6,2,3,5,3,20,3,20,3,20,3,20,19,6
4,-13,-11,-10,-6,-8,1,0,3,1,12,1,12,1,12,1,12,29,11
4,-13,-10,-12,-12,9,2,3,6,1,4,1,12,1,12,1,4,23,11
4,-13,-10,-10,-12,14,1,0,3,1,12,1,12,1,12,1,12,23,23
4,-13,-9,-12,-12,12,2,5,7,5,28,1,28,1,28,5,28,97,13
4,-13,-9,-10,-10,10,1,2,3,1,12,1,12,1,12,1,12,59,5
4,-13,-9,-5,-5,5,1,2,3,1,12,1,12,1,12,1,12,41,5
4,-13,-8,-12,-12,15,1,3,5,3,20,3,20,3,20,3,20,16,9
4,-13,-8,-12,-4,-11,1,2,3,1,12,1,12,1,12,1,12,35,11
4,-13,-8,-10,-8,6,1,2,3,1,12,1,12,1,12,1,12,29,11
4,-13,-8,-10,-4,-7,0,2,5,3,20,3,20,3,20,3,20,19,6
4,-13,-8,-6,-8,14,0,1,3,1,12,1,12,1,12,1,12,29,11
4,-13,-7,-12,-12,18,1,3,7,5,28,5,28,1,28,5,28,16,27
4,-13,-7,-12,-4,-8,1,2,3,1,12,1,12,1,12,1,12,23,17
4,-13,-6,-12,-4,-5,1,1,3,1,12,1,12,1,12,1,12,17,17
4,-13,-6,-10,-8,11,1,1,3,1,12,1,12,1,12,1,12,23,17
4,-13,-6,-7,-6,9,1,1,3,1,12,1,12,1,12,1,12,17,17
4,-13,-6,-6,-4,4,1,1,3,1,12,1,12,1,12,1,12,17,17
4,-13,-5,-12,-12,24,1,2,7,5,28,5,28,5,28,5,28,33,5
4,-12,-12,-12,-9,-9,1,2,5,3,20,3,20,3,20,3,20,13,9
4,-12,-12,-11,-9,-6,0,3,7,1,28,5,28,5,28,1,28,55,27
4,-12,-12,-11,-8,-9,1,2,5,3,20,3,20,3,20,3,20,13,9
4,-12,-12,-11,-7,-12,0,2,7,1,28,5,28,1,28,5,28,83,13
4,-12,-12,-11,-5,-18,2,2,5,3,20,3,20,3,20,3,20,19,9
4,-12,-12,-10,-7,-9,0,1,6,1,12,1,4,1,4,1,12,23,11
4,-12,-12,-10,-5,-15,3,2,6,1,12,1,4,1,4,1,12,29,11
4,-12,-12,-9,-7,-6,0,2,5,3,20,3,20,3,20,3,20,19,6
4,-12,-12,-9,-6,-9,2,3,6,1,4,1,4,1,12,1,4,11,11
4,-12,-12,-9,-5,-12,2,1,5,3,20,3,20,3,20,3,20,39,3
4,-12,-12,-8,-5,-9,3,2,6,1,12,1,4,1,4,1,12,23,11
4,-12,-12,-7,-5,-6,0,3,7,1,28,5,28,5,28,5,28,41,13
4,-12,-12,-7,-4,-9,1,2,5,3,20,3,20,3,20,3,20,13,9
4,-12,-11,-8,-10,8,0,1,3,1,12,1,12,1,12,1,12,23,17
4,-12,-11,-8,-9,5,0,1,3,1,12,1,12,1,12,1,12,23,17
4,-12,-11,-8,-6,-4,1,1,3,1,12,1,12,1,12,1,12,23,17
4,-12,-11,-4,-6,7,0,1,3,1,12,1,12,1,12,1,12,23,17
4,-12,-11,-4,-5,4,1,2,3,1,12,1,12,1,12,1,12,23,17
4,-12,-10,-12,-7,-9,1,1,3,1,12,1,12,1,12,1,12,23,17
4,-12,-10,-10,-11,8,1,2,3,1,12,1,12,1,12,1,12,23,17
4,-12,-10,-10,-6,-7,0,1,3,1,12,1,12,1,12,1,12,23,11
4,-12,-10,-8,-11,13,1,2,3,1,12,1,12,1,12,1,12,23,17
4,-12,-10,-6,-8,9,1,0,3,1,12,1,12,1,12,1,12,29,11
4,-12,-9,-12,-6,-9,1,4,6,1,4,1,4,1,4,1,12,23,5
4,-12,-9,-8,-10,12,1,5,6,1,12,1,4,1,12,1,12,23,11
4,-12,-9,-8,-8,6,1,3,5,3,20,3,20,3,20,3,20,13,9
4,-12,-9,-4,-5,6,1,3,5,3,20,3,20,3,20,3,20,13,9
4,-12,-8,-12,-5,-9,0,1,3,1,12,1,12,1,12,1,12,23,17
4,-12,-8,-11,-4,-10,1,2,3,1,12,1,12,1,12,1,12,35,11
4,-12,-8,-10,-9,7,1,0,3,1,12,1,12,1,12,1,12,29,11
4,-12,-8,-10,-5,-5,1,1,3,1,12,1,12,1,12,1,12,29,11
4,-12,-8,-9,-8,6,0,1,3,1,12,1,12,1,12,1,12,29,11
4,-12,-8,-9,-4,-6,1,1,3,1,12,1,12,1,12,1,12,35,11
4,-12,-8,-8,-9,11,1,1,3,1,12,1,12,1,12,1,12,23,17
4,-12,-8,-8,-7,5,1,2,3,1,12,1,12,1,12,1,12,23,17
4,-12,-8,-7,-8,10,0,1,3,1,12,1,12,1,12,1,12,23,11
4,-12,-8,-7,-6,4,0,1,3,1,12,1,12,1,12,1,12,23,17
4,-12,-8,-6,-7,9,1,0,3,1,12,1,12,1,12,1,12,29,11
4,-12,-8,-5,-6,8,0,1,3,1,12,1,12,1,12,1,12,23,17
4,-12,-8,-4,-5,7,1,2,3,1,12,1,12,1,12,1,12,23,17
4,-12,-7,-12,-4,-9,0,1,3,1,12,1,12,1,12,1,12,23,17
4,-12,-7,-8,-10,16,1,2,3,1,12,1,12,1,12,1,12,23,17
4,-12,-7,-8,-8,10,1,1,3,1,12,1,12,1,12,1,12,23,17
4,-12,-6,-10,-9,12,2,3,5,3,20,3,20,3,20,3,20,19,6
4,-12,-6,-10,-7,6,1,2,7,1,28,1,28,1,28,1,28,83,27
4,-12,-6,-8,-9,15,2,3,5,3,20,3,20,3,20,3,20,13,9
4,-12,-6,-6,-6,9,2,3,6,1,4,1,4,1,12,1,12,11,11
4,-12,-5,-8,-8,14,0,1,3,1,12,1,12,1,12,1,12,23,17
4,-12,-5,-8,-7,11,1,1,3,1,12,1,12,1,12,1,12,23,17
4,-12,-5,-8,-6,8,0,1,3,1,12,1,12,1,12,1,12,23,17
4,-12,-5,-8,6,-28,1,1,3,1,12,1,12,1,12,1,12,35,17
4,-12,-4,-11,-7,10,1,0,3,1,12,1,12,1,12,1,12,35,11
4,-12,-4,-11,-6,7,1,1,3,1,12,1,12,1,12,1,12,17,17
4,-12,-4,-10,-5,5,0,1,3,1,12,1,12,1,12,1,12,29,11
4,-12,-4,-9,-6,9,1,2,6,1,4,1,12,1,12,1,12,17,11
4,-12,-4,-9,-5,6,0,1,3,1,12,1,12,1,12,1,12,29,11
4,-12,-4,-8,-5,7,0,1,3,1,12,1,12,1,12,1,12,23,17
4,-12,-4,-7,-4,5,1,1,3,1,12,1,12,1,12,1,12,35,5
4,-11,-10,-6,-8,7,1,2,3,1,12,1,12,1,12,1,12,17,17
4,-11,-10,-6,-4,-4,1,1,3,1,12,1,12,1,12,1,12,17,17
4,-11,-10,-5,-6,4,1,2,3,1,12,1,12,1,12,1,12,17,17
4,-11,-9,-10,-6,-6,1,0,3,1,12,1,12,1,12,1,12,23,11
4,-11,-9,-6,-10,14,0,1,3,1,12,1,12,1,12,1,12,29,11
4,-11,-8,-10,-4,-9,0,1,3,1,12,1,12,1,12,1,12,29,11
4,-11,-8,-9,-4,-7,0,1,3,1,12,1,12,1,12,1,12,29,11
4,-11,-8,-8,-8,6,1,1,3,1,12,1,12,1,12,1,12,23,11
4,-11,-8,-6,-8,10,1,1,3,1,12,1,12,1,12,1,12,23,11
4,-11,-8,-5,-8,12,1,1,3,1,12,1,12,1,12,1,12,23,11
4,-11,-7,-10,-10,10,3,1,6,1,12,1,4,1,12,1,12,59,5
4,-11,-7,-6,-6,6,0,2,7,1,28,1,28,1,28,5,28,83,13
4,-11,-7,-5,-5,5,0,2,7,5,28,1,28,1,28,5,28,83,13
4,-11,-6,-10,-8,7,1,1,3,1,12,1,12,1,12,1,12,23,17
4,-11,-6,-8,-8,10,0,1,3,1,12,1,12,1,12,1,12,23,17
4,-11,-6,-6,-8,13,1,0,3,1,12,1,12,1,12,1,12,17,23
4,-11,-6,-5,-6,9,1,1,3,1,12,1,12,1,12,1,12,17,17
4,-11,-5,-5,-7,13,0,3,7,1,28,5,28,5,28,1,28,55,27
4,-11,-4,-6,-4,5,1,1,3,1,12,1,12,1,12,1,12,35,5
4,-10,-10,-8,-6,-5,1,2,3,1,12,1,12,1,12,1,12,29,11
4,-10,-10,-6,-4,-5,1,2,3,1,12,1,12,1,12,1,12,29,11
4,-10,-9,-8,-10,7,1,2,3,1,12,1,12,1,12,1,12,17,17
4,-10,-9,-6,-7,4,1,0,3,1,12,1,12,1,12,1,12,17,11
4,-10,-9,-4,-6,6,1,0,3,1,12,1,12,1,12,1,12,17,11
4,-10,-8,-9,-4,-8,1,1,3,1,12,1,12,1,12,1,12,29,11
4,-10,-8,-7,-10,11,1,5,6,1,4,1,12,1,12,1,12,17,17
4,-10,-8,-7,-8,6,0,1,3,1,12,1,12,1,12,1,12,23,11
4,-10,-8,-4,-6,7,1,0,3,1,12,1,12,1,12,1,12,23,11
4,-10,-7,-8,-8,6,1,0,3,1,12,1,12,1,12,1,12,23,11
4,-10,-6,-7,-9,12,0,1,3,1,12,1,12,1,12,1,12,23,11
4,-10,-6,-6,-8,11,1,0,3,1,12,1,12,1,12,1,12,23,11
4,-10,-5,-8,-8,10,1,3,6,1,12,1,4,1,12,1,12,17,11
4,-10,-5,-8,-6,5,1,1,3,1,12,1,12,1,12,1,12,29,11
4,-10,-5,-6,-7,10,1,1,3,1,12,1,12,1,12,1,12,29,11
4,-10,-4,-9,-6,6,1,3,6,1,4,1,12,1,12,1,4,11,11
4,-10,-4,-8,-6,7,1,2,3,1,12,1,12,1,12,1,12,17,17
4,-9,-8,-7,-8,4,0,1,3,1,12,1,12,1,12,1,12,23,11
4,-9,-8,-7,-4,-5,1,2,3,1,12,1,12,1,12,1,12,23,11
4,-9,-8,-6,-8,6,1,1,3,1,12,1,12,1,12,1,12,23,11
4,-9,-6,-8,-8,6,2,3,6,1,12,1,4,1,12,1,4,11,11
4,-9,-6,-6,-8,9,1,3,6,1,12,1,4,1,12,1,12,17,11
4,-9,-5,-8,-8,8,1,1,3,1,12,1,12,1,12,1,12,47,5
4,-9,-5,-7,-7,7,1,1,3,1,12,1,12,1,12,1,12,41,5
4,-9,-5,-6,-6,6,2,4,7,5,28,5,28,1,28,5,28,16,13
4,-8,-8,-8,-5,-6,1,2,3,1,12,1,12,1,12,1,12,23,11
4,-8,-8,-7,-5,-4,3,2,6,1,4,1,12,1,12,1,12,23,11
4,-8,-8,-7,-4,-6,1,2,3,1,12,1,12,1,12,1,12,23,11
4,-8,-7,-4,-6,5,1,2,3,1,12,1,12,1,12,1,12,23,11
4,-8,-6,-8,5,-22,1,1,3,1,12,1,12,1,12,1,12,35,11
4,-8,-6,-6,-8,7,1,0,3,1,12,1,12,1,12,1,12,23,11
4,-8,-6,-6,-7,5,1,0,3,1,12,1,12,1,12,1,12,17,11
4,-8,-6,-6,8,-25,1,1,3,1,12,1,12,1,12,1,12,23,23
4,-8,-6,-4,-5,4,1,2,3,1,12,1,12,1,12,1,12,23,11
4,-8,-4,-7,-6,5,1,1,3,1,12,1,12,1,12,1,12,17,17
4,-6,-5,-4,-6,4,1,0,3,1,12,1,12,1,12,1,12,17,11
5,-28,-20,-12,-10,8,1,2,3,1,12,1,12,1,12,1,12,35,23
5,-28,-16,-16,-7,-12,1,1,3,1,12,1,12,1,12,1,12,23,23
5,-28,-12,-16,-9,12,0,1,3,1,12,1,12,1,12,1,12,23,23
5,-28,-12,-12,-8,16,0,1,3,1,12,1,12,1,12,1,12,23,23
5,-28,-6,-16,-7,20,1,2,3,1,12,1,12,1,12,1,12,47,17
5,-25,-19,-10,-6,-8,0,1,3,1,12,1,12,1,12,1,12,29,29
5,-25,-17,-10,-8,6,1,1,3,1,12,1,12,1,12,1,12,29,29
5,-25,-13,-15,-6,-9,1,5,7,5,28,5,28,5,28,5,28,13,13
5,-25,-9,-15,-8,13,1,0,3,1,12,1,12,1,12,1,12,29,29
5,-25,-9,-10,-6,12,0,1,3,1,12,1,12,1,12,1,12,29,29
5,-24,-22,-13,-14,10,0,1,3,1,12,1,12,1,12,1,12,29,23
5,-24,-18,-11,-7,-6,2,4,7,5,28,5,28,1,28,5,28,16,41
5,-24,-16,-13,-12,16,1,1,3,1,12,1,12,1,12,1,12,47,17
5,-24,-16,-11,-9,8,0,1,3,1,12,1,12,1,12,1,12,47,17
5,-24,-10,-13,-10,22,1,2,3,1,12,1,12,1,12,1,12,47,11
5,-24,-8,-13,-6,8,0,1,3,1,12,1,12,1,12,1,12,47,17
5,-24,-8,-11,-7,16,1,1,3,1,12,1,12,1,12,1,12,47,17
5,-22,-20,-8,-10,12,0,1,3,1,12,1,12,1,12,1,12,29,23
5,-22,-16,-14,-7,-14,1,4,6,1,12,1,12,1,4,1,12,41,11
5,-22,-12,-14,-9,6,1,0,3,1,12,1,12,1,12,1,12,53,11
5,-22,-12,-8,-8,16,1,2,3,1,12,1,12,1,12,1,12,47,11
5,-22,-10,-14,-5,-6,0,1,3,1,12,1,12,1,12,1,12,59,11
5,-22,-6,-14,-7,14,1,1,3,1,12,1,12,1,12,1,12,41,11
5,-21,-19,-12,-13,9,1,1,3,1,12,1,12,1,12,1,12,29,17
5,-21,-15,-9,-5,-6,1,4,6,1,4,1,4,1,12,1,4,29,5
5,-21,-13,-12,-11,15,0,1,3,1,12,1,12,1,12,1,12,47,11
5,-21,-13,-9,-7,6,1,0,3,1,12,1,12,1,12,1,12,53,11
5,-21,-7,-12,-9,21,2,3,6,1,4,1,4,1,12,1,4,13,5
5,-21,-5,-12,-5,9,0,1,3,1,12,1,12,1,12,1,12,65,5
5,-20,-18,-10,-11,8,1,2,3,1,12,1,12,1,12,1,12,29,23
5,-20,-16,-20,-14,-8,1,2,6,1,12,1,12,1,4,1,12,29,23
5,-20,-14,-20,-12,-8,1,1,3,1,12,1,12,1,12,1,12,29,23
5,-20,-12,-20,-8,-16,1,2,3,1,12,1,12,1,12,1,12,29,23
5,-20,-12,-10,-9,12,1,1,3,1,12,1,12,1,12,1,12,29,23
5,-20,-12,-10,-8,8,1,1,3,1,12,1,12,1,12,1,12,29,23
5,-20,-8,-20,-6,-8,1,2,3,1,12,1,12,1,12,1,12,29,23
5,-20,-6,-10,-7,16,1,1,3,1,12,1,12,1,12,1,12,29,23
5,-19,-17,-18,-14,-8,0,1,3,1,12,1,12,1,12,1,12,29,17
5,-19,-17,-6,-8,10,1,1,3,1,12,1,12,1,12,1,12,29,17
5,-19,-15,-18,-10,-16,0,1,3,1,12,1,12,1,12,1,12,41,17
5,-19,-13,-18,-6,-24,1,7,9,1,12,1,12,7,36,7,36,35,23
5,-19,-13,-13,-6,-11,1,1,3,1,12,1,12,1,12,1,12,23,23
5,-19,-11,-18,-12,6,0,2,5,3,20,3,20,3,20,3,20,19,9
5,-19,-9,-13,-8,7,1,0,3,1,12,1,12,1,12,1,12,47,11
5,-19,-9,-6,-6,12,1,3,5,3,20,3,20,3,20,3,20,23,6
5,-18,-16,-16,-12,-8,0,1,3,1,12,1,12,1,12,1,12,23,23
5,-18,-16,-11,-12,8,1,0,3,1,12,1,12,1,12,1,12,23,23
5,-18,-16,-7,-9,10,1,0,3,1,12,1,12,1,12,1,12,23,23
5,-18,-14,-17,-11,-8,1,0,3,1,12,1,12,1,12,1,12,35,11
5,-18,-14,-16,-8,-16,1,1,3,1,12,1,12,1,12,1,12,47,11
5,-18,-12,-17,-13,6,2,2,5,3,20,3,20,3,20,3,20,19,9
5,-18,-12,-16,-14,12,2,2,5,3,20,3,20,3,20,3,20,19,9
5,-18,-10,-17,-5,-16,1,2,3,1,12,1,12,1,12,1,12,53,11
5,-18,-10,-11,-10,14,1,2,3,1,12,1,12,1,12,1,12,35,11
5,-18,-8,-7,-7,14,0,1,3,1,12,1,12,1,12,1,12,41,11
5,-18,-6,-17,-9,12,2,3,7,1,28,5,28,5,28,5,28,69,27
5,-17,-15,-14,-10,-8,1,1,3,1,12,1,12,1,12,1,12,35,17
5,-17,-15,-9,-10,7,0,1,3,1,12,1,12,1,12,1,12,29,17
5,-17,-13,-16,-14,6,1,2,3,1,12,1,12,1,12,1,12,29,17
5,-17,-13,-14,-6,-16,1,2,3,1,12,1,12,1,12,1,12,35,17
5,-17,-11,-16,-8,-8,2,2,7,1,28,1,28,5,28,5,28,111,13
5,-17,-11,-14,-12,10,1,0,3,1,12,1,12,1,12,1,12,35,11
5,-17,-9,-16,-12,12,1,1,3,1,12,1,12,1,12,1,12,23,23
5,-17,-9,-9,-8,11,0,1,3,1,12,1,12,1,12,1,12,29,17
5,-17,-9,-8,-6,6,1,1,3,1,12,1,12,1,12,1,12,23,17
5,-16,-16,-12,-7,-16,1,2,3,1,12,1,12,1,12,1,12,95,5
5,-16,-14,-14,-16,12,1,2,3,1,12,1,12,1,12,1,12,23,23
5,-16,-14,-12,-8,-8,1,1,3,1,12,1,12,1,12,1,12,23,17
5,-16,-14,-7,-8,6,1,2,3,1,12,1,12,1,12,1,12,23,17
5,-16,-13,-12,-6,-12,2,4,7,5,28,1,28,5,28,1,28,69,27
5,-16,-12,-14,-8,-8,1,1,3,1,12,1,12,1,12,1,12,23,23
5,-16,-12,-12,-14,16,1,0,3,1,12,1,12,1,12,1,12,23,23
5,-16,-10,-12,-10,8,1,1,3,1,12,1,12,1,12,1,12,35,11
5,-16,-10,-12,-5,-8,0,1,3,1,12,1,12,1,12,1,12,41,11
5,-16,-10,-7,-10,18,1,2,3,1,12,1,12,1,12,1,12,35,11
5,-16,-8,-14,-12,16,1,2,3,1,12,1,12,1,12,1,12,47,11
5,-16,-8,-9,-7,8,1,1,3,1,12,1,12,1,12,1,12,47,11
5,-16,-8,-7,-6,8,1,1,3,1,12,1,12,1,12,1,12,47,11
5,-16,-6,-12,-7,8,0,1,3,1,12,1,12,1,12,1,12,41,11
5,-15,-13,-15,-11,-6,0,1,3,1,12,1,12,1,12,1,12,29,17
5,-15,-13,-10,-11,7,1,2,3,1,12,1,12,1,12,1,12,29,17
5,-15,-13,-10,-6,-8,0,1,3,1,12,1,12,1,12,1,12,29,17
5,-15,-13,-5,-7,8,1,2,3,1,12,1,12,1,12,1,12,29,17
5,-15,-11,-15,-9,-6,1,3,6,1,4,1,4,1,12,1,4,17,5
5,-15,-11,-15,-7,-12,1,1,3,1,12,1,12,1,12,1,12,29,17
5,-15,-11,-10,-12,14,0,1,3,1,12,1,12,1,12,1,12,29,17
5,-15,-9,-15,-7,-6,1,3,6,1,4,1,4,1,12,1,4,17,5
5,-15,-9,-10,-8,6,1,3,6,1,12,1,4,1,12,1,4,17,11
5,-15,-9,-5,-6,9,1,3,6,1,12,1,4,1,12,1,4,17,5
5,-15,-7,-10,-9,13,1,1,3,1,12,1,12,1,12,1,12,29,17
5,-14,-12,-13,-9,-6,1,0,3,1,12,1,12,1,12,1,12,29,11
5,-14,-12,-11,-13,10,1,2,3,1,12,1,12,1,12,1,12,23,17
5,-14,-12,-8,-14,20,1,0,3,1,12,1,12,1,12,1,12,23,23
5,-14,-12,-8,-9,6,1,0,3,1,12,1,12,1,12,1,12,23,11
5,-14,-12,-6,-8,8,1,0,3,1,12,1,12,1,12,1,12,23,11
5,-14,-10,-13,-5,-12,1,2,3,1,12,1,12,1,12,1,12,41,11
5,-14,-10,-11,-5,-8,2,2,7,5,28,5,28,5,28,1,28,97,13
5,-14,-10,-8,-10,12,0,1,3,1,12,1,12,1,12,1,12,29,11
5,-14,-9,-8,-8,8,1,1,3,1,12,1,12,1,12,1,12,47,5
5,-14,-9,-6,-6,6,0,2,7,1,28,1,28,1,28,1,28,111,13
5,-14,-8,-13,-11,10,2,3,7,5,28,1,28,5,28,5,28,27,27
5,-14,-8,-6,-7,10,1,0,3,1,12,1,12,1,12,1,12,17,23
5,-14,-7,-6,-8,14,1,1,3,1,12,1,12,1,12,1,12,41,11
5,-14,-6,-12,-8,8,0,1,3,1,12,1,12,1,12,1,12,23,17
5,-14,-6,-11,-9,12,0,1,3,1,12,1,12,1,12,1,12,23,17
5,-14,-6,-8,-7,10,1,1,3,1,12,1,12,1,12,1,12,23,17
5,-13,-13,-11,-6,-13,1,1,3,1,12,1,12,1,12,1,12,77,5
5,-13,-11,-11,-7,-6,1,1,3,1,12,1,12,1,12,1,12,23,17
5,-13,-11,-6,-12,18,0,3,7,5,28,5,28,1,28,1,28,55,27
5,-13,-11,-6,-7,5,1,2,3,1,12,1,12,1,12,1,12,23,17
5,-13,-10,-11,-5,-9,1,2,3,1,12,1,12,1,12,1,12,35,11
5,-13,-10,-6,-10,14,0,1,3,1,12,1,12,1,12,1,12,29,11
5,-13,-9,-12,-6,-6,0,3,7,5,28,5,28,1,28,5,28,41,13
5,-13,-9,-6,-8,10,1,0,3,1,12,1,12,1,12,1,12,29,11
5,-13,-8,-7,-7,7,1,3,8,1,8,1,4,1,4,1,8,27,3
5,-13,-8,-6,-6,6,1,2,5,3,20,3,20,3,20,3,20,23,3
5,-13,-7,-11,-9,8,0,1,3,1,12,1,12,1,12,1,12,23,17
5,-13,-7,-6,-9,15,0,3,7,1,28,1,28,5,28,5,28,55,41
5,-13,-6,-7,-9,15,1,0,3,1,12,1,12,1,12,1,12,23,23
5,-13,-5,-7,-5,6,1,1,3,1,12,1,12,1,12,1,12,41,5
5,-12,-10,-9,-10,6,0,1,3,1,12,1,12,1,12,1,12,29,11
5,-12,-10,-9,-5,-6,1,1,3,1,12,1,12,1,12,1,12,35,11
5,-12,-10,-8,-10,8,1,1,3,1,12,1,12,1,12,1,12,29,11
5,-12,-8,-9,-11,12,1,1,3,1,12,1,12,1,12,1,12,23,17
5,-12,-8,-8,-12,16,1,1,3,1,12,1,12,1,12,1,12,23,23
5,-12,-7,-9,-9,9,0,2,5,3,20,3,20,3,20,3,20,29,3
5,-12,-7,-8,-8,8,1,1,3,1,12,1,12,1,12,1,12,47,5
5,-12,-6,-9,-7,6,0,3,7,1,28,5,28,1,28,5,28,55,13
5,-12,-6,-8,-9,12,0,3,7,1,28,5,28,1,28,5,28,41,27
5,-11,-10,-9,-5,-7,0,1,3,1,12,1,12,1,12,1,12,29,11
5,-11,-9,-9,-11,8,1,1,3,1,12,1,12,1,12,1,12,17,17
5,-11,-9,-7,-8,5,1,2,3,1,12,1,12,1,12,1,12,17,17
5,-11,-7,-7,-9,10,1,1,3,1,12,1,12,1,12,1,12,23,17
5,-11,-6,-9,-9,9,2,5,6,1,4,1,12,1,12,1,4,35,5
5,-11,-6,-7,-7,7,1,2,3,1,12,1,12,1,12,1,12,41,5
5,-10,-9,-10,-6,-6,1,1,3,1,12,1,12,1,12,1,12,29,11
5,-10,-8,-5,-7,6,1,2,3,1,12,1,12,1,12,1,12,29,11
5,-9,-8,-7,-9,5,1,0,3,1,12,1,12,1,12,1,12,23,11
5,-9,-7,-6,-8,6,1,0,3,1,12,1,12,1,12,1,12,23,11
5,-8,-6,-6,8,-20,0,1,3,1,12,1,12,1,12,1,12,23,23
6,-28,-15,-20,-9,-8,1,1,6,1,12,1,12,1,4,1,12,35,29
6,-28,-13,-20,-11,8,1,1,3,1,12,1,12,1,12,1,12,35,29
6,-25,-24,-17,-18,7,0,2,5,3,20,3,20,3,20,3,20,19,13
6,-25,-16,-17,-14,13,1,2,3,1,12,1,12,1,12,1,12,35,17
6,-25,-16,-8,-8,12,0,1,3,1,12,1,12,1,12,1,12,29,17
6,-25,-12,-17,-6,-9,1,3,7,1,28,5,28,5,28,5,28,83,13
6,-25,-10,-8,-8,20,1,1,3,1,12,1,12,1,12,1,12,29,29
6,-25,-8,-17,-10,19,1,2,3,1,12,1,12,1,12,1,12,29,23
6,-24,-19,-18,-11,-13,2,4,7,5,28,5,28,5,28,5,28,16,11
6,-24,-8,-12,-9,20,1,3,7,5,28,5,28,1,28,5,28,27,13
6,-22,-21,-14,-15,6,2,3,5,3,20,3,20,3,20,3,20,13,13
6,-22,-18,-21,-15,-8,1,0,5,3,20,3,20,3,20,3,20,16,9
6,-22,-14,-21,-9,-16,1,0,3,1,12,1,12,1,12,1,12,35,23
6,-22,-13,-14,-11,10,1,1,3,1,12,1,12,1,12,1,12,35,17
6,-22,-13,-8,-8,12,0,1,3,1,12,1,12,1,12,1,12,29,17
6,-22,-10,-12,-9,13,1,0,3,1,12,1,12,1,12,1,12,23,23
6,-22,-10,-10,-7,9,1,0,3,1,12,1,12,1,12,1,12,23,23
6,-22,-7,-8,-8,20,0,1,3,1,12,1,12,1,12,1,12,23,29
6,-22,-6,-21,-9,12,1,1,6,1,4,1,12,1,4,1,4,23,11
6,-21,-21,-15,-13,-7,2,3,6,1,12,1,4,1,4,1,4,23,5
6,-21,-20,-15,-16,6,1,0,5,3,20,3,20,3,20,3,20,13,9
6,-21,-16,-15,-8,-12,1,3,6,1,12,1,12,1,12,1,4,41,11
6,-21,-15,-20,-12,-8,0,1,6,1,12,1,4,1,4,1,4,23,9
6,-21,-15,-15,-7,-13,0,1,6,1,12,1,4,1,4,1,4,23,7
6,-21,-15,-13,-13,13,1,1,3,1,12,1,12,1,12,1,12,77,5
6,-21,-15,-8,-8,8,1,1,3,1,12,1,12,1,12,1,12,71,5
6,-21,-9,-20,-12,12,2,1,6,1,12,1,4,1,4,1,4,9,23
6,-21,-9,-13,-11,19,0,1,3,1,12,1,12,1,12,1,12,29,23
6,-21,-9,-8,-8,16,0,1,3,1,12,1,12,1,12,1,12,47,11
6,-20,-20,-12,-9,-10,0,1,3,1,12,1,12,1,12,1,12,59,11
6,-20,-20,-11,-8,-10,1,1,3,1,12,1,12,1,12,1,12,59,11
6,-20,-16,-9,-12,16,1,0,3,1,12,1,12,1,12,1,12,29,23
6,-20,-15,-16,-9,-10,1,4,6,1,12,1,12,1,4,1,12,29,23
6,-20,-12,-12,-9,6,1,3,6,1,4,1,12,1,4,1,12,23,23
6,-20,-12,-9,-12,22,1,5,7,5,28,5,28,1,28,5,28,83,5
6,-20,-12,-8,-9,14,0,1,6,1,12,1,12,1,4,1,12,23,23
6,-20,-11,-12,-9,8,0,1,3,1,12,1,12,1,12,1,12,23,17
6,-20,-11,-8,-8,12,0,1,3,1,12,1,12,1,12,1,12,23,17
6,-20,-8,-12,-9,14,0,1,3,1,12,1,12,1,12,1,12,23,23
6,-20,-8,-11,-8,12,1,0,3,1,12,1,12,1,12,1,12,29,23
6,-20,-8,-9,-12,28,1,0,3,1,12,1,12,1,12,1,12,35,23
6,-20,-8,-9,-6,8,1,0,3,1,12,1,12,1,12,1,12,29,23
6,-20,-7,-12,-9,16,1,0,3,1,12,1,12,1,12,1,12,53,11
6,-19,-16,-14,-8,-12,0,1,3,1,12,1,12,1,12,1,12,41,11
6,-19,-16,-11,-14,15,1,0,3,1,12,1,12,1,12,1,12,47,11
6,-19,-12,-14,-12,10,1,3,5,3,20,3,20,3,20,3,20,23,6
6,-19,-10,-11,-8,7,1,2,3,1,12,1,12,1,12,1,12,29,17
6,-19,-10,-8,-8,12,0,1,3,1,12,1,12,1,12,1,12,29,17
6,-19,-8,-11,-10,17,0,1,3,1,12,1,12,1,12,1,12,29,23
6,-18,-17,-12,-9,-7,1,3,7,1,28,5,28,1,28,5,28,69,27
6,-18,-14,-15,-15,10,2,3,6,1,4,1,12,1,4,1,4,23,11
6,-18,-14,-15,-9,-8,0,1,5,3,20,3,20,3,20,3,20,9,13
6,-18,-14,-9,-12,15,3,2,6,1,4,1,4,1,12,1,4,11,11
6,-18,-11,-12,-10,8,1,5,7,1,28,1,28,1,28,1,28,83,41
6,-18,-11,-6,-7,10,0,3,7,1,28,5,28,1,28,5,28,55,13
6,-18,-10,-12,-9,7,0,3,7,1,28,5,28,1,28,5,28,41,27
6,-18,-10,-9,-12,21,3,2,6,1,4,1,4,1,12,1,4,11,11
6,-17,-14,-9,-12,13,1,0,3,1,12,1,12,1,12,1,12,41,11
6,-17,-12,-13,-6,-9,2,3,5,3,20,3,20,3,20,3,20,26,6
6,-17,-12,-10,-12,14,0,2,7,5,28,5,28,1,28,1,28,83,13
6,-17,-10,-10,-8,6,0,1,3,1,12,1,12,1,12,1,12,23,23
6,-17,-10,-9,-12,19,0,1,3,1,12,1,12,1,12,1,12,29,23
6,-17,-10,-7,-8,11,1,0,3,1,12,1,12,1,12,1,12,23,23
6,-17,-8,-13,-10,11,0,1,3,1,12,1,12,1,12,1,12,29,17
6,-17,-8,-8,-8,12,1,1,3,1,12,1,12,1,12,1,12,23,17
6,-17,-8,-7,-10,19,1,2,3,1,12,1,12,1,12,1,12,29,17
6,-16,-16,-12,-9,-8,0,1,3,1,12,1,12,1,12,1,12,47,11
6,-16,-16,-10,-7,-8,0,1,3,1,12,1,12,1,12,1,12,47,11
6,-16,-16,-9,-6,-8,1,1,3,1,12,1,12,1,12,1,12,47,11
6,-16,-15,-12,-9,-6,0,1,5,3,20,3,20,3,20,3,20,9,13
6,-16,-13,-14,-8,-9,1,0,3,1,12,1,12,1,12,1,12,35,11
6,-16,-13,-8,-11,12,0,1,3,1,12,1,12,1,12,1,12,41,11
6,-16,-12,-15,-15,10,1,3,6,1,4,1,12,1,4,1,4,23,11
6,-16,-12,-9,-12,14,0,3,7,1,28,1,28,5,28,5,28,55,27
6,-16,-12,-6,-9,12,1,3,6,1,4,1,12,1,4,1,12,23,23
6,-16,-11,-14,-7,-7,0,1,3,1,12,1,12,1,12,1,12,41,11
6,-16,-11,-8,-10,12,0,1,3,1,12,1,12,1,12,1,12,41,11
6,-16,-9,-8,-9,12,0,1,6,1,12,1,12,1,4,1,12,23,17
6,-16,-8,-12,-9,8,0,1,3,1,12,1,12,1,12,1,12,47,11
6,-16,-8,-9,-12,20,1,0,3,1,12,1,12,1,12,1,12,29,23
6,-16,-8,-7,-8,12,1,0,3,1,12,1,12,1,12,1,12,23,23
6,-16,-7,-12,-9,10,0,1,3,1,12,1,12,1,12,1,12,23,17
6,-16,-7,-8,-8,12,0,1,3,1,12,1,12,1,12,1,12,23,17
6,-16,-6,-12,-9,12,1,3,6,1,4,1,12,1,4,1,12,23,11
6,-15,-15,-13,-7,-15,2,1,6,1,4,1,4,1,12,1,12,35,5
6,-15,-14,-9,-6,-6,1,1,6,1,4,1,4,1,12,1,4,11,11
6,-15,-10,-6,-8,10,1,3,6,1,12,1,4,1,12,1,4,11,11
6,-15,-9,-14,-14,14,0,1,3,1,12,1,12,1,12,1,12,83,5
6,-15,-9,-11,-11,11,0,1,3,1,12,1,12,1,12,1,12,65,5
6,-15,-9,-8,-8,8,0,1,3,1,12,1,12,1,12,1,12,47,5
6,-15,-9,-7,-11,17,1,1,3,1,12,1,12,1,12,1,12,17,23
6,-15,-9,-7,-7,7,0,1,3,1,12,1,12,1,12,1,12,47,5
6,-15,-8,-12,-10,9,1,2,6,1,4,1,4,1,12,1,4,11,11
6,-15,-8,-9,-12,18,1,2,6,1,4,1,4,1,12,1,4,11,11
6,-15,-8,-9,-10,13,1,2,6,1,12,1,4,1,12,1,4,17,11
6,-15,-7,-9,-11,17,0,3,7,5,28,1,28,1,28,1,28,55,41
6,-14,-14,-12,-9,-7,0,1,3,1,12,1,12,1,12,1,12,41,11
6,-14,-14,-9,-6,-7,1,1,3,1,12,1,12,1,12,1,12,41,11
6,-14,-12,-9,-12,10,2,3,5,3,20,3,20,3,20,3,20,19,6
6,-14,-11,-6,-9,10,1,0,3,1,12,1,12,1,12,1,12,35,11
6,-14,-10,-9,-12,13,0,1,3,1,12,1,12,1,12,1,12,29,17
6,-14,-10,-9,-9,6,1,1,6,1,4,1,12,1,12,1,12,23,17
6,-14,-8,-9,-12,16,1,0,3,1,12,1,12,1,12,1,12,35,11
6,-14,-7,-10,-8,7,1,2,3,1,12,1,12,1,12,1,12,41,11
6,-14,-6,-12,-9,9,3,1,6,1,4,1,4,1,4,1,12,23,11
6,-13,-12,-11,-6,-9,0,2,7,5,28,1,28,1,28,1,28,83,27
6,-13,-10,-9,-12,11,1,0,3,1,12,1,12,1,12,1,12,35,11
6,-13,-8,-11,-10,7,1,2,3,1,12,1,12,1,12,1,12,23,17
6,-13,-8,-8,-10,11,0,1,3,1,12,1,12,1,12,1,12,23,17
6,-13,-7,-11,-11,11,1,2,3,1,12,1,12,1,12,1,12,65,5
6,-13,-7,-8,-8,8,1,2,3,1,12,1,12,1,12,1,12,47,5
6,-12,-11,-12,-7,-8,0,3,7,5,28,1,28,1,28,5,28,55,27
6,-12,-10,-9,-12,9,1,2,6,1,4,1,4,1,12,1,4,11,11
6,-12,-10,-6,-9,8,1,2,7,1,28,1,28,1,28,1,28,83,27
6,-12,-9,-10,-11,7,1,0,3,1,12,1,12,1,12,1,12,29,11
6,-12,-9,-8,-12,12,1,4,6,1,12,1,4,1,4,1,12,23,11
6,-12,-9,-8,-11,10,0,1,3,1,12,1,12,1,12,1,12,29,11
6,-12,-9,-8,-10,8,0,1,3,1,12,1,12,1,12,1,12,29,11
6,-12,-9,-8,-9,6,2,3,6,1,4,1,4,1,4,1,12,11,11
6,-12,-9,-8,8,-28,1,0,3,1,12,1,12,1,12,1,12,41,23
6,-12,-9,-6,-8,7,0,2,5,3,20,3,20,3,20,3,20,19,6
6,-11,-8,-7,-10,9,0,1,3,1,12,1,12,1,12,1,12,29,11
6,-10,-9,-6,-9,6,3,1,6,1,4,1,4,1,4,1,12,11,11
6,-10,-8,-6,-9,7,0,1,3,1,12,1,12,1,12,1,12,23,11
6,-9,-6,-6,-8,6,1,3,6,1,12,1,4,1,12,1,4,11,11
7,-25,-19,-24,-16,-8,1,1,3,1,12,1,12,1,12,1,12,47,17
7,-25,-13,-24,-8,-16,1,1,3,1,12,1,12,1,12,1,12,47,17
7,-25,-9,-24,-12,12,1,4,9,1,12,1,12,1,12,7,36,71,5
7,-22,-16,-20,-12,-8,1,0,3,1,12,1,12,1,12,1,12,29,23
7,-20,-14,-16,-7,-12,1,1,3,1,12,1,12,1,12,1,12,53,11
7,-20,-12,-12,-10,8,1,0,3,1,12,1,12,1,12,1,12,29,23
7,-20,-12,-8,-9,12,1,0,3,1,12,1,12,1,12,1,12,29,23
7,-20,-10,-8,-11,20,1,4,6,1,12,1,12,1,4,1,12,59,11
7,-20,-8,-8,-13,28,0,1,6,1,12,1,12,1,4,1,12,23,23
7,-19,-17,-16,-18,10,1,2,3,1,12,1,12,1,12,1,12,35,17
7,-19,-13,-16,-8,-8,1,3,7,5,28,1,28,1,28,5,28,111,13
7,-19,-11,-9,-10,13,1,1,3,1,12,1,12,1,12,1,12,29,17
7,-19,-9,-16,-12,12,1,0,3,1,12,1,12,1,12,1,12,23,23
7,-19,-9,-9,-12,21,0,1,6,1,4,1,4,1,4,1,12,23,7
7,-18,-14,-13,-14,10,0,1,3,1,12,1,12,1,12,1,12,41,11
7,-18,-12,-8,-10,12,2,3,7,5,28,5,28,1,28,5,28,41,27
7,-18,-10,-10,-11,14,1,1,3,1,12,1,12,1,12,1,12,23,23
7,-18,-8,-17,-13,14,1,1,3,1,12,1,12,1,12,1,12,29,23
7,-18,-8,-13,-12,16,0,1,3,1,12,1,12,1,12,1,12,29,23
7,-18,-8,-10,-13,22,1,0,3,1,12,1,12,1,12,1,12,35,23
7,-17,-11,-11,-10,7,0,3,7,5,28,5,28,1,28,1,28,55,13
7,-17,-9,-11,-12,15,0,1,3,1,12,1,12,1,12,1,12,29,17
7,-16,-14,-12,-14,8,1,1,3,1,12,1,12,1,12,1,12,41,11
7,-16,-14,-12,-7,-8,0,1,3,1,12,1,12,1,12,1,12,41,11
7,-16,-12,-10,-11,8,1,1,3,1,12,1,12,1,12,1,12,23,23
7,-16,-10,-12,-11,8,1,2,3,1,12,1,12,1,12,1,12,23,17
7,-16,-9,-12,-12,12,0,2,7,5,28,1,28,1,28,1,28,111,13
7,-16,-8,-12,-13,16,0,1,3,1,12,1,12,1,12,1,12,47,11
7,-16,-8,-11,-9,8,0,1,3,1,12,1,12,1,12,1,12,47,11
7,-15,-13,-13,-15,8,1,0,3,1,12,1,12,1,12,1,12,23,23
7,-15,-13,-13,-8,-7,1,2,3,1,12,1,12,1,12,1,12,23,23
7,-15,-11,-12,-13,9,1,0,3,1,12,1,12,1,12,1,12,35,11
7,-15,-9,-13,-12,9,1,2,6,1,12,1,4,1,12,1,4,17,11
7,-15,-8,-13,-13,13,1,1,3,1,12,1,12,1,12,1,12,77,5
7,-14,-13,-14,-8,-10,2,4,5,3,20,3,20,3,20,3,20,23,6
7,-14,-10,-7,-9,8,1,1,3,1,12,1,12,1,12,1,12,41,11
7,-13,-9,-9,-10,7,1,1,3,1,12,1,12,1,12,1,12,17,17
7,-13,-9,-8,-12,12,1,1,3,1,12,1,12,1,12,1,12,23,17
7,-12,-11,-8,-12,8,1,1,3,1,12,1,12,1,12,1,12,23,17
7,-12,-8,-8,-10,8,1,1,3,1,12,1,12,1,12,1,12,23,17
8,-28,-20,-15,-13,8,0,1,3,1,12,1,12,1,12,1,12,23,23
8,-28,-12,-15,-11,16,0,1,3,1,12,1,12,1,12,1,12,29,23
8,-28,-12,-13,-9,12,0,1,3,1,12,1,12,1,12,1,12,29,23
8,-28,-9,-20,-11,16,1,2,3,1,12,1,12,1,12,1,12,35,23
8,-25,-16,-19,-8,-13,3,4,7,5,28,5,28,5,28,5,28,33,5
8,-25,-12,-19,-12,9,0,1,3,1,12,1,12,1,12,1,12,41,17
8,-24,-19,-16,-17,13,1,1,3,1,12,1,12,1,12,1,12,47,17
8,-24,-13,-16,-15,19,0,1,3,1,12,1,12,1,12,1,12,47,17
8,-22,-16,-17,-16,10,2,4,5,3,20,3,20,3,20,3,20,29,6
8,-22,-16,-17,-8,-12,0,1,3,1,12,1,12,1,12,1,12,59,11
8,-22,-12,-16,-12,9,1,1,3,1,12,1,12,1,12,1,12,35,17
8,-22,-9,-18,-11,10,0,1,3,1,12,1,12,1,12,1,12,29,23
8,-22,-8,-17,-12,16,1,2,3,1,12,1,12,1,12,1,12,35,17
8,-21,-16,-15,-16,12,0,1,3,1,12,1,12,1,12,1,12,47,11
8,-21,-10,-15,-14,18,0,1,3,1,12,1,12,1,12,1,12,29,23
8,-20,-20,-13,-9,-10,1,2,3,1,12,1,12,1,12,1,12,59,11
8,-20,-18,-12,-16,13,1,0,3,1,12,1,12,1,12,1,12,29,23
8,-20,-15,-12,-13,10,1,1,3,1,12,1,12,1,12,1,12,29,23
8,-20,-14,-18,-9,-9,1,3,6,1,4,1,12,1,12,1,12,53,11
8,-20,-14,-14,-13,8,0,1,6,1,12,1,12,1,4,1,12,23,23
8,-20,-14,-12,-16,19,1,1,3,1,12,1,12,1,12,1,12,23,29
8,-20,-13,-12,-11,8,1,1,3,1,12,1,12,1,12,1,12,29,23
8,-20,-12,-14,-12,9,0,1,3,1,12,1,12,1,12,1,12,23,17
8,-20,-12,-9,-11,14,0,1,3,1,12,1,12,1,12,1,12,23,17
8,-20,-11,-12,-13,16,1,2,3,1,12,1,12,1,12,1,12,29,23
8,-20,-10,-12,-16,25,1,2,3,1,12,1,12,1,12,1,12,29,29
8,-20,-9,-16,-12,12,0,1,3,1,12,1,12,1,12,1,12,23,23
8,-20,-9,-12,-15,24,0,1,6,1,4,1,4,1,4,1,12,23,9
8,-20,-9,-12,-11,14,0,1,3,1,12,1,12,1,12,1,12,23,23
8,-19,-16,-17,-8,-15,1,2,3,1,12,1,12,1,12,1,12,53,11
8,-19,-12,-13,-12,9,0,1,3,1,12,1,12,1,12,1,12,29,17
8,-19,-10,-13,-14,17,3,1,7,5,28,5,28,5,28,5,28,16,8
8,-18,-16,-11,-16,14,1,2,3,1,12,1,12,1,12,1,12,47,11
8,-18,-13,-14,-15,11,1,0,3,1,12,1,12,1,12,1,12,41,11
8,-18,-12,-15,-14,9,3,1,6,1,4,1,4,1,12,1,4,23,11
8,-18,-11,-14,-13,10,1,1,3,1,12,1,12,1,12,1,12,23,23
8,-18,-9,-14,-15,18,2,1,6,1,4,1,4,1,4,1,12,17,11
8,-18,-8,-16,-12,11,0,1,3,1,12,1,12,1,12,1,12,29,17
8,-17,-16,-15,-8,-13,0,1,3,1,12,1,12,1,12,1,12,47,11
8,-17,-16,-12,-16,10,1,2,3,1,12,1,12,1,12,1,12,47,11
8,-17,-12,-12,-16,16,1,1,3,1,12,1,12,1,12,1,12,23,23
8,-17,-12,-11,-12,9,1,1,3,1,12,1,12,1,12,1,12,23,17
8,-17,-10,-15,-14,11,0,1,3,1,12,1,12,1,12,1,12,29,17
8,-16,-15,-16,-9,-12,0,1,3,1,12,1,12,1,12,1,12,47,11
8,-16,-14,-12,-16,11,0,1,3,1,12,1,12,1,12,1,12,23,23
8,-16,-14,-8,-13,12,1,2,3,1,12,1,12,1,12,1,12,47,11
8,-16,-12,-14,-15,9,1,0,3,1,12,1,12,1,12,1,12,35,11
8,-16,-12,-12,-13,8,1,1,3,1,12,1,12,1,12,1,12,23,23
8,-16,-12,-10,-16,17,1,2,3,1,12,1,12,1,12,1,12,23,23
8,-16,-12,-10,-15,15,0,1,3,1,12,1,12,1,12,1,12,29,17
8,-16,-12,-10,-14,13,1,0,3,1,12,1,12,1,12,1,12,41,11
8,-16,-12,-10,-12,9,0,1,3,1,12,1,12,1,12,1,12,23,17
8,-16,-12,-8,-11,10,1,2,3,1,12,1,12,1,12,1,12,47,11
8,-15,-10,-13,-14,10,1,1,3,1,12,1,12,1,12,1,12,29,17
8,-14,-13,-8,-12,8,1,2,3,1,12,1,12,1,12,1,12,23,17
8,-14,-12,-9,-14,11,0,1,3,1,12,1,12,1,12,1,12,23,17
8,-14,-12,-8,-12,9,0,1,3,1,12,1,12,1,12,1,12,23,17
8,-14,-10,-9,-11,8,1,2,3,1,12,1,12,1,12,1,12,23,17
9,-28,-16,-16,-13,12,0,1,3,1,12,1,12,1,12,1,12,23,23
9,-25,-13,-13,-10,9,1,1,3,1,12,1,12,1,12,1,12,23,23
9,-25,-13,-12,-12,16,1,1,3,1,12,1,12,1,12,1,12,23,23
9,-24,-22,-15,-10,-10,1,4,6,1,12,1,12,1,12,1,4,35,11
9,-24,-9,-20,-12,12,2,3,6,1,12,1,4,1,4,1,4,9,23
9,-22,-16,-10,-13,14,1,1,3,1,12,1,12,1,12,1,12,35,17
9,-22,-10,-12,-12,16,0,1,3,1,12,1,12,1,12,1,12,23,23
9,-21,-18,-16,-18,10,1,2,5,3,20,3,20,3,20,3,20,29,6
9,-21,-12,-16,-16,16,0,1,3,1,12,1,12,1,12,1,12,95,5
9,-18,-15,-15,-17,9,1,2,6,1,4,1,4,1,12,1,4,7,23
9,-16,-10,-10,-13,12,0,1,3,1,12,1,12,1,12,1,12,23,17
10,-18,-11,-16,-17,13,0,1,3,1,12,1,12,1,12,1,12,29,23
10,-18,-10,-16,-15,11,0,1,3,1,12,1,12,1,12,1,12,29,17
